equipment_id,business_id,business_name,theme,category,equipment_name,equipment_type,typical_quantity,essential,description
E00001,B0001,CRM SaaS,Technology / Startup,SaaS,Business laptops,Essential Equipment,1,Yes,Typical equipment used by a crm saas business.
E00002,B0001,CRM SaaS,Technology / Startup,SaaS,Developer workstation,Essential Equipment,1,Yes,Typical equipment used by a crm saas business.
E00003,B0001,CRM SaaS,Technology / Startup,SaaS,Network switch,Essential Equipment,1,Yes,Typical equipment used by a crm saas business.
E00004,B0001,CRM SaaS,Technology / Startup,SaaS,Wi-Fi router,Essential Equipment,1,Yes,Typical equipment used by a crm saas business.
E00005,B0001,CRM SaaS,Technology / Startup,SaaS,UPS,Essential Equipment,1,Yes,Typical equipment used by a crm saas business.
E00006,B0001,CRM SaaS,Technology / Startup,SaaS,Server/NAS,Optional Equipment,1,No,Typical equipment used by a crm saas business.
E00007,B0001,CRM SaaS,Technology / Startup,SaaS,External backup drive,Optional Equipment,2,No,Typical equipment used by a crm saas business.
E00008,B0002,HR SaaS,Technology / Startup,SaaS,Business laptops,Essential Equipment,1,Yes,Typical equipment used by a hr saas business.
E00009,B0002,HR SaaS,Technology / Startup,SaaS,Developer workstation,Essential Equipment,1,Yes,Typical equipment used by a hr saas business.
E00010,B0002,HR SaaS,Technology / Startup,SaaS,Network switch,Essential Equipment,1,Yes,Typical equipment used by a hr saas business.
E00011,B0002,HR SaaS,Technology / Startup,SaaS,Wi-Fi router,Essential Equipment,1,Yes,Typical equipment used by a hr saas business.
E00012,B0002,HR SaaS,Technology / Startup,SaaS,UPS,Essential Equipment,1,Yes,Typical equipment used by a hr saas business.
E00013,B0002,HR SaaS,Technology / Startup,SaaS,Server/NAS,Optional Equipment,1,No,Typical equipment used by a hr saas business.
E00014,B0002,HR SaaS,Technology / Startup,SaaS,External backup drive,Optional Equipment,2,No,Typical equipment used by a hr saas business.
E00015,B0002,HR SaaS,Technology / Startup,SaaS,Conference camera,Optional Equipment,1,No,Typical equipment used by a hr saas business.
E00016,B0003,Accounting SaaS,Technology / Startup,SaaS,Business laptops,Essential Equipment,1,Yes,Typical equipment used by a accounting saas business.
E00017,B0003,Accounting SaaS,Technology / Startup,SaaS,Developer workstation,Essential Equipment,1,Yes,Typical equipment used by a accounting saas business.
E00018,B0003,Accounting SaaS,Technology / Startup,SaaS,Network switch,Essential Equipment,1,Yes,Typical equipment used by a accounting saas business.
E00019,B0003,Accounting SaaS,Technology / Startup,SaaS,Wi-Fi router,Essential Equipment,1,Yes,Typical equipment used by a accounting saas business.
E00020,B0003,Accounting SaaS,Technology / Startup,SaaS,UPS,Essential Equipment,1,Yes,Typical equipment used by a accounting saas business.
E00021,B0003,Accounting SaaS,Technology / Startup,SaaS,Server/NAS,Optional Equipment,1,No,Typical equipment used by a accounting saas business.
E00022,B0004,Project Management SaaS,Technology / Startup,SaaS,Business laptops,Essential Equipment,1,Yes,Typical equipment used by a project management saas business.
E00023,B0004,Project Management SaaS,Technology / Startup,SaaS,Developer workstation,Essential Equipment,1,Yes,Typical equipment used by a project management saas business.
E00024,B0004,Project Management SaaS,Technology / Startup,SaaS,Network switch,Essential Equipment,1,Yes,Typical equipment used by a project management saas business.
E00025,B0004,Project Management SaaS,Technology / Startup,SaaS,Wi-Fi router,Essential Equipment,1,Yes,Typical equipment used by a project management saas business.
E00026,B0004,Project Management SaaS,Technology / Startup,SaaS,UPS,Essential Equipment,1,Yes,Typical equipment used by a project management saas business.
E00027,B0004,Project Management SaaS,Technology / Startup,SaaS,Server/NAS,Optional Equipment,1,No,Typical equipment used by a project management saas business.
E00028,B0004,Project Management SaaS,Technology / Startup,SaaS,External backup drive,Optional Equipment,2,No,Typical equipment used by a project management saas business.
E00029,B0005,Retail SaaS,Technology / Startup,SaaS,Business laptops,Essential Equipment,1,Yes,Typical equipment used by a retail saas business.
E00030,B0005,Retail SaaS,Technology / Startup,SaaS,Developer workstation,Essential Equipment,1,Yes,Typical equipment used by a retail saas business.
E00031,B0005,Retail SaaS,Technology / Startup,SaaS,Network switch,Essential Equipment,1,Yes,Typical equipment used by a retail saas business.
E00032,B0005,Retail SaaS,Technology / Startup,SaaS,Wi-Fi router,Essential Equipment,1,Yes,Typical equipment used by a retail saas business.
E00033,B0005,Retail SaaS,Technology / Startup,SaaS,UPS,Essential Equipment,1,Yes,Typical equipment used by a retail saas business.
E00034,B0005,Retail SaaS,Technology / Startup,SaaS,Server/NAS,Optional Equipment,1,No,Typical equipment used by a retail saas business.
E00035,B0005,Retail SaaS,Technology / Startup,SaaS,External backup drive,Optional Equipment,2,No,Typical equipment used by a retail saas business.
E00036,B0005,Retail SaaS,Technology / Startup,SaaS,Conference camera,Optional Equipment,1,No,Typical equipment used by a retail saas business.
E00037,B0006,AI Startup,Technology / Startup,Artificial Intelligence,Business laptops,Essential Equipment,1,Yes,Typical equipment used by a ai startup business.
E00038,B0006,AI Startup,Technology / Startup,Artificial Intelligence,Developer workstation,Essential Equipment,1,Yes,Typical equipment used by a ai startup business.
E00039,B0006,AI Startup,Technology / Startup,Artificial Intelligence,Network switch,Essential Equipment,1,Yes,Typical equipment used by a ai startup business.
E00040,B0006,AI Startup,Technology / Startup,Artificial Intelligence,Wi-Fi router,Essential Equipment,1,Yes,Typical equipment used by a ai startup business.
E00041,B0006,AI Startup,Technology / Startup,Artificial Intelligence,UPS,Essential Equipment,1,Yes,Typical equipment used by a ai startup business.
E00042,B0006,AI Startup,Technology / Startup,Artificial Intelligence,Server/NAS,Optional Equipment,1,No,Typical equipment used by a ai startup business.
E00043,B0007,Computer Vision Company,Technology / Startup,Artificial Intelligence,Business laptops,Essential Equipment,1,Yes,Typical equipment used by a computer vision company business.
E00044,B0007,Computer Vision Company,Technology / Startup,Artificial Intelligence,Developer workstation,Essential Equipment,1,Yes,Typical equipment used by a computer vision company business.
E00045,B0007,Computer Vision Company,Technology / Startup,Artificial Intelligence,Network switch,Essential Equipment,1,Yes,Typical equipment used by a computer vision company business.
E00046,B0007,Computer Vision Company,Technology / Startup,Artificial Intelligence,Wi-Fi router,Essential Equipment,1,Yes,Typical equipment used by a computer vision company business.
E00047,B0007,Computer Vision Company,Technology / Startup,Artificial Intelligence,UPS,Essential Equipment,1,Yes,Typical equipment used by a computer vision company business.
E00048,B0007,Computer Vision Company,Technology / Startup,Artificial Intelligence,Server/NAS,Optional Equipment,1,No,Typical equipment used by a computer vision company business.
E00049,B0007,Computer Vision Company,Technology / Startup,Artificial Intelligence,External backup drive,Optional Equipment,2,No,Typical equipment used by a computer vision company business.
E00050,B0008,NLP Startup,Technology / Startup,Artificial Intelligence,Business laptops,Essential Equipment,1,Yes,Typical equipment used by a nlp startup business.
E00051,B0008,NLP Startup,Technology / Startup,Artificial Intelligence,Developer workstation,Essential Equipment,1,Yes,Typical equipment used by a nlp startup business.
E00052,B0008,NLP Startup,Technology / Startup,Artificial Intelligence,Network switch,Essential Equipment,1,Yes,Typical equipment used by a nlp startup business.
E00053,B0008,NLP Startup,Technology / Startup,Artificial Intelligence,Wi-Fi router,Essential Equipment,1,Yes,Typical equipment used by a nlp startup business.
E00054,B0008,NLP Startup,Technology / Startup,Artificial Intelligence,UPS,Essential Equipment,1,Yes,Typical equipment used by a nlp startup business.
E00055,B0008,NLP Startup,Technology / Startup,Artificial Intelligence,Server/NAS,Optional Equipment,1,No,Typical equipment used by a nlp startup business.
E00056,B0008,NLP Startup,Technology / Startup,Artificial Intelligence,External backup drive,Optional Equipment,2,No,Typical equipment used by a nlp startup business.
E00057,B0008,NLP Startup,Technology / Startup,Artificial Intelligence,Conference camera,Optional Equipment,1,No,Typical equipment used by a nlp startup business.
E00058,B0009,Generative AI Startup,Technology / Startup,Artificial Intelligence,Business laptops,Essential Equipment,1,Yes,Typical equipment used by a generative ai startup business.
E00059,B0009,Generative AI Startup,Technology / Startup,Artificial Intelligence,Developer workstation,Essential Equipment,1,Yes,Typical equipment used by a generative ai startup business.
E00060,B0009,Generative AI Startup,Technology / Startup,Artificial Intelligence,Network switch,Essential Equipment,1,Yes,Typical equipment used by a generative ai startup business.
E00061,B0009,Generative AI Startup,Technology / Startup,Artificial Intelligence,Wi-Fi router,Essential Equipment,1,Yes,Typical equipment used by a generative ai startup business.
E00062,B0009,Generative AI Startup,Technology / Startup,Artificial Intelligence,UPS,Essential Equipment,1,Yes,Typical equipment used by a generative ai startup business.
E00063,B0009,Generative AI Startup,Technology / Startup,Artificial Intelligence,Server/NAS,Optional Equipment,1,No,Typical equipment used by a generative ai startup business.
E00064,B0010,AI Automation Company,Technology / Startup,Artificial Intelligence,Business laptops,Essential Equipment,1,Yes,Typical equipment used by a ai automation company business.
E00065,B0010,AI Automation Company,Technology / Startup,Artificial Intelligence,Developer workstation,Essential Equipment,1,Yes,Typical equipment used by a ai automation company business.
E00066,B0010,AI Automation Company,Technology / Startup,Artificial Intelligence,Network switch,Essential Equipment,1,Yes,Typical equipment used by a ai automation company business.
E00067,B0010,AI Automation Company,Technology / Startup,Artificial Intelligence,Wi-Fi router,Essential Equipment,1,Yes,Typical equipment used by a ai automation company business.
E00068,B0010,AI Automation Company,Technology / Startup,Artificial Intelligence,UPS,Essential Equipment,1,Yes,Typical equipment used by a ai automation company business.
E00069,B0010,AI Automation Company,Technology / Startup,Artificial Intelligence,Server/NAS,Optional Equipment,1,No,Typical equipment used by a ai automation company business.
E00070,B0010,AI Automation Company,Technology / Startup,Artificial Intelligence,External backup drive,Optional Equipment,2,No,Typical equipment used by a ai automation company business.
E00071,B0011,Web Development Agency,Technology / Startup,Web Development,Business laptops,Essential Equipment,1,Yes,Typical equipment used by a web development agency business.
E00072,B0011,Web Development Agency,Technology / Startup,Web Development,Developer workstation,Essential Equipment,1,Yes,Typical equipment used by a web development agency business.
E00073,B0011,Web Development Agency,Technology / Startup,Web Development,Network switch,Essential Equipment,1,Yes,Typical equipment used by a web development agency business.
E00074,B0011,Web Development Agency,Technology / Startup,Web Development,Wi-Fi router,Essential Equipment,1,Yes,Typical equipment used by a web development agency business.
E00075,B0011,Web Development Agency,Technology / Startup,Web Development,UPS,Essential Equipment,1,Yes,Typical equipment used by a web development agency business.
E00076,B0011,Web Development Agency,Technology / Startup,Web Development,Server/NAS,Optional Equipment,1,No,Typical equipment used by a web development agency business.
E00077,B0011,Web Development Agency,Technology / Startup,Web Development,External backup drive,Optional Equipment,2,No,Typical equipment used by a web development agency business.
E00078,B0011,Web Development Agency,Technology / Startup,Web Development,Conference camera,Optional Equipment,1,No,Typical equipment used by a web development agency business.
E00079,B0012,Full Stack Development Studio,Technology / Startup,Web Development,Business laptops,Essential Equipment,1,Yes,Typical equipment used by a full stack development studio business.
E00080,B0012,Full Stack Development Studio,Technology / Startup,Web Development,Developer workstation,Essential Equipment,1,Yes,Typical equipment used by a full stack development studio business.
E00081,B0012,Full Stack Development Studio,Technology / Startup,Web Development,Network switch,Essential Equipment,1,Yes,Typical equipment used by a full stack development studio business.
E00082,B0012,Full Stack Development Studio,Technology / Startup,Web Development,Wi-Fi router,Essential Equipment,1,Yes,Typical equipment used by a full stack development studio business.
E00083,B0012,Full Stack Development Studio,Technology / Startup,Web Development,UPS,Essential Equipment,1,Yes,Typical equipment used by a full stack development studio business.
E00084,B0012,Full Stack Development Studio,Technology / Startup,Web Development,Server/NAS,Optional Equipment,1,No,Typical equipment used by a full stack development studio business.
E00085,B0013,E-commerce Development Agency,Technology / Startup,Web Development,Business laptops,Essential Equipment,1,Yes,Typical equipment used by a e-commerce development agency business.
E00086,B0013,E-commerce Development Agency,Technology / Startup,Web Development,Developer workstation,Essential Equipment,1,Yes,Typical equipment used by a e-commerce development agency business.
E00087,B0013,E-commerce Development Agency,Technology / Startup,Web Development,Network switch,Essential Equipment,1,Yes,Typical equipment used by a e-commerce development agency business.
E00088,B0013,E-commerce Development Agency,Technology / Startup,Web Development,Wi-Fi router,Essential Equipment,1,Yes,Typical equipment used by a e-commerce development agency business.
E00089,B0013,E-commerce Development Agency,Technology / Startup,Web Development,UPS,Essential Equipment,1,Yes,Typical equipment used by a e-commerce development agency business.
E00090,B0013,E-commerce Development Agency,Technology / Startup,Web Development,Server/NAS,Optional Equipment,1,No,Typical equipment used by a e-commerce development agency business.
E00091,B0013,E-commerce Development Agency,Technology / Startup,Web Development,External backup drive,Optional Equipment,2,No,Typical equipment used by a e-commerce development agency business.
E00092,B0014,Mobile App Studio,Technology / Startup,Web Development,Business laptops,Essential Equipment,1,Yes,Typical equipment used by a mobile app studio business.
E00093,B0014,Mobile App Studio,Technology / Startup,Web Development,Developer workstation,Essential Equipment,1,Yes,Typical equipment used by a mobile app studio business.
E00094,B0014,Mobile App Studio,Technology / Startup,Web Development,Network switch,Essential Equipment,1,Yes,Typical equipment used by a mobile app studio business.
E00095,B0014,Mobile App Studio,Technology / Startup,Web Development,Wi-Fi router,Essential Equipment,1,Yes,Typical equipment used by a mobile app studio business.
E00096,B0014,Mobile App Studio,Technology / Startup,Web Development,UPS,Essential Equipment,1,Yes,Typical equipment used by a mobile app studio business.
E00097,B0014,Mobile App Studio,Technology / Startup,Web Development,Server/NAS,Optional Equipment,1,No,Typical equipment used by a mobile app studio business.
E00098,B0014,Mobile App Studio,Technology / Startup,Web Development,External backup drive,Optional Equipment,2,No,Typical equipment used by a mobile app studio business.
E00099,B0014,Mobile App Studio,Technology / Startup,Web Development,Conference camera,Optional Equipment,1,No,Typical equipment used by a mobile app studio business.
E00100,B0015,UI/UX Development Studio,Technology / Startup,Web Development,Business laptops,Essential Equipment,1,Yes,Typical equipment used by a ui/ux development studio business.
E00101,B0015,UI/UX Development Studio,Technology / Startup,Web Development,Developer workstation,Essential Equipment,1,Yes,Typical equipment used by a ui/ux development studio business.
E00102,B0015,UI/UX Development Studio,Technology / Startup,Web Development,Network switch,Essential Equipment,1,Yes,Typical equipment used by a ui/ux development studio business.
E00103,B0015,UI/UX Development Studio,Technology / Startup,Web Development,Wi-Fi router,Essential Equipment,1,Yes,Typical equipment used by a ui/ux development studio business.
E00104,B0015,UI/UX Development Studio,Technology / Startup,Web Development,UPS,Essential Equipment,1,Yes,Typical equipment used by a ui/ux development studio business.
E00105,B0015,UI/UX Development Studio,Technology / Startup,Web Development,Server/NAS,Optional Equipment,1,No,Typical equipment used by a ui/ux development studio business.
E00106,B0016,Cloud Consulting Company,Technology / Startup,Cloud,Business laptops,Essential Equipment,1,Yes,Typical equipment used by a cloud consulting company business.
E00107,B0016,Cloud Consulting Company,Technology / Startup,Cloud,Developer workstation,Essential Equipment,1,Yes,Typical equipment used by a cloud consulting company business.
E00108,B0016,Cloud Consulting Company,Technology / Startup,Cloud,Network switch,Essential Equipment,1,Yes,Typical equipment used by a cloud consulting company business.
E00109,B0016,Cloud Consulting Company,Technology / Startup,Cloud,Wi-Fi router,Essential Equipment,1,Yes,Typical equipment used by a cloud consulting company business.
E00110,B0016,Cloud Consulting Company,Technology / Startup,Cloud,UPS,Essential Equipment,1,Yes,Typical equipment used by a cloud consulting company business.
E00111,B0016,Cloud Consulting Company,Technology / Startup,Cloud,Server/NAS,Optional Equipment,1,No,Typical equipment used by a cloud consulting company business.
E00112,B0016,Cloud Consulting Company,Technology / Startup,Cloud,External backup drive,Optional Equipment,2,No,Typical equipment used by a cloud consulting company business.
E00113,B0017,Cloud Migration Service,Technology / Startup,Cloud,Business laptops,Essential Equipment,1,Yes,Typical equipment used by a cloud migration service business.
E00114,B0017,Cloud Migration Service,Technology / Startup,Cloud,Developer workstation,Essential Equipment,1,Yes,Typical equipment used by a cloud migration service business.
E00115,B0017,Cloud Migration Service,Technology / Startup,Cloud,Network switch,Essential Equipment,1,Yes,Typical equipment used by a cloud migration service business.
E00116,B0017,Cloud Migration Service,Technology / Startup,Cloud,Wi-Fi router,Essential Equipment,1,Yes,Typical equipment used by a cloud migration service business.
E00117,B0017,Cloud Migration Service,Technology / Startup,Cloud,UPS,Essential Equipment,1,Yes,Typical equipment used by a cloud migration service business.
E00118,B0017,Cloud Migration Service,Technology / Startup,Cloud,Server/NAS,Optional Equipment,1,No,Typical equipment used by a cloud migration service business.
E00119,B0017,Cloud Migration Service,Technology / Startup,Cloud,External backup drive,Optional Equipment,2,No,Typical equipment used by a cloud migration service business.
E00120,B0017,Cloud Migration Service,Technology / Startup,Cloud,Conference camera,Optional Equipment,1,No,Typical equipment used by a cloud migration service business.
E00121,B0018,Managed Cloud Provider,Technology / Startup,Cloud,Business laptops,Essential Equipment,1,Yes,Typical equipment used by a managed cloud provider business.
E00122,B0018,Managed Cloud Provider,Technology / Startup,Cloud,Developer workstation,Essential Equipment,1,Yes,Typical equipment used by a managed cloud provider business.
E00123,B0018,Managed Cloud Provider,Technology / Startup,Cloud,Network switch,Essential Equipment,1,Yes,Typical equipment used by a managed cloud provider business.
E00124,B0018,Managed Cloud Provider,Technology / Startup,Cloud,Wi-Fi router,Essential Equipment,1,Yes,Typical equipment used by a managed cloud provider business.
E00125,B0018,Managed Cloud Provider,Technology / Startup,Cloud,UPS,Essential Equipment,1,Yes,Typical equipment used by a managed cloud provider business.
E00126,B0018,Managed Cloud Provider,Technology / Startup,Cloud,Server/NAS,Optional Equipment,1,No,Typical equipment used by a managed cloud provider business.
E00127,B0019,DevOps Company,Technology / Startup,Cloud,Business laptops,Essential Equipment,1,Yes,Typical equipment used by a devops company business.
E00128,B0019,DevOps Company,Technology / Startup,Cloud,Developer workstation,Essential Equipment,1,Yes,Typical equipment used by a devops company business.
E00129,B0019,DevOps Company,Technology / Startup,Cloud,Network switch,Essential Equipment,1,Yes,Typical equipment used by a devops company business.
E00130,B0019,DevOps Company,Technology / Startup,Cloud,Wi-Fi router,Essential Equipment,1,Yes,Typical equipment used by a devops company business.
E00131,B0019,DevOps Company,Technology / Startup,Cloud,UPS,Essential Equipment,1,Yes,Typical equipment used by a devops company business.
E00132,B0019,DevOps Company,Technology / Startup,Cloud,Server/NAS,Optional Equipment,1,No,Typical equipment used by a devops company business.
E00133,B0019,DevOps Company,Technology / Startup,Cloud,External backup drive,Optional Equipment,2,No,Typical equipment used by a devops company business.
E00134,B0020,Cloud Security Company,Technology / Startup,Cloud,Business laptops,Essential Equipment,1,Yes,Typical equipment used by a cloud security company business.
E00135,B0020,Cloud Security Company,Technology / Startup,Cloud,Developer workstation,Essential Equipment,1,Yes,Typical equipment used by a cloud security company business.
E00136,B0020,Cloud Security Company,Technology / Startup,Cloud,Network switch,Essential Equipment,1,Yes,Typical equipment used by a cloud security company business.
E00137,B0020,Cloud Security Company,Technology / Startup,Cloud,Wi-Fi router,Essential Equipment,1,Yes,Typical equipment used by a cloud security company business.
E00138,B0020,Cloud Security Company,Technology / Startup,Cloud,UPS,Essential Equipment,1,Yes,Typical equipment used by a cloud security company business.
E00139,B0020,Cloud Security Company,Technology / Startup,Cloud,Server/NAS,Optional Equipment,1,No,Typical equipment used by a cloud security company business.
E00140,B0020,Cloud Security Company,Technology / Startup,Cloud,External backup drive,Optional Equipment,2,No,Typical equipment used by a cloud security company business.
E00141,B0020,Cloud Security Company,Technology / Startup,Cloud,Conference camera,Optional Equipment,1,No,Typical equipment used by a cloud security company business.
E00142,B0021,Cybersecurity Consultancy,Technology / Startup,Cybersecurity,Business laptops,Essential Equipment,1,Yes,Typical equipment used by a cybersecurity consultancy business.
E00143,B0021,Cybersecurity Consultancy,Technology / Startup,Cybersecurity,Developer workstation,Essential Equipment,1,Yes,Typical equipment used by a cybersecurity consultancy business.
E00144,B0021,Cybersecurity Consultancy,Technology / Startup,Cybersecurity,Network switch,Essential Equipment,1,Yes,Typical equipment used by a cybersecurity consultancy business.
E00145,B0021,Cybersecurity Consultancy,Technology / Startup,Cybersecurity,Wi-Fi router,Essential Equipment,1,Yes,Typical equipment used by a cybersecurity consultancy business.
E00146,B0021,Cybersecurity Consultancy,Technology / Startup,Cybersecurity,UPS,Essential Equipment,1,Yes,Typical equipment used by a cybersecurity consultancy business.
E00147,B0021,Cybersecurity Consultancy,Technology / Startup,Cybersecurity,Server/NAS,Optional Equipment,1,No,Typical equipment used by a cybersecurity consultancy business.
E00148,B0022,Security Operations Center,Technology / Startup,Cybersecurity,Business laptops,Essential Equipment,1,Yes,Typical equipment used by a security operations center business.
E00149,B0022,Security Operations Center,Technology / Startup,Cybersecurity,Developer workstation,Essential Equipment,1,Yes,Typical equipment used by a security operations center business.
E00150,B0022,Security Operations Center,Technology / Startup,Cybersecurity,Network switch,Essential Equipment,1,Yes,Typical equipment used by a security operations center business.
E00151,B0022,Security Operations Center,Technology / Startup,Cybersecurity,Wi-Fi router,Essential Equipment,1,Yes,Typical equipment used by a security operations center business.
E00152,B0022,Security Operations Center,Technology / Startup,Cybersecurity,UPS,Essential Equipment,1,Yes,Typical equipment used by a security operations center business.
E00153,B0022,Security Operations Center,Technology / Startup,Cybersecurity,Server/NAS,Optional Equipment,1,No,Typical equipment used by a security operations center business.
E00154,B0022,Security Operations Center,Technology / Startup,Cybersecurity,External backup drive,Optional Equipment,2,No,Typical equipment used by a security operations center business.
E00155,B0023,Penetration Testing Firm,Technology / Startup,Cybersecurity,Business laptops,Essential Equipment,1,Yes,Typical equipment used by a penetration testing firm business.
E00156,B0023,Penetration Testing Firm,Technology / Startup,Cybersecurity,Developer workstation,Essential Equipment,1,Yes,Typical equipment used by a penetration testing firm business.
E00157,B0023,Penetration Testing Firm,Technology / Startup,Cybersecurity,Network switch,Essential Equipment,1,Yes,Typical equipment used by a penetration testing firm business.
E00158,B0023,Penetration Testing Firm,Technology / Startup,Cybersecurity,Wi-Fi router,Essential Equipment,1,Yes,Typical equipment used by a penetration testing firm business.
E00159,B0023,Penetration Testing Firm,Technology / Startup,Cybersecurity,UPS,Essential Equipment,1,Yes,Typical equipment used by a penetration testing firm business.
E00160,B0023,Penetration Testing Firm,Technology / Startup,Cybersecurity,Server/NAS,Optional Equipment,1,No,Typical equipment used by a penetration testing firm business.
E00161,B0023,Penetration Testing Firm,Technology / Startup,Cybersecurity,External backup drive,Optional Equipment,2,No,Typical equipment used by a penetration testing firm business.
E00162,B0023,Penetration Testing Firm,Technology / Startup,Cybersecurity,Conference camera,Optional Equipment,1,No,Typical equipment used by a penetration testing firm business.
E00163,B0024,Identity Security Company,Technology / Startup,Cybersecurity,Business laptops,Essential Equipment,1,Yes,Typical equipment used by a identity security company business.
E00164,B0024,Identity Security Company,Technology / Startup,Cybersecurity,Developer workstation,Essential Equipment,1,Yes,Typical equipment used by a identity security company business.
E00165,B0024,Identity Security Company,Technology / Startup,Cybersecurity,Network switch,Essential Equipment,1,Yes,Typical equipment used by a identity security company business.
E00166,B0024,Identity Security Company,Technology / Startup,Cybersecurity,Wi-Fi router,Essential Equipment,1,Yes,Typical equipment used by a identity security company business.
E00167,B0024,Identity Security Company,Technology / Startup,Cybersecurity,UPS,Essential Equipment,1,Yes,Typical equipment used by a identity security company business.
E00168,B0024,Identity Security Company,Technology / Startup,Cybersecurity,Server/NAS,Optional Equipment,1,No,Typical equipment used by a identity security company business.
E00169,B0025,Security Training Company,Technology / Startup,Cybersecurity,Business laptops,Essential Equipment,1,Yes,Typical equipment used by a security training company business.
E00170,B0025,Security Training Company,Technology / Startup,Cybersecurity,Developer workstation,Essential Equipment,1,Yes,Typical equipment used by a security training company business.
E00171,B0025,Security Training Company,Technology / Startup,Cybersecurity,Network switch,Essential Equipment,1,Yes,Typical equipment used by a security training company business.
E00172,B0025,Security Training Company,Technology / Startup,Cybersecurity,Wi-Fi router,Essential Equipment,1,Yes,Typical equipment used by a security training company business.
E00173,B0025,Security Training Company,Technology / Startup,Cybersecurity,UPS,Essential Equipment,1,Yes,Typical equipment used by a security training company business.
E00174,B0025,Security Training Company,Technology / Startup,Cybersecurity,Server/NAS,Optional Equipment,1,No,Typical equipment used by a security training company business.
E00175,B0025,Security Training Company,Technology / Startup,Cybersecurity,External backup drive,Optional Equipment,2,No,Typical equipment used by a security training company business.
E00176,B0026,General Hospital,Healthcare,Hospital,Examination bed,Essential Equipment,1,Yes,Typical equipment used by a general hospital business.
E00177,B0026,General Hospital,Healthcare,Hospital,Patient monitor,Essential Equipment,1,Yes,Typical equipment used by a general hospital business.
E00178,B0026,General Hospital,Healthcare,Hospital,Autoclave/sterilizer,Essential Equipment,1,Yes,Typical equipment used by a general hospital business.
E00179,B0026,General Hospital,Healthcare,Hospital,Medical refrigerator,Essential Equipment,1,Yes,Typical equipment used by a general hospital business.
E00180,B0026,General Hospital,Healthcare,Hospital,Computer workstation,Essential Equipment,1,Yes,Typical equipment used by a general hospital business.
E00181,B0026,General Hospital,Healthcare,Hospital,Printer,Optional Equipment,1,No,Typical equipment used by a general hospital business.
E00182,B0026,General Hospital,Healthcare,Hospital,UPS,Optional Equipment,2,No,Typical equipment used by a general hospital business.
E00183,B0026,General Hospital,Healthcare,Hospital,Emergency kit,Optional Equipment,1,No,Typical equipment used by a general hospital business.
E00184,B0027,Multi-Specialty Hospital,Healthcare,Hospital,Examination bed,Essential Equipment,1,Yes,Typical equipment used by a multi-specialty hospital business.
E00185,B0027,Multi-Specialty Hospital,Healthcare,Hospital,Patient monitor,Essential Equipment,1,Yes,Typical equipment used by a multi-specialty hospital business.
E00186,B0027,Multi-Specialty Hospital,Healthcare,Hospital,Autoclave/sterilizer,Essential Equipment,1,Yes,Typical equipment used by a multi-specialty hospital business.
E00187,B0027,Multi-Specialty Hospital,Healthcare,Hospital,Medical refrigerator,Essential Equipment,1,Yes,Typical equipment used by a multi-specialty hospital business.
E00188,B0027,Multi-Specialty Hospital,Healthcare,Hospital,Computer workstation,Essential Equipment,1,Yes,Typical equipment used by a multi-specialty hospital business.
E00189,B0027,Multi-Specialty Hospital,Healthcare,Hospital,Printer,Optional Equipment,1,No,Typical equipment used by a multi-specialty hospital business.
E00190,B0028,Day Care Hospital,Healthcare,Hospital,Examination bed,Essential Equipment,1,Yes,Typical equipment used by a day care hospital business.
E00191,B0028,Day Care Hospital,Healthcare,Hospital,Patient monitor,Essential Equipment,1,Yes,Typical equipment used by a day care hospital business.
E00192,B0028,Day Care Hospital,Healthcare,Hospital,Autoclave/sterilizer,Essential Equipment,1,Yes,Typical equipment used by a day care hospital business.
E00193,B0028,Day Care Hospital,Healthcare,Hospital,Medical refrigerator,Essential Equipment,1,Yes,Typical equipment used by a day care hospital business.
E00194,B0028,Day Care Hospital,Healthcare,Hospital,Computer workstation,Essential Equipment,1,Yes,Typical equipment used by a day care hospital business.
E00195,B0028,Day Care Hospital,Healthcare,Hospital,Printer,Optional Equipment,1,No,Typical equipment used by a day care hospital business.
E00196,B0028,Day Care Hospital,Healthcare,Hospital,UPS,Optional Equipment,2,No,Typical equipment used by a day care hospital business.
E00197,B0029,Community Hospital,Healthcare,Hospital,Examination bed,Essential Equipment,1,Yes,Typical equipment used by a community hospital business.
E00198,B0029,Community Hospital,Healthcare,Hospital,Patient monitor,Essential Equipment,1,Yes,Typical equipment used by a community hospital business.
E00199,B0029,Community Hospital,Healthcare,Hospital,Autoclave/sterilizer,Essential Equipment,1,Yes,Typical equipment used by a community hospital business.
E00200,B0029,Community Hospital,Healthcare,Hospital,Medical refrigerator,Essential Equipment,1,Yes,Typical equipment used by a community hospital business.
E00201,B0029,Community Hospital,Healthcare,Hospital,Computer workstation,Essential Equipment,1,Yes,Typical equipment used by a community hospital business.
E00202,B0029,Community Hospital,Healthcare,Hospital,Printer,Optional Equipment,1,No,Typical equipment used by a community hospital business.
E00203,B0029,Community Hospital,Healthcare,Hospital,UPS,Optional Equipment,2,No,Typical equipment used by a community hospital business.
E00204,B0029,Community Hospital,Healthcare,Hospital,Emergency kit,Optional Equipment,1,No,Typical equipment used by a community hospital business.
E00205,B0030,Specialty Hospital,Healthcare,Hospital,Examination bed,Essential Equipment,1,Yes,Typical equipment used by a specialty hospital business.
E00206,B0030,Specialty Hospital,Healthcare,Hospital,Patient monitor,Essential Equipment,1,Yes,Typical equipment used by a specialty hospital business.
E00207,B0030,Specialty Hospital,Healthcare,Hospital,Autoclave/sterilizer,Essential Equipment,1,Yes,Typical equipment used by a specialty hospital business.
E00208,B0030,Specialty Hospital,Healthcare,Hospital,Medical refrigerator,Essential Equipment,1,Yes,Typical equipment used by a specialty hospital business.
E00209,B0030,Specialty Hospital,Healthcare,Hospital,Computer workstation,Essential Equipment,1,Yes,Typical equipment used by a specialty hospital business.
E00210,B0030,Specialty Hospital,Healthcare,Hospital,Printer,Optional Equipment,1,No,Typical equipment used by a specialty hospital business.
E00211,B0031,General Clinic,Healthcare,Clinic,Examination bed,Essential Equipment,1,Yes,Typical equipment used by a general clinic business.
E00212,B0031,General Clinic,Healthcare,Clinic,Patient monitor,Essential Equipment,1,Yes,Typical equipment used by a general clinic business.
E00213,B0031,General Clinic,Healthcare,Clinic,Autoclave/sterilizer,Essential Equipment,1,Yes,Typical equipment used by a general clinic business.
E00214,B0031,General Clinic,Healthcare,Clinic,Medical refrigerator,Essential Equipment,1,Yes,Typical equipment used by a general clinic business.
E00215,B0031,General Clinic,Healthcare,Clinic,Computer workstation,Essential Equipment,1,Yes,Typical equipment used by a general clinic business.
E00216,B0031,General Clinic,Healthcare,Clinic,Printer,Optional Equipment,1,No,Typical equipment used by a general clinic business.
E00217,B0031,General Clinic,Healthcare,Clinic,UPS,Optional Equipment,2,No,Typical equipment used by a general clinic business.
E00218,B0032,Pediatric Clinic,Healthcare,Clinic,Examination bed,Essential Equipment,1,Yes,Typical equipment used by a pediatric clinic business.
E00219,B0032,Pediatric Clinic,Healthcare,Clinic,Patient monitor,Essential Equipment,1,Yes,Typical equipment used by a pediatric clinic business.
E00220,B0032,Pediatric Clinic,Healthcare,Clinic,Autoclave/sterilizer,Essential Equipment,1,Yes,Typical equipment used by a pediatric clinic business.
E00221,B0032,Pediatric Clinic,Healthcare,Clinic,Medical refrigerator,Essential Equipment,1,Yes,Typical equipment used by a pediatric clinic business.
E00222,B0032,Pediatric Clinic,Healthcare,Clinic,Computer workstation,Essential Equipment,1,Yes,Typical equipment used by a pediatric clinic business.
E00223,B0032,Pediatric Clinic,Healthcare,Clinic,Printer,Optional Equipment,1,No,Typical equipment used by a pediatric clinic business.
E00224,B0032,Pediatric Clinic,Healthcare,Clinic,UPS,Optional Equipment,2,No,Typical equipment used by a pediatric clinic business.
E00225,B0032,Pediatric Clinic,Healthcare,Clinic,Emergency kit,Optional Equipment,1,No,Typical equipment used by a pediatric clinic business.
E00226,B0033,Physiotherapy Clinic,Healthcare,Clinic,Examination bed,Essential Equipment,1,Yes,Typical equipment used by a physiotherapy clinic business.
E00227,B0033,Physiotherapy Clinic,Healthcare,Clinic,Patient monitor,Essential Equipment,1,Yes,Typical equipment used by a physiotherapy clinic business.
E00228,B0033,Physiotherapy Clinic,Healthcare,Clinic,Autoclave/sterilizer,Essential Equipment,1,Yes,Typical equipment used by a physiotherapy clinic business.
E00229,B0033,Physiotherapy Clinic,Healthcare,Clinic,Medical refrigerator,Essential Equipment,1,Yes,Typical equipment used by a physiotherapy clinic business.
E00230,B0033,Physiotherapy Clinic,Healthcare,Clinic,Computer workstation,Essential Equipment,1,Yes,Typical equipment used by a physiotherapy clinic business.
E00231,B0033,Physiotherapy Clinic,Healthcare,Clinic,Printer,Optional Equipment,1,No,Typical equipment used by a physiotherapy clinic business.
E00232,B0034,ENT Clinic,Healthcare,Clinic,Examination bed,Essential Equipment,1,Yes,Typical equipment used by a ent clinic business.
E00233,B0034,ENT Clinic,Healthcare,Clinic,Patient monitor,Essential Equipment,1,Yes,Typical equipment used by a ent clinic business.
E00234,B0034,ENT Clinic,Healthcare,Clinic,Autoclave/sterilizer,Essential Equipment,1,Yes,Typical equipment used by a ent clinic business.
E00235,B0034,ENT Clinic,Healthcare,Clinic,Medical refrigerator,Essential Equipment,1,Yes,Typical equipment used by a ent clinic business.
E00236,B0034,ENT Clinic,Healthcare,Clinic,Computer workstation,Essential Equipment,1,Yes,Typical equipment used by a ent clinic business.
E00237,B0034,ENT Clinic,Healthcare,Clinic,Printer,Optional Equipment,1,No,Typical equipment used by a ent clinic business.
E00238,B0034,ENT Clinic,Healthcare,Clinic,UPS,Optional Equipment,2,No,Typical equipment used by a ent clinic business.
E00239,B0035,Eye Clinic,Healthcare,Clinic,Examination bed,Essential Equipment,1,Yes,Typical equipment used by a eye clinic business.
E00240,B0035,Eye Clinic,Healthcare,Clinic,Patient monitor,Essential Equipment,1,Yes,Typical equipment used by a eye clinic business.
E00241,B0035,Eye Clinic,Healthcare,Clinic,Autoclave/sterilizer,Essential Equipment,1,Yes,Typical equipment used by a eye clinic business.
E00242,B0035,Eye Clinic,Healthcare,Clinic,Medical refrigerator,Essential Equipment,1,Yes,Typical equipment used by a eye clinic business.
E00243,B0035,Eye Clinic,Healthcare,Clinic,Computer workstation,Essential Equipment,1,Yes,Typical equipment used by a eye clinic business.
E00244,B0035,Eye Clinic,Healthcare,Clinic,Printer,Optional Equipment,1,No,Typical equipment used by a eye clinic business.
E00245,B0035,Eye Clinic,Healthcare,Clinic,UPS,Optional Equipment,2,No,Typical equipment used by a eye clinic business.
E00246,B0035,Eye Clinic,Healthcare,Clinic,Emergency kit,Optional Equipment,1,No,Typical equipment used by a eye clinic business.
E00247,B0036,Retail Pharmacy,Healthcare,Pharmacy,Examination bed,Essential Equipment,1,Yes,Typical equipment used by a retail pharmacy business.
E00248,B0036,Retail Pharmacy,Healthcare,Pharmacy,Patient monitor,Essential Equipment,1,Yes,Typical equipment used by a retail pharmacy business.
E00249,B0036,Retail Pharmacy,Healthcare,Pharmacy,Autoclave/sterilizer,Essential Equipment,1,Yes,Typical equipment used by a retail pharmacy business.
E00250,B0036,Retail Pharmacy,Healthcare,Pharmacy,Medical refrigerator,Essential Equipment,1,Yes,Typical equipment used by a retail pharmacy business.
E00251,B0036,Retail Pharmacy,Healthcare,Pharmacy,Computer workstation,Essential Equipment,1,Yes,Typical equipment used by a retail pharmacy business.
E00252,B0036,Retail Pharmacy,Healthcare,Pharmacy,Printer,Optional Equipment,1,No,Typical equipment used by a retail pharmacy business.
E00253,B0037,Hospital Pharmacy,Healthcare,Pharmacy,Examination bed,Essential Equipment,1,Yes,Typical equipment used by a hospital pharmacy business.
E00254,B0037,Hospital Pharmacy,Healthcare,Pharmacy,Patient monitor,Essential Equipment,1,Yes,Typical equipment used by a hospital pharmacy business.
E00255,B0037,Hospital Pharmacy,Healthcare,Pharmacy,Autoclave/sterilizer,Essential Equipment,1,Yes,Typical equipment used by a hospital pharmacy business.
E00256,B0037,Hospital Pharmacy,Healthcare,Pharmacy,Medical refrigerator,Essential Equipment,1,Yes,Typical equipment used by a hospital pharmacy business.
E00257,B0037,Hospital Pharmacy,Healthcare,Pharmacy,Computer workstation,Essential Equipment,1,Yes,Typical equipment used by a hospital pharmacy business.
E00258,B0037,Hospital Pharmacy,Healthcare,Pharmacy,Printer,Optional Equipment,1,No,Typical equipment used by a hospital pharmacy business.
E00259,B0037,Hospital Pharmacy,Healthcare,Pharmacy,UPS,Optional Equipment,2,No,Typical equipment used by a hospital pharmacy business.
E00260,B0038,Online Pharmacy,Healthcare,Pharmacy,Examination bed,Essential Equipment,1,Yes,Typical equipment used by a online pharmacy business.
E00261,B0038,Online Pharmacy,Healthcare,Pharmacy,Patient monitor,Essential Equipment,1,Yes,Typical equipment used by a online pharmacy business.
E00262,B0038,Online Pharmacy,Healthcare,Pharmacy,Autoclave/sterilizer,Essential Equipment,1,Yes,Typical equipment used by a online pharmacy business.
E00263,B0038,Online Pharmacy,Healthcare,Pharmacy,Medical refrigerator,Essential Equipment,1,Yes,Typical equipment used by a online pharmacy business.
E00264,B0038,Online Pharmacy,Healthcare,Pharmacy,Computer workstation,Essential Equipment,1,Yes,Typical equipment used by a online pharmacy business.
E00265,B0038,Online Pharmacy,Healthcare,Pharmacy,Printer,Optional Equipment,1,No,Typical equipment used by a online pharmacy business.
E00266,B0038,Online Pharmacy,Healthcare,Pharmacy,UPS,Optional Equipment,2,No,Typical equipment used by a online pharmacy business.
E00267,B0038,Online Pharmacy,Healthcare,Pharmacy,Emergency kit,Optional Equipment,1,No,Typical equipment used by a online pharmacy business.
E00268,B0039,Specialty Pharmacy,Healthcare,Pharmacy,Examination bed,Essential Equipment,1,Yes,Typical equipment used by a specialty pharmacy business.
E00269,B0039,Specialty Pharmacy,Healthcare,Pharmacy,Patient monitor,Essential Equipment,1,Yes,Typical equipment used by a specialty pharmacy business.
E00270,B0039,Specialty Pharmacy,Healthcare,Pharmacy,Autoclave/sterilizer,Essential Equipment,1,Yes,Typical equipment used by a specialty pharmacy business.
E00271,B0039,Specialty Pharmacy,Healthcare,Pharmacy,Medical refrigerator,Essential Equipment,1,Yes,Typical equipment used by a specialty pharmacy business.
E00272,B0039,Specialty Pharmacy,Healthcare,Pharmacy,Computer workstation,Essential Equipment,1,Yes,Typical equipment used by a specialty pharmacy business.
E00273,B0039,Specialty Pharmacy,Healthcare,Pharmacy,Printer,Optional Equipment,1,No,Typical equipment used by a specialty pharmacy business.
E00274,B0040,Wholesale Pharmacy,Healthcare,Pharmacy,Examination bed,Essential Equipment,1,Yes,Typical equipment used by a wholesale pharmacy business.
E00275,B0040,Wholesale Pharmacy,Healthcare,Pharmacy,Patient monitor,Essential Equipment,1,Yes,Typical equipment used by a wholesale pharmacy business.
E00276,B0040,Wholesale Pharmacy,Healthcare,Pharmacy,Autoclave/sterilizer,Essential Equipment,1,Yes,Typical equipment used by a wholesale pharmacy business.
E00277,B0040,Wholesale Pharmacy,Healthcare,Pharmacy,Medical refrigerator,Essential Equipment,1,Yes,Typical equipment used by a wholesale pharmacy business.
E00278,B0040,Wholesale Pharmacy,Healthcare,Pharmacy,Computer workstation,Essential Equipment,1,Yes,Typical equipment used by a wholesale pharmacy business.
E00279,B0040,Wholesale Pharmacy,Healthcare,Pharmacy,Printer,Optional Equipment,1,No,Typical equipment used by a wholesale pharmacy business.
E00280,B0040,Wholesale Pharmacy,Healthcare,Pharmacy,UPS,Optional Equipment,2,No,Typical equipment used by a wholesale pharmacy business.
E00281,B0041,Diagnostic Center,Healthcare,Diagnostics,Examination bed,Essential Equipment,1,Yes,Typical equipment used by a diagnostic center business.
E00282,B0041,Diagnostic Center,Healthcare,Diagnostics,Patient monitor,Essential Equipment,1,Yes,Typical equipment used by a diagnostic center business.
E00283,B0041,Diagnostic Center,Healthcare,Diagnostics,Autoclave/sterilizer,Essential Equipment,1,Yes,Typical equipment used by a diagnostic center business.
E00284,B0041,Diagnostic Center,Healthcare,Diagnostics,Medical refrigerator,Essential Equipment,1,Yes,Typical equipment used by a diagnostic center business.
E00285,B0041,Diagnostic Center,Healthcare,Diagnostics,Computer workstation,Essential Equipment,1,Yes,Typical equipment used by a diagnostic center business.
E00286,B0041,Diagnostic Center,Healthcare,Diagnostics,Printer,Optional Equipment,1,No,Typical equipment used by a diagnostic center business.
E00287,B0041,Diagnostic Center,Healthcare,Diagnostics,UPS,Optional Equipment,2,No,Typical equipment used by a diagnostic center business.
E00288,B0041,Diagnostic Center,Healthcare,Diagnostics,Emergency kit,Optional Equipment,1,No,Typical equipment used by a diagnostic center business.
E00289,B0042,Pathology Lab,Healthcare,Diagnostics,Examination bed,Essential Equipment,1,Yes,Typical equipment used by a pathology lab business.
E00290,B0042,Pathology Lab,Healthcare,Diagnostics,Patient monitor,Essential Equipment,1,Yes,Typical equipment used by a pathology lab business.
E00291,B0042,Pathology Lab,Healthcare,Diagnostics,Autoclave/sterilizer,Essential Equipment,1,Yes,Typical equipment used by a pathology lab business.
E00292,B0042,Pathology Lab,Healthcare,Diagnostics,Medical refrigerator,Essential Equipment,1,Yes,Typical equipment used by a pathology lab business.
E00293,B0042,Pathology Lab,Healthcare,Diagnostics,Computer workstation,Essential Equipment,1,Yes,Typical equipment used by a pathology lab business.
E00294,B0042,Pathology Lab,Healthcare,Diagnostics,Printer,Optional Equipment,1,No,Typical equipment used by a pathology lab business.
E00295,B0043,Imaging Center,Healthcare,Diagnostics,Examination bed,Essential Equipment,1,Yes,Typical equipment used by a imaging center business.
E00296,B0043,Imaging Center,Healthcare,Diagnostics,Patient monitor,Essential Equipment,1,Yes,Typical equipment used by a imaging center business.
E00297,B0043,Imaging Center,Healthcare,Diagnostics,Autoclave/sterilizer,Essential Equipment,1,Yes,Typical equipment used by a imaging center business.
E00298,B0043,Imaging Center,Healthcare,Diagnostics,Medical refrigerator,Essential Equipment,1,Yes,Typical equipment used by a imaging center business.
E00299,B0043,Imaging Center,Healthcare,Diagnostics,Computer workstation,Essential Equipment,1,Yes,Typical equipment used by a imaging center business.
E00300,B0043,Imaging Center,Healthcare,Diagnostics,Printer,Optional Equipment,1,No,Typical equipment used by a imaging center business.
E00301,B0043,Imaging Center,Healthcare,Diagnostics,UPS,Optional Equipment,2,No,Typical equipment used by a imaging center business.
E00302,B0044,Blood Testing Lab,Healthcare,Diagnostics,Examination bed,Essential Equipment,1,Yes,Typical equipment used by a blood testing lab business.
E00303,B0044,Blood Testing Lab,Healthcare,Diagnostics,Patient monitor,Essential Equipment,1,Yes,Typical equipment used by a blood testing lab business.
E00304,B0044,Blood Testing Lab,Healthcare,Diagnostics,Autoclave/sterilizer,Essential Equipment,1,Yes,Typical equipment used by a blood testing lab business.
E00305,B0044,Blood Testing Lab,Healthcare,Diagnostics,Medical refrigerator,Essential Equipment,1,Yes,Typical equipment used by a blood testing lab business.
E00306,B0044,Blood Testing Lab,Healthcare,Diagnostics,Computer workstation,Essential Equipment,1,Yes,Typical equipment used by a blood testing lab business.
E00307,B0044,Blood Testing Lab,Healthcare,Diagnostics,Printer,Optional Equipment,1,No,Typical equipment used by a blood testing lab business.
E00308,B0044,Blood Testing Lab,Healthcare,Diagnostics,UPS,Optional Equipment,2,No,Typical equipment used by a blood testing lab business.
E00309,B0044,Blood Testing Lab,Healthcare,Diagnostics,Emergency kit,Optional Equipment,1,No,Typical equipment used by a blood testing lab business.
E00310,B0045,Molecular Diagnostics Lab,Healthcare,Diagnostics,Examination bed,Essential Equipment,1,Yes,Typical equipment used by a molecular diagnostics lab business.
E00311,B0045,Molecular Diagnostics Lab,Healthcare,Diagnostics,Patient monitor,Essential Equipment,1,Yes,Typical equipment used by a molecular diagnostics lab business.
E00312,B0045,Molecular Diagnostics Lab,Healthcare,Diagnostics,Autoclave/sterilizer,Essential Equipment,1,Yes,Typical equipment used by a molecular diagnostics lab business.
E00313,B0045,Molecular Diagnostics Lab,Healthcare,Diagnostics,Medical refrigerator,Essential Equipment,1,Yes,Typical equipment used by a molecular diagnostics lab business.
E00314,B0045,Molecular Diagnostics Lab,Healthcare,Diagnostics,Computer workstation,Essential Equipment,1,Yes,Typical equipment used by a molecular diagnostics lab business.
E00315,B0045,Molecular Diagnostics Lab,Healthcare,Diagnostics,Printer,Optional Equipment,1,No,Typical equipment used by a molecular diagnostics lab business.
E00316,B0046,Dental Clinic,Healthcare,Dental,Examination bed,Essential Equipment,1,Yes,Typical equipment used by a dental clinic business.
E00317,B0046,Dental Clinic,Healthcare,Dental,Patient monitor,Essential Equipment,1,Yes,Typical equipment used by a dental clinic business.
E00318,B0046,Dental Clinic,Healthcare,Dental,Autoclave/sterilizer,Essential Equipment,1,Yes,Typical equipment used by a dental clinic business.
E00319,B0046,Dental Clinic,Healthcare,Dental,Medical refrigerator,Essential Equipment,1,Yes,Typical equipment used by a dental clinic business.
E00320,B0046,Dental Clinic,Healthcare,Dental,Computer workstation,Essential Equipment,1,Yes,Typical equipment used by a dental clinic business.
E00321,B0046,Dental Clinic,Healthcare,Dental,Printer,Optional Equipment,1,No,Typical equipment used by a dental clinic business.
E00322,B0046,Dental Clinic,Healthcare,Dental,UPS,Optional Equipment,2,No,Typical equipment used by a dental clinic business.
E00323,B0047,Orthodontic Clinic,Healthcare,Dental,Examination bed,Essential Equipment,1,Yes,Typical equipment used by a orthodontic clinic business.
E00324,B0047,Orthodontic Clinic,Healthcare,Dental,Patient monitor,Essential Equipment,1,Yes,Typical equipment used by a orthodontic clinic business.
E00325,B0047,Orthodontic Clinic,Healthcare,Dental,Autoclave/sterilizer,Essential Equipment,1,Yes,Typical equipment used by a orthodontic clinic business.
E00326,B0047,Orthodontic Clinic,Healthcare,Dental,Medical refrigerator,Essential Equipment,1,Yes,Typical equipment used by a orthodontic clinic business.
E00327,B0047,Orthodontic Clinic,Healthcare,Dental,Computer workstation,Essential Equipment,1,Yes,Typical equipment used by a orthodontic clinic business.
E00328,B0047,Orthodontic Clinic,Healthcare,Dental,Printer,Optional Equipment,1,No,Typical equipment used by a orthodontic clinic business.
E00329,B0047,Orthodontic Clinic,Healthcare,Dental,UPS,Optional Equipment,2,No,Typical equipment used by a orthodontic clinic business.
E00330,B0047,Orthodontic Clinic,Healthcare,Dental,Emergency kit,Optional Equipment,1,No,Typical equipment used by a orthodontic clinic business.
E00331,B0048,Dental Implant Center,Healthcare,Dental,Examination bed,Essential Equipment,1,Yes,Typical equipment used by a dental implant center business.
E00332,B0048,Dental Implant Center,Healthcare,Dental,Patient monitor,Essential Equipment,1,Yes,Typical equipment used by a dental implant center business.
E00333,B0048,Dental Implant Center,Healthcare,Dental,Autoclave/sterilizer,Essential Equipment,1,Yes,Typical equipment used by a dental implant center business.
E00334,B0048,Dental Implant Center,Healthcare,Dental,Medical refrigerator,Essential Equipment,1,Yes,Typical equipment used by a dental implant center business.
E00335,B0048,Dental Implant Center,Healthcare,Dental,Computer workstation,Essential Equipment,1,Yes,Typical equipment used by a dental implant center business.
E00336,B0048,Dental Implant Center,Healthcare,Dental,Printer,Optional Equipment,1,No,Typical equipment used by a dental implant center business.
E00337,B0049,Pediatric Dental Clinic,Healthcare,Dental,Examination bed,Essential Equipment,1,Yes,Typical equipment used by a pediatric dental clinic business.
E00338,B0049,Pediatric Dental Clinic,Healthcare,Dental,Patient monitor,Essential Equipment,1,Yes,Typical equipment used by a pediatric dental clinic business.
E00339,B0049,Pediatric Dental Clinic,Healthcare,Dental,Autoclave/sterilizer,Essential Equipment,1,Yes,Typical equipment used by a pediatric dental clinic business.
E00340,B0049,Pediatric Dental Clinic,Healthcare,Dental,Medical refrigerator,Essential Equipment,1,Yes,Typical equipment used by a pediatric dental clinic business.
E00341,B0049,Pediatric Dental Clinic,Healthcare,Dental,Computer workstation,Essential Equipment,1,Yes,Typical equipment used by a pediatric dental clinic business.
E00342,B0049,Pediatric Dental Clinic,Healthcare,Dental,Printer,Optional Equipment,1,No,Typical equipment used by a pediatric dental clinic business.
E00343,B0049,Pediatric Dental Clinic,Healthcare,Dental,UPS,Optional Equipment,2,No,Typical equipment used by a pediatric dental clinic business.
E00344,B0050,Dental Laboratory,Healthcare,Dental,Examination bed,Essential Equipment,1,Yes,Typical equipment used by a dental laboratory business.
E00345,B0050,Dental Laboratory,Healthcare,Dental,Patient monitor,Essential Equipment,1,Yes,Typical equipment used by a dental laboratory business.
E00346,B0050,Dental Laboratory,Healthcare,Dental,Autoclave/sterilizer,Essential Equipment,1,Yes,Typical equipment used by a dental laboratory business.
E00347,B0050,Dental Laboratory,Healthcare,Dental,Medical refrigerator,Essential Equipment,1,Yes,Typical equipment used by a dental laboratory business.
E00348,B0050,Dental Laboratory,Healthcare,Dental,Computer workstation,Essential Equipment,1,Yes,Typical equipment used by a dental laboratory business.
E00349,B0050,Dental Laboratory,Healthcare,Dental,Printer,Optional Equipment,1,No,Typical equipment used by a dental laboratory business.
E00350,B0050,Dental Laboratory,Healthcare,Dental,UPS,Optional Equipment,2,No,Typical equipment used by a dental laboratory business.
E00351,B0050,Dental Laboratory,Healthcare,Dental,Emergency kit,Optional Equipment,1,No,Typical equipment used by a dental laboratory business.
E00352,B0051,Family Restaurant,Food,Restaurant,Commercial gas stove,Essential Equipment,1,Yes,Typical equipment used by a family restaurant business.
E00353,B0051,Family Restaurant,Food,Restaurant,Commercial refrigerator,Essential Equipment,1,Yes,Typical equipment used by a family restaurant business.
E00354,B0051,Family Restaurant,Food,Restaurant,Deep freezer,Essential Equipment,1,Yes,Typical equipment used by a family restaurant business.
E00355,B0051,Family Restaurant,Food,Restaurant,Exhaust hood,Essential Equipment,1,Yes,Typical equipment used by a family restaurant business.
E00356,B0051,Family Restaurant,Food,Restaurant,Food processor,Essential Equipment,1,Yes,Typical equipment used by a family restaurant business.
E00357,B0051,Family Restaurant,Food,Restaurant,Work table,Optional Equipment,1,No,Typical equipment used by a family restaurant business.
E00358,B0052,Fine Dining Restaurant,Food,Restaurant,Commercial gas stove,Essential Equipment,1,Yes,Typical equipment used by a fine dining restaurant business.
E00359,B0052,Fine Dining Restaurant,Food,Restaurant,Commercial refrigerator,Essential Equipment,1,Yes,Typical equipment used by a fine dining restaurant business.
E00360,B0052,Fine Dining Restaurant,Food,Restaurant,Deep freezer,Essential Equipment,1,Yes,Typical equipment used by a fine dining restaurant business.
E00361,B0052,Fine Dining Restaurant,Food,Restaurant,Exhaust hood,Essential Equipment,1,Yes,Typical equipment used by a fine dining restaurant business.
E00362,B0052,Fine Dining Restaurant,Food,Restaurant,Food processor,Essential Equipment,1,Yes,Typical equipment used by a fine dining restaurant business.
E00363,B0052,Fine Dining Restaurant,Food,Restaurant,Work table,Optional Equipment,1,No,Typical equipment used by a fine dining restaurant business.
E00364,B0052,Fine Dining Restaurant,Food,Restaurant,Commercial sink,Optional Equipment,2,No,Typical equipment used by a fine dining restaurant business.
E00365,B0053,Quick Service Restaurant,Food,Restaurant,Commercial gas stove,Essential Equipment,1,Yes,Typical equipment used by a quick service restaurant business.
E00366,B0053,Quick Service Restaurant,Food,Restaurant,Commercial refrigerator,Essential Equipment,1,Yes,Typical equipment used by a quick service restaurant business.
E00367,B0053,Quick Service Restaurant,Food,Restaurant,Deep freezer,Essential Equipment,1,Yes,Typical equipment used by a quick service restaurant business.
E00368,B0053,Quick Service Restaurant,Food,Restaurant,Exhaust hood,Essential Equipment,1,Yes,Typical equipment used by a quick service restaurant business.
E00369,B0053,Quick Service Restaurant,Food,Restaurant,Food processor,Essential Equipment,1,Yes,Typical equipment used by a quick service restaurant business.
E00370,B0053,Quick Service Restaurant,Food,Restaurant,Work table,Optional Equipment,1,No,Typical equipment used by a quick service restaurant business.
E00371,B0053,Quick Service Restaurant,Food,Restaurant,Commercial sink,Optional Equipment,2,No,Typical equipment used by a quick service restaurant business.
E00372,B0053,Quick Service Restaurant,Food,Restaurant,POS terminal,Optional Equipment,1,No,Typical equipment used by a quick service restaurant business.
E00373,B0054,Vegetarian Restaurant,Food,Restaurant,Commercial gas stove,Essential Equipment,1,Yes,Typical equipment used by a vegetarian restaurant business.
E00374,B0054,Vegetarian Restaurant,Food,Restaurant,Commercial refrigerator,Essential Equipment,1,Yes,Typical equipment used by a vegetarian restaurant business.
E00375,B0054,Vegetarian Restaurant,Food,Restaurant,Deep freezer,Essential Equipment,1,Yes,Typical equipment used by a vegetarian restaurant business.
E00376,B0054,Vegetarian Restaurant,Food,Restaurant,Exhaust hood,Essential Equipment,1,Yes,Typical equipment used by a vegetarian restaurant business.
E00377,B0054,Vegetarian Restaurant,Food,Restaurant,Food processor,Essential Equipment,1,Yes,Typical equipment used by a vegetarian restaurant business.
E00378,B0054,Vegetarian Restaurant,Food,Restaurant,Work table,Optional Equipment,1,No,Typical equipment used by a vegetarian restaurant business.
E00379,B0055,Specialty Restaurant,Food,Restaurant,Commercial gas stove,Essential Equipment,1,Yes,Typical equipment used by a specialty restaurant business.
E00380,B0055,Specialty Restaurant,Food,Restaurant,Commercial refrigerator,Essential Equipment,1,Yes,Typical equipment used by a specialty restaurant business.
E00381,B0055,Specialty Restaurant,Food,Restaurant,Deep freezer,Essential Equipment,1,Yes,Typical equipment used by a specialty restaurant business.
E00382,B0055,Specialty Restaurant,Food,Restaurant,Exhaust hood,Essential Equipment,1,Yes,Typical equipment used by a specialty restaurant business.
E00383,B0055,Specialty Restaurant,Food,Restaurant,Food processor,Essential Equipment,1,Yes,Typical equipment used by a specialty restaurant business.
E00384,B0055,Specialty Restaurant,Food,Restaurant,Work table,Optional Equipment,1,No,Typical equipment used by a specialty restaurant business.
E00385,B0055,Specialty Restaurant,Food,Restaurant,Commercial sink,Optional Equipment,2,No,Typical equipment used by a specialty restaurant business.
E00386,B0056,Coffee Cafe,Food,Cafe,Commercial gas stove,Essential Equipment,1,Yes,Typical equipment used by a coffee cafe business.
E00387,B0056,Coffee Cafe,Food,Cafe,Commercial refrigerator,Essential Equipment,1,Yes,Typical equipment used by a coffee cafe business.
E00388,B0056,Coffee Cafe,Food,Cafe,Deep freezer,Essential Equipment,1,Yes,Typical equipment used by a coffee cafe business.
E00389,B0056,Coffee Cafe,Food,Cafe,Exhaust hood,Essential Equipment,1,Yes,Typical equipment used by a coffee cafe business.
E00390,B0056,Coffee Cafe,Food,Cafe,Food processor,Essential Equipment,1,Yes,Typical equipment used by a coffee cafe business.
E00391,B0056,Coffee Cafe,Food,Cafe,Work table,Optional Equipment,1,No,Typical equipment used by a coffee cafe business.
E00392,B0056,Coffee Cafe,Food,Cafe,Commercial sink,Optional Equipment,2,No,Typical equipment used by a coffee cafe business.
E00393,B0056,Coffee Cafe,Food,Cafe,POS terminal,Optional Equipment,1,No,Typical equipment used by a coffee cafe business.
E00394,B0057,Tea Cafe,Food,Cafe,Commercial gas stove,Essential Equipment,1,Yes,Typical equipment used by a tea cafe business.
E00395,B0057,Tea Cafe,Food,Cafe,Commercial refrigerator,Essential Equipment,1,Yes,Typical equipment used by a tea cafe business.
E00396,B0057,Tea Cafe,Food,Cafe,Deep freezer,Essential Equipment,1,Yes,Typical equipment used by a tea cafe business.
E00397,B0057,Tea Cafe,Food,Cafe,Exhaust hood,Essential Equipment,1,Yes,Typical equipment used by a tea cafe business.
E00398,B0057,Tea Cafe,Food,Cafe,Food processor,Essential Equipment,1,Yes,Typical equipment used by a tea cafe business.
E00399,B0057,Tea Cafe,Food,Cafe,Work table,Optional Equipment,1,No,Typical equipment used by a tea cafe business.
E00400,B0058,Dessert Cafe,Food,Cafe,Commercial gas stove,Essential Equipment,1,Yes,Typical equipment used by a dessert cafe business.
E00401,B0058,Dessert Cafe,Food,Cafe,Commercial refrigerator,Essential Equipment,1,Yes,Typical equipment used by a dessert cafe business.
E00402,B0058,Dessert Cafe,Food,Cafe,Deep freezer,Essential Equipment,1,Yes,Typical equipment used by a dessert cafe business.
E00403,B0058,Dessert Cafe,Food,Cafe,Exhaust hood,Essential Equipment,1,Yes,Typical equipment used by a dessert cafe business.
E00404,B0058,Dessert Cafe,Food,Cafe,Food processor,Essential Equipment,1,Yes,Typical equipment used by a dessert cafe business.
E00405,B0058,Dessert Cafe,Food,Cafe,Work table,Optional Equipment,1,No,Typical equipment used by a dessert cafe business.
E00406,B0058,Dessert Cafe,Food,Cafe,Commercial sink,Optional Equipment,2,No,Typical equipment used by a dessert cafe business.
E00407,B0059,Bakery Cafe,Food,Cafe,Commercial gas stove,Essential Equipment,1,Yes,Typical equipment used by a bakery cafe business.
E00408,B0059,Bakery Cafe,Food,Cafe,Commercial refrigerator,Essential Equipment,1,Yes,Typical equipment used by a bakery cafe business.
E00409,B0059,Bakery Cafe,Food,Cafe,Deep freezer,Essential Equipment,1,Yes,Typical equipment used by a bakery cafe business.
E00410,B0059,Bakery Cafe,Food,Cafe,Exhaust hood,Essential Equipment,1,Yes,Typical equipment used by a bakery cafe business.
E00411,B0059,Bakery Cafe,Food,Cafe,Food processor,Essential Equipment,1,Yes,Typical equipment used by a bakery cafe business.
E00412,B0059,Bakery Cafe,Food,Cafe,Work table,Optional Equipment,1,No,Typical equipment used by a bakery cafe business.
E00413,B0059,Bakery Cafe,Food,Cafe,Commercial sink,Optional Equipment,2,No,Typical equipment used by a bakery cafe business.
E00414,B0059,Bakery Cafe,Food,Cafe,POS terminal,Optional Equipment,1,No,Typical equipment used by a bakery cafe business.
E00415,B0060,Juice Cafe,Food,Cafe,Commercial gas stove,Essential Equipment,1,Yes,Typical equipment used by a juice cafe business.
E00416,B0060,Juice Cafe,Food,Cafe,Commercial refrigerator,Essential Equipment,1,Yes,Typical equipment used by a juice cafe business.
E00417,B0060,Juice Cafe,Food,Cafe,Deep freezer,Essential Equipment,1,Yes,Typical equipment used by a juice cafe business.
E00418,B0060,Juice Cafe,Food,Cafe,Exhaust hood,Essential Equipment,1,Yes,Typical equipment used by a juice cafe business.
E00419,B0060,Juice Cafe,Food,Cafe,Food processor,Essential Equipment,1,Yes,Typical equipment used by a juice cafe business.
E00420,B0060,Juice Cafe,Food,Cafe,Work table,Optional Equipment,1,No,Typical equipment used by a juice cafe business.
E00421,B0061,Bread Bakery,Food,Bakery,Commercial gas stove,Essential Equipment,1,Yes,Typical equipment used by a bread bakery business.
E00422,B0061,Bread Bakery,Food,Bakery,Commercial refrigerator,Essential Equipment,1,Yes,Typical equipment used by a bread bakery business.
E00423,B0061,Bread Bakery,Food,Bakery,Deep freezer,Essential Equipment,1,Yes,Typical equipment used by a bread bakery business.
E00424,B0061,Bread Bakery,Food,Bakery,Exhaust hood,Essential Equipment,1,Yes,Typical equipment used by a bread bakery business.
E00425,B0061,Bread Bakery,Food,Bakery,Food processor,Essential Equipment,1,Yes,Typical equipment used by a bread bakery business.
E00426,B0061,Bread Bakery,Food,Bakery,Work table,Optional Equipment,1,No,Typical equipment used by a bread bakery business.
E00427,B0061,Bread Bakery,Food,Bakery,Commercial sink,Optional Equipment,2,No,Typical equipment used by a bread bakery business.
E00428,B0062,Cake Bakery,Food,Bakery,Commercial gas stove,Essential Equipment,1,Yes,Typical equipment used by a cake bakery business.
E00429,B0062,Cake Bakery,Food,Bakery,Commercial refrigerator,Essential Equipment,1,Yes,Typical equipment used by a cake bakery business.
E00430,B0062,Cake Bakery,Food,Bakery,Deep freezer,Essential Equipment,1,Yes,Typical equipment used by a cake bakery business.
E00431,B0062,Cake Bakery,Food,Bakery,Exhaust hood,Essential Equipment,1,Yes,Typical equipment used by a cake bakery business.
E00432,B0062,Cake Bakery,Food,Bakery,Food processor,Essential Equipment,1,Yes,Typical equipment used by a cake bakery business.
E00433,B0062,Cake Bakery,Food,Bakery,Work table,Optional Equipment,1,No,Typical equipment used by a cake bakery business.
E00434,B0062,Cake Bakery,Food,Bakery,Commercial sink,Optional Equipment,2,No,Typical equipment used by a cake bakery business.
E00435,B0062,Cake Bakery,Food,Bakery,POS terminal,Optional Equipment,1,No,Typical equipment used by a cake bakery business.
E00436,B0063,Pastry Shop,Food,Bakery,Commercial gas stove,Essential Equipment,1,Yes,Typical equipment used by a pastry shop business.
E00437,B0063,Pastry Shop,Food,Bakery,Commercial refrigerator,Essential Equipment,1,Yes,Typical equipment used by a pastry shop business.
E00438,B0063,Pastry Shop,Food,Bakery,Deep freezer,Essential Equipment,1,Yes,Typical equipment used by a pastry shop business.
E00439,B0063,Pastry Shop,Food,Bakery,Exhaust hood,Essential Equipment,1,Yes,Typical equipment used by a pastry shop business.
E00440,B0063,Pastry Shop,Food,Bakery,Food processor,Essential Equipment,1,Yes,Typical equipment used by a pastry shop business.
E00441,B0063,Pastry Shop,Food,Bakery,Work table,Optional Equipment,1,No,Typical equipment used by a pastry shop business.
E00442,B0064,Commercial Bakery,Food,Bakery,Commercial gas stove,Essential Equipment,1,Yes,Typical equipment used by a commercial bakery business.
E00443,B0064,Commercial Bakery,Food,Bakery,Commercial refrigerator,Essential Equipment,1,Yes,Typical equipment used by a commercial bakery business.
E00444,B0064,Commercial Bakery,Food,Bakery,Deep freezer,Essential Equipment,1,Yes,Typical equipment used by a commercial bakery business.
E00445,B0064,Commercial Bakery,Food,Bakery,Exhaust hood,Essential Equipment,1,Yes,Typical equipment used by a commercial bakery business.
E00446,B0064,Commercial Bakery,Food,Bakery,Food processor,Essential Equipment,1,Yes,Typical equipment used by a commercial bakery business.
E00447,B0064,Commercial Bakery,Food,Bakery,Work table,Optional Equipment,1,No,Typical equipment used by a commercial bakery business.
E00448,B0064,Commercial Bakery,Food,Bakery,Commercial sink,Optional Equipment,2,No,Typical equipment used by a commercial bakery business.
E00449,B0065,Artisan Bakery,Food,Bakery,Commercial gas stove,Essential Equipment,1,Yes,Typical equipment used by a artisan bakery business.
E00450,B0065,Artisan Bakery,Food,Bakery,Commercial refrigerator,Essential Equipment,1,Yes,Typical equipment used by a artisan bakery business.
E00451,B0065,Artisan Bakery,Food,Bakery,Deep freezer,Essential Equipment,1,Yes,Typical equipment used by a artisan bakery business.
E00452,B0065,Artisan Bakery,Food,Bakery,Exhaust hood,Essential Equipment,1,Yes,Typical equipment used by a artisan bakery business.
E00453,B0065,Artisan Bakery,Food,Bakery,Food processor,Essential Equipment,1,Yes,Typical equipment used by a artisan bakery business.
E00454,B0065,Artisan Bakery,Food,Bakery,Work table,Optional Equipment,1,No,Typical equipment used by a artisan bakery business.
E00455,B0065,Artisan Bakery,Food,Bakery,Commercial sink,Optional Equipment,2,No,Typical equipment used by a artisan bakery business.
E00456,B0065,Artisan Bakery,Food,Bakery,POS terminal,Optional Equipment,1,No,Typical equipment used by a artisan bakery business.
E00457,B0066,Corporate Catering,Food,Catering,Commercial gas stove,Essential Equipment,1,Yes,Typical equipment used by a corporate catering business.
E00458,B0066,Corporate Catering,Food,Catering,Commercial refrigerator,Essential Equipment,1,Yes,Typical equipment used by a corporate catering business.
E00459,B0066,Corporate Catering,Food,Catering,Deep freezer,Essential Equipment,1,Yes,Typical equipment used by a corporate catering business.
E00460,B0066,Corporate Catering,Food,Catering,Exhaust hood,Essential Equipment,1,Yes,Typical equipment used by a corporate catering business.
E00461,B0066,Corporate Catering,Food,Catering,Food processor,Essential Equipment,1,Yes,Typical equipment used by a corporate catering business.
E00462,B0066,Corporate Catering,Food,Catering,Work table,Optional Equipment,1,No,Typical equipment used by a corporate catering business.
E00463,B0067,Wedding Catering,Food,Catering,Commercial gas stove,Essential Equipment,1,Yes,Typical equipment used by a wedding catering business.
E00464,B0067,Wedding Catering,Food,Catering,Commercial refrigerator,Essential Equipment,1,Yes,Typical equipment used by a wedding catering business.
E00465,B0067,Wedding Catering,Food,Catering,Deep freezer,Essential Equipment,1,Yes,Typical equipment used by a wedding catering business.
E00466,B0067,Wedding Catering,Food,Catering,Exhaust hood,Essential Equipment,1,Yes,Typical equipment used by a wedding catering business.
E00467,B0067,Wedding Catering,Food,Catering,Food processor,Essential Equipment,1,Yes,Typical equipment used by a wedding catering business.
E00468,B0067,Wedding Catering,Food,Catering,Work table,Optional Equipment,1,No,Typical equipment used by a wedding catering business.
E00469,B0067,Wedding Catering,Food,Catering,Commercial sink,Optional Equipment,2,No,Typical equipment used by a wedding catering business.
E00470,B0068,Event Catering,Food,Catering,Commercial gas stove,Essential Equipment,1,Yes,Typical equipment used by a event catering business.
E00471,B0068,Event Catering,Food,Catering,Commercial refrigerator,Essential Equipment,1,Yes,Typical equipment used by a event catering business.
E00472,B0068,Event Catering,Food,Catering,Deep freezer,Essential Equipment,1,Yes,Typical equipment used by a event catering business.
E00473,B0068,Event Catering,Food,Catering,Exhaust hood,Essential Equipment,1,Yes,Typical equipment used by a event catering business.
E00474,B0068,Event Catering,Food,Catering,Food processor,Essential Equipment,1,Yes,Typical equipment used by a event catering business.
E00475,B0068,Event Catering,Food,Catering,Work table,Optional Equipment,1,No,Typical equipment used by a event catering business.
E00476,B0068,Event Catering,Food,Catering,Commercial sink,Optional Equipment,2,No,Typical equipment used by a event catering business.
E00477,B0068,Event Catering,Food,Catering,POS terminal,Optional Equipment,1,No,Typical equipment used by a event catering business.
E00478,B0069,Institutional Catering,Food,Catering,Commercial gas stove,Essential Equipment,1,Yes,Typical equipment used by a institutional catering business.
E00479,B0069,Institutional Catering,Food,Catering,Commercial refrigerator,Essential Equipment,1,Yes,Typical equipment used by a institutional catering business.
E00480,B0069,Institutional Catering,Food,Catering,Deep freezer,Essential Equipment,1,Yes,Typical equipment used by a institutional catering business.
E00481,B0069,Institutional Catering,Food,Catering,Exhaust hood,Essential Equipment,1,Yes,Typical equipment used by a institutional catering business.
E00482,B0069,Institutional Catering,Food,Catering,Food processor,Essential Equipment,1,Yes,Typical equipment used by a institutional catering business.
E00483,B0069,Institutional Catering,Food,Catering,Work table,Optional Equipment,1,No,Typical equipment used by a institutional catering business.
E00484,B0070,Home Catering,Food,Catering,Commercial gas stove,Essential Equipment,1,Yes,Typical equipment used by a home catering business.
E00485,B0070,Home Catering,Food,Catering,Commercial refrigerator,Essential Equipment,1,Yes,Typical equipment used by a home catering business.
E00486,B0070,Home Catering,Food,Catering,Deep freezer,Essential Equipment,1,Yes,Typical equipment used by a home catering business.
E00487,B0070,Home Catering,Food,Catering,Exhaust hood,Essential Equipment,1,Yes,Typical equipment used by a home catering business.
E00488,B0070,Home Catering,Food,Catering,Food processor,Essential Equipment,1,Yes,Typical equipment used by a home catering business.
E00489,B0070,Home Catering,Food,Catering,Work table,Optional Equipment,1,No,Typical equipment used by a home catering business.
E00490,B0070,Home Catering,Food,Catering,Commercial sink,Optional Equipment,2,No,Typical equipment used by a home catering business.
E00491,B0071,Multi-Cuisine Cloud Kitchen,Food,Cloud Kitchen,Commercial gas stove,Essential Equipment,1,Yes,Typical equipment used by a multi-cuisine cloud kitchen business.
E00492,B0071,Multi-Cuisine Cloud Kitchen,Food,Cloud Kitchen,Commercial refrigerator,Essential Equipment,1,Yes,Typical equipment used by a multi-cuisine cloud kitchen business.
E00493,B0071,Multi-Cuisine Cloud Kitchen,Food,Cloud Kitchen,Deep freezer,Essential Equipment,1,Yes,Typical equipment used by a multi-cuisine cloud kitchen business.
E00494,B0071,Multi-Cuisine Cloud Kitchen,Food,Cloud Kitchen,Exhaust hood,Essential Equipment,1,Yes,Typical equipment used by a multi-cuisine cloud kitchen business.
E00495,B0071,Multi-Cuisine Cloud Kitchen,Food,Cloud Kitchen,Food processor,Essential Equipment,1,Yes,Typical equipment used by a multi-cuisine cloud kitchen business.
E00496,B0071,Multi-Cuisine Cloud Kitchen,Food,Cloud Kitchen,Work table,Optional Equipment,1,No,Typical equipment used by a multi-cuisine cloud kitchen business.
E00497,B0071,Multi-Cuisine Cloud Kitchen,Food,Cloud Kitchen,Commercial sink,Optional Equipment,2,No,Typical equipment used by a multi-cuisine cloud kitchen business.
E00498,B0071,Multi-Cuisine Cloud Kitchen,Food,Cloud Kitchen,POS terminal,Optional Equipment,1,No,Typical equipment used by a multi-cuisine cloud kitchen business.
E00499,B0072,Healthy Food Cloud Kitchen,Food,Cloud Kitchen,Commercial gas stove,Essential Equipment,1,Yes,Typical equipment used by a healthy food cloud kitchen business.
E00500,B0072,Healthy Food Cloud Kitchen,Food,Cloud Kitchen,Commercial refrigerator,Essential Equipment,1,Yes,Typical equipment used by a healthy food cloud kitchen business.
E00501,B0072,Healthy Food Cloud Kitchen,Food,Cloud Kitchen,Deep freezer,Essential Equipment,1,Yes,Typical equipment used by a healthy food cloud kitchen business.
E00502,B0072,Healthy Food Cloud Kitchen,Food,Cloud Kitchen,Exhaust hood,Essential Equipment,1,Yes,Typical equipment used by a healthy food cloud kitchen business.
E00503,B0072,Healthy Food Cloud Kitchen,Food,Cloud Kitchen,Food processor,Essential Equipment,1,Yes,Typical equipment used by a healthy food cloud kitchen business.
E00504,B0072,Healthy Food Cloud Kitchen,Food,Cloud Kitchen,Work table,Optional Equipment,1,No,Typical equipment used by a healthy food cloud kitchen business.
E00505,B0073,Biryani Cloud Kitchen,Food,Cloud Kitchen,Commercial gas stove,Essential Equipment,1,Yes,Typical equipment used by a biryani cloud kitchen business.
E00506,B0073,Biryani Cloud Kitchen,Food,Cloud Kitchen,Commercial refrigerator,Essential Equipment,1,Yes,Typical equipment used by a biryani cloud kitchen business.
E00507,B0073,Biryani Cloud Kitchen,Food,Cloud Kitchen,Deep freezer,Essential Equipment,1,Yes,Typical equipment used by a biryani cloud kitchen business.
E00508,B0073,Biryani Cloud Kitchen,Food,Cloud Kitchen,Exhaust hood,Essential Equipment,1,Yes,Typical equipment used by a biryani cloud kitchen business.
E00509,B0073,Biryani Cloud Kitchen,Food,Cloud Kitchen,Food processor,Essential Equipment,1,Yes,Typical equipment used by a biryani cloud kitchen business.
E00510,B0073,Biryani Cloud Kitchen,Food,Cloud Kitchen,Work table,Optional Equipment,1,No,Typical equipment used by a biryani cloud kitchen business.
E00511,B0073,Biryani Cloud Kitchen,Food,Cloud Kitchen,Commercial sink,Optional Equipment,2,No,Typical equipment used by a biryani cloud kitchen business.
E00512,B0074,Dessert Cloud Kitchen,Food,Cloud Kitchen,Commercial gas stove,Essential Equipment,1,Yes,Typical equipment used by a dessert cloud kitchen business.
E00513,B0074,Dessert Cloud Kitchen,Food,Cloud Kitchen,Commercial refrigerator,Essential Equipment,1,Yes,Typical equipment used by a dessert cloud kitchen business.
E00514,B0074,Dessert Cloud Kitchen,Food,Cloud Kitchen,Deep freezer,Essential Equipment,1,Yes,Typical equipment used by a dessert cloud kitchen business.
E00515,B0074,Dessert Cloud Kitchen,Food,Cloud Kitchen,Exhaust hood,Essential Equipment,1,Yes,Typical equipment used by a dessert cloud kitchen business.
E00516,B0074,Dessert Cloud Kitchen,Food,Cloud Kitchen,Food processor,Essential Equipment,1,Yes,Typical equipment used by a dessert cloud kitchen business.
E00517,B0074,Dessert Cloud Kitchen,Food,Cloud Kitchen,Work table,Optional Equipment,1,No,Typical equipment used by a dessert cloud kitchen business.
E00518,B0074,Dessert Cloud Kitchen,Food,Cloud Kitchen,Commercial sink,Optional Equipment,2,No,Typical equipment used by a dessert cloud kitchen business.
E00519,B0074,Dessert Cloud Kitchen,Food,Cloud Kitchen,POS terminal,Optional Equipment,1,No,Typical equipment used by a dessert cloud kitchen business.
E00520,B0075,Meal Prep Kitchen,Food,Cloud Kitchen,Commercial gas stove,Essential Equipment,1,Yes,Typical equipment used by a meal prep kitchen business.
E00521,B0075,Meal Prep Kitchen,Food,Cloud Kitchen,Commercial refrigerator,Essential Equipment,1,Yes,Typical equipment used by a meal prep kitchen business.
E00522,B0075,Meal Prep Kitchen,Food,Cloud Kitchen,Deep freezer,Essential Equipment,1,Yes,Typical equipment used by a meal prep kitchen business.
E00523,B0075,Meal Prep Kitchen,Food,Cloud Kitchen,Exhaust hood,Essential Equipment,1,Yes,Typical equipment used by a meal prep kitchen business.
E00524,B0075,Meal Prep Kitchen,Food,Cloud Kitchen,Food processor,Essential Equipment,1,Yes,Typical equipment used by a meal prep kitchen business.
E00525,B0075,Meal Prep Kitchen,Food,Cloud Kitchen,Work table,Optional Equipment,1,No,Typical equipment used by a meal prep kitchen business.
E00526,B0076,Clothing Store,Fashion,Clothing,Industrial sewing machine,Essential Equipment,1,Yes,Typical equipment used by a clothing store business.
E00527,B0076,Clothing Store,Fashion,Clothing,Overlock machine,Essential Equipment,1,Yes,Typical equipment used by a clothing store business.
E00528,B0076,Clothing Store,Fashion,Clothing,Cutting table,Essential Equipment,1,Yes,Typical equipment used by a clothing store business.
E00529,B0076,Clothing Store,Fashion,Clothing,Steam iron,Essential Equipment,1,Yes,Typical equipment used by a clothing store business.
E00530,B0076,Clothing Store,Fashion,Clothing,Garment rack,Essential Equipment,1,Yes,Typical equipment used by a clothing store business.
E00531,B0076,Clothing Store,Fashion,Clothing,Display shelving,Optional Equipment,1,No,Typical equipment used by a clothing store business.
E00532,B0076,Clothing Store,Fashion,Clothing,POS terminal,Optional Equipment,2,No,Typical equipment used by a clothing store business.
E00533,B0077,Apparel Brand,Fashion,Clothing,Industrial sewing machine,Essential Equipment,1,Yes,Typical equipment used by a apparel brand business.
E00534,B0077,Apparel Brand,Fashion,Clothing,Overlock machine,Essential Equipment,1,Yes,Typical equipment used by a apparel brand business.
E00535,B0077,Apparel Brand,Fashion,Clothing,Cutting table,Essential Equipment,1,Yes,Typical equipment used by a apparel brand business.
E00536,B0077,Apparel Brand,Fashion,Clothing,Steam iron,Essential Equipment,1,Yes,Typical equipment used by a apparel brand business.
E00537,B0077,Apparel Brand,Fashion,Clothing,Garment rack,Essential Equipment,1,Yes,Typical equipment used by a apparel brand business.
E00538,B0077,Apparel Brand,Fashion,Clothing,Display shelving,Optional Equipment,1,No,Typical equipment used by a apparel brand business.
E00539,B0077,Apparel Brand,Fashion,Clothing,POS terminal,Optional Equipment,2,No,Typical equipment used by a apparel brand business.
E00540,B0077,Apparel Brand,Fashion,Clothing,Packaging machine,Optional Equipment,1,No,Typical equipment used by a apparel brand business.
E00541,B0078,Menswear Store,Fashion,Clothing,Industrial sewing machine,Essential Equipment,1,Yes,Typical equipment used by a menswear store business.
E00542,B0078,Menswear Store,Fashion,Clothing,Overlock machine,Essential Equipment,1,Yes,Typical equipment used by a menswear store business.
E00543,B0078,Menswear Store,Fashion,Clothing,Cutting table,Essential Equipment,1,Yes,Typical equipment used by a menswear store business.
E00544,B0078,Menswear Store,Fashion,Clothing,Steam iron,Essential Equipment,1,Yes,Typical equipment used by a menswear store business.
E00545,B0078,Menswear Store,Fashion,Clothing,Garment rack,Essential Equipment,1,Yes,Typical equipment used by a menswear store business.
E00546,B0078,Menswear Store,Fashion,Clothing,Display shelving,Optional Equipment,1,No,Typical equipment used by a menswear store business.
E00547,B0079,Womenswear Store,Fashion,Clothing,Industrial sewing machine,Essential Equipment,1,Yes,Typical equipment used by a womenswear store business.
E00548,B0079,Womenswear Store,Fashion,Clothing,Overlock machine,Essential Equipment,1,Yes,Typical equipment used by a womenswear store business.
E00549,B0079,Womenswear Store,Fashion,Clothing,Cutting table,Essential Equipment,1,Yes,Typical equipment used by a womenswear store business.
E00550,B0079,Womenswear Store,Fashion,Clothing,Steam iron,Essential Equipment,1,Yes,Typical equipment used by a womenswear store business.
E00551,B0079,Womenswear Store,Fashion,Clothing,Garment rack,Essential Equipment,1,Yes,Typical equipment used by a womenswear store business.
E00552,B0079,Womenswear Store,Fashion,Clothing,Display shelving,Optional Equipment,1,No,Typical equipment used by a womenswear store business.
E00553,B0079,Womenswear Store,Fashion,Clothing,POS terminal,Optional Equipment,2,No,Typical equipment used by a womenswear store business.
E00554,B0080,Kidswear Store,Fashion,Clothing,Industrial sewing machine,Essential Equipment,1,Yes,Typical equipment used by a kidswear store business.
E00555,B0080,Kidswear Store,Fashion,Clothing,Overlock machine,Essential Equipment,1,Yes,Typical equipment used by a kidswear store business.
E00556,B0080,Kidswear Store,Fashion,Clothing,Cutting table,Essential Equipment,1,Yes,Typical equipment used by a kidswear store business.
E00557,B0080,Kidswear Store,Fashion,Clothing,Steam iron,Essential Equipment,1,Yes,Typical equipment used by a kidswear store business.
E00558,B0080,Kidswear Store,Fashion,Clothing,Garment rack,Essential Equipment,1,Yes,Typical equipment used by a kidswear store business.
E00559,B0080,Kidswear Store,Fashion,Clothing,Display shelving,Optional Equipment,1,No,Typical equipment used by a kidswear store business.
E00560,B0080,Kidswear Store,Fashion,Clothing,POS terminal,Optional Equipment,2,No,Typical equipment used by a kidswear store business.
E00561,B0080,Kidswear Store,Fashion,Clothing,Packaging machine,Optional Equipment,1,No,Typical equipment used by a kidswear store business.
E00562,B0081,Fashion Boutique,Fashion,Boutique,Industrial sewing machine,Essential Equipment,1,Yes,Typical equipment used by a fashion boutique business.
E00563,B0081,Fashion Boutique,Fashion,Boutique,Overlock machine,Essential Equipment,1,Yes,Typical equipment used by a fashion boutique business.
E00564,B0081,Fashion Boutique,Fashion,Boutique,Cutting table,Essential Equipment,1,Yes,Typical equipment used by a fashion boutique business.
E00565,B0081,Fashion Boutique,Fashion,Boutique,Steam iron,Essential Equipment,1,Yes,Typical equipment used by a fashion boutique business.
E00566,B0081,Fashion Boutique,Fashion,Boutique,Garment rack,Essential Equipment,1,Yes,Typical equipment used by a fashion boutique business.
E00567,B0081,Fashion Boutique,Fashion,Boutique,Display shelving,Optional Equipment,1,No,Typical equipment used by a fashion boutique business.
E00568,B0082,Bridal Boutique,Fashion,Boutique,Industrial sewing machine,Essential Equipment,1,Yes,Typical equipment used by a bridal boutique business.
E00569,B0082,Bridal Boutique,Fashion,Boutique,Overlock machine,Essential Equipment,1,Yes,Typical equipment used by a bridal boutique business.
E00570,B0082,Bridal Boutique,Fashion,Boutique,Cutting table,Essential Equipment,1,Yes,Typical equipment used by a bridal boutique business.
E00571,B0082,Bridal Boutique,Fashion,Boutique,Steam iron,Essential Equipment,1,Yes,Typical equipment used by a bridal boutique business.
E00572,B0082,Bridal Boutique,Fashion,Boutique,Garment rack,Essential Equipment,1,Yes,Typical equipment used by a bridal boutique business.
E00573,B0082,Bridal Boutique,Fashion,Boutique,Display shelving,Optional Equipment,1,No,Typical equipment used by a bridal boutique business.
E00574,B0082,Bridal Boutique,Fashion,Boutique,POS terminal,Optional Equipment,2,No,Typical equipment used by a bridal boutique business.
E00575,B0083,Designer Boutique,Fashion,Boutique,Industrial sewing machine,Essential Equipment,1,Yes,Typical equipment used by a designer boutique business.
E00576,B0083,Designer Boutique,Fashion,Boutique,Overlock machine,Essential Equipment,1,Yes,Typical equipment used by a designer boutique business.
E00577,B0083,Designer Boutique,Fashion,Boutique,Cutting table,Essential Equipment,1,Yes,Typical equipment used by a designer boutique business.
E00578,B0083,Designer Boutique,Fashion,Boutique,Steam iron,Essential Equipment,1,Yes,Typical equipment used by a designer boutique business.
E00579,B0083,Designer Boutique,Fashion,Boutique,Garment rack,Essential Equipment,1,Yes,Typical equipment used by a designer boutique business.
E00580,B0083,Designer Boutique,Fashion,Boutique,Display shelving,Optional Equipment,1,No,Typical equipment used by a designer boutique business.
E00581,B0083,Designer Boutique,Fashion,Boutique,POS terminal,Optional Equipment,2,No,Typical equipment used by a designer boutique business.
E00582,B0083,Designer Boutique,Fashion,Boutique,Packaging machine,Optional Equipment,1,No,Typical equipment used by a designer boutique business.
E00583,B0084,Ethnic Wear Boutique,Fashion,Boutique,Industrial sewing machine,Essential Equipment,1,Yes,Typical equipment used by a ethnic wear boutique business.
E00584,B0084,Ethnic Wear Boutique,Fashion,Boutique,Overlock machine,Essential Equipment,1,Yes,Typical equipment used by a ethnic wear boutique business.
E00585,B0084,Ethnic Wear Boutique,Fashion,Boutique,Cutting table,Essential Equipment,1,Yes,Typical equipment used by a ethnic wear boutique business.
E00586,B0084,Ethnic Wear Boutique,Fashion,Boutique,Steam iron,Essential Equipment,1,Yes,Typical equipment used by a ethnic wear boutique business.
E00587,B0084,Ethnic Wear Boutique,Fashion,Boutique,Garment rack,Essential Equipment,1,Yes,Typical equipment used by a ethnic wear boutique business.
E00588,B0084,Ethnic Wear Boutique,Fashion,Boutique,Display shelving,Optional Equipment,1,No,Typical equipment used by a ethnic wear boutique business.
E00589,B0085,Custom Boutique,Fashion,Boutique,Industrial sewing machine,Essential Equipment,1,Yes,Typical equipment used by a custom boutique business.
E00590,B0085,Custom Boutique,Fashion,Boutique,Overlock machine,Essential Equipment,1,Yes,Typical equipment used by a custom boutique business.
E00591,B0085,Custom Boutique,Fashion,Boutique,Cutting table,Essential Equipment,1,Yes,Typical equipment used by a custom boutique business.
E00592,B0085,Custom Boutique,Fashion,Boutique,Steam iron,Essential Equipment,1,Yes,Typical equipment used by a custom boutique business.
E00593,B0085,Custom Boutique,Fashion,Boutique,Garment rack,Essential Equipment,1,Yes,Typical equipment used by a custom boutique business.
E00594,B0085,Custom Boutique,Fashion,Boutique,Display shelving,Optional Equipment,1,No,Typical equipment used by a custom boutique business.
E00595,B0085,Custom Boutique,Fashion,Boutique,POS terminal,Optional Equipment,2,No,Typical equipment used by a custom boutique business.
E00596,B0086,Footwear Store,Fashion,Footwear,Industrial sewing machine,Essential Equipment,1,Yes,Typical equipment used by a footwear store business.
E00597,B0086,Footwear Store,Fashion,Footwear,Overlock machine,Essential Equipment,1,Yes,Typical equipment used by a footwear store business.
E00598,B0086,Footwear Store,Fashion,Footwear,Cutting table,Essential Equipment,1,Yes,Typical equipment used by a footwear store business.
E00599,B0086,Footwear Store,Fashion,Footwear,Steam iron,Essential Equipment,1,Yes,Typical equipment used by a footwear store business.
E00600,B0086,Footwear Store,Fashion,Footwear,Garment rack,Essential Equipment,1,Yes,Typical equipment used by a footwear store business.
E00601,B0086,Footwear Store,Fashion,Footwear,Display shelving,Optional Equipment,1,No,Typical equipment used by a footwear store business.
E00602,B0086,Footwear Store,Fashion,Footwear,POS terminal,Optional Equipment,2,No,Typical equipment used by a footwear store business.
E00603,B0086,Footwear Store,Fashion,Footwear,Packaging machine,Optional Equipment,1,No,Typical equipment used by a footwear store business.
E00604,B0087,Shoe Brand,Fashion,Footwear,Industrial sewing machine,Essential Equipment,1,Yes,Typical equipment used by a shoe brand business.
E00605,B0087,Shoe Brand,Fashion,Footwear,Overlock machine,Essential Equipment,1,Yes,Typical equipment used by a shoe brand business.
E00606,B0087,Shoe Brand,Fashion,Footwear,Cutting table,Essential Equipment,1,Yes,Typical equipment used by a shoe brand business.
E00607,B0087,Shoe Brand,Fashion,Footwear,Steam iron,Essential Equipment,1,Yes,Typical equipment used by a shoe brand business.
E00608,B0087,Shoe Brand,Fashion,Footwear,Garment rack,Essential Equipment,1,Yes,Typical equipment used by a shoe brand business.
E00609,B0087,Shoe Brand,Fashion,Footwear,Display shelving,Optional Equipment,1,No,Typical equipment used by a shoe brand business.
E00610,B0088,Sports Footwear Store,Fashion,Footwear,Industrial sewing machine,Essential Equipment,1,Yes,Typical equipment used by a sports footwear store business.
E00611,B0088,Sports Footwear Store,Fashion,Footwear,Overlock machine,Essential Equipment,1,Yes,Typical equipment used by a sports footwear store business.
E00612,B0088,Sports Footwear Store,Fashion,Footwear,Cutting table,Essential Equipment,1,Yes,Typical equipment used by a sports footwear store business.
E00613,B0088,Sports Footwear Store,Fashion,Footwear,Steam iron,Essential Equipment,1,Yes,Typical equipment used by a sports footwear store business.
E00614,B0088,Sports Footwear Store,Fashion,Footwear,Garment rack,Essential Equipment,1,Yes,Typical equipment used by a sports footwear store business.
E00615,B0088,Sports Footwear Store,Fashion,Footwear,Display shelving,Optional Equipment,1,No,Typical equipment used by a sports footwear store business.
E00616,B0088,Sports Footwear Store,Fashion,Footwear,POS terminal,Optional Equipment,2,No,Typical equipment used by a sports footwear store business.
E00617,B0089,Custom Footwear Studio,Fashion,Footwear,Industrial sewing machine,Essential Equipment,1,Yes,Typical equipment used by a custom footwear studio business.
E00618,B0089,Custom Footwear Studio,Fashion,Footwear,Overlock machine,Essential Equipment,1,Yes,Typical equipment used by a custom footwear studio business.
E00619,B0089,Custom Footwear Studio,Fashion,Footwear,Cutting table,Essential Equipment,1,Yes,Typical equipment used by a custom footwear studio business.
E00620,B0089,Custom Footwear Studio,Fashion,Footwear,Steam iron,Essential Equipment,1,Yes,Typical equipment used by a custom footwear studio business.
E00621,B0089,Custom Footwear Studio,Fashion,Footwear,Garment rack,Essential Equipment,1,Yes,Typical equipment used by a custom footwear studio business.
E00622,B0089,Custom Footwear Studio,Fashion,Footwear,Display shelving,Optional Equipment,1,No,Typical equipment used by a custom footwear studio business.
E00623,B0089,Custom Footwear Studio,Fashion,Footwear,POS terminal,Optional Equipment,2,No,Typical equipment used by a custom footwear studio business.
E00624,B0089,Custom Footwear Studio,Fashion,Footwear,Packaging machine,Optional Equipment,1,No,Typical equipment used by a custom footwear studio business.
E00625,B0090,Leather Footwear Shop,Fashion,Footwear,Industrial sewing machine,Essential Equipment,1,Yes,Typical equipment used by a leather footwear shop business.
E00626,B0090,Leather Footwear Shop,Fashion,Footwear,Overlock machine,Essential Equipment,1,Yes,Typical equipment used by a leather footwear shop business.
E00627,B0090,Leather Footwear Shop,Fashion,Footwear,Cutting table,Essential Equipment,1,Yes,Typical equipment used by a leather footwear shop business.
E00628,B0090,Leather Footwear Shop,Fashion,Footwear,Steam iron,Essential Equipment,1,Yes,Typical equipment used by a leather footwear shop business.
E00629,B0090,Leather Footwear Shop,Fashion,Footwear,Garment rack,Essential Equipment,1,Yes,Typical equipment used by a leather footwear shop business.
E00630,B0090,Leather Footwear Shop,Fashion,Footwear,Display shelving,Optional Equipment,1,No,Typical equipment used by a leather footwear shop business.
E00631,B0091,Jewelry Store,Fashion,Jewelry,Industrial sewing machine,Essential Equipment,1,Yes,Typical equipment used by a jewelry store business.
E00632,B0091,Jewelry Store,Fashion,Jewelry,Overlock machine,Essential Equipment,1,Yes,Typical equipment used by a jewelry store business.
E00633,B0091,Jewelry Store,Fashion,Jewelry,Cutting table,Essential Equipment,1,Yes,Typical equipment used by a jewelry store business.
E00634,B0091,Jewelry Store,Fashion,Jewelry,Steam iron,Essential Equipment,1,Yes,Typical equipment used by a jewelry store business.
E00635,B0091,Jewelry Store,Fashion,Jewelry,Garment rack,Essential Equipment,1,Yes,Typical equipment used by a jewelry store business.
E00636,B0091,Jewelry Store,Fashion,Jewelry,Display shelving,Optional Equipment,1,No,Typical equipment used by a jewelry store business.
E00637,B0091,Jewelry Store,Fashion,Jewelry,POS terminal,Optional Equipment,2,No,Typical equipment used by a jewelry store business.
E00638,B0092,Gold Jewelry Store,Fashion,Jewelry,Industrial sewing machine,Essential Equipment,1,Yes,Typical equipment used by a gold jewelry store business.
E00639,B0092,Gold Jewelry Store,Fashion,Jewelry,Overlock machine,Essential Equipment,1,Yes,Typical equipment used by a gold jewelry store business.
E00640,B0092,Gold Jewelry Store,Fashion,Jewelry,Cutting table,Essential Equipment,1,Yes,Typical equipment used by a gold jewelry store business.
E00641,B0092,Gold Jewelry Store,Fashion,Jewelry,Steam iron,Essential Equipment,1,Yes,Typical equipment used by a gold jewelry store business.
E00642,B0092,Gold Jewelry Store,Fashion,Jewelry,Garment rack,Essential Equipment,1,Yes,Typical equipment used by a gold jewelry store business.
E00643,B0092,Gold Jewelry Store,Fashion,Jewelry,Display shelving,Optional Equipment,1,No,Typical equipment used by a gold jewelry store business.
E00644,B0092,Gold Jewelry Store,Fashion,Jewelry,POS terminal,Optional Equipment,2,No,Typical equipment used by a gold jewelry store business.
E00645,B0092,Gold Jewelry Store,Fashion,Jewelry,Packaging machine,Optional Equipment,1,No,Typical equipment used by a gold jewelry store business.
E00646,B0093,Fashion Jewelry Store,Fashion,Jewelry,Industrial sewing machine,Essential Equipment,1,Yes,Typical equipment used by a fashion jewelry store business.
E00647,B0093,Fashion Jewelry Store,Fashion,Jewelry,Overlock machine,Essential Equipment,1,Yes,Typical equipment used by a fashion jewelry store business.
E00648,B0093,Fashion Jewelry Store,Fashion,Jewelry,Cutting table,Essential Equipment,1,Yes,Typical equipment used by a fashion jewelry store business.
E00649,B0093,Fashion Jewelry Store,Fashion,Jewelry,Steam iron,Essential Equipment,1,Yes,Typical equipment used by a fashion jewelry store business.
E00650,B0093,Fashion Jewelry Store,Fashion,Jewelry,Garment rack,Essential Equipment,1,Yes,Typical equipment used by a fashion jewelry store business.
E00651,B0093,Fashion Jewelry Store,Fashion,Jewelry,Display shelving,Optional Equipment,1,No,Typical equipment used by a fashion jewelry store business.
E00652,B0094,Custom Jewelry Studio,Fashion,Jewelry,Industrial sewing machine,Essential Equipment,1,Yes,Typical equipment used by a custom jewelry studio business.
E00653,B0094,Custom Jewelry Studio,Fashion,Jewelry,Overlock machine,Essential Equipment,1,Yes,Typical equipment used by a custom jewelry studio business.
E00654,B0094,Custom Jewelry Studio,Fashion,Jewelry,Cutting table,Essential Equipment,1,Yes,Typical equipment used by a custom jewelry studio business.
E00655,B0094,Custom Jewelry Studio,Fashion,Jewelry,Steam iron,Essential Equipment,1,Yes,Typical equipment used by a custom jewelry studio business.
E00656,B0094,Custom Jewelry Studio,Fashion,Jewelry,Garment rack,Essential Equipment,1,Yes,Typical equipment used by a custom jewelry studio business.
E00657,B0094,Custom Jewelry Studio,Fashion,Jewelry,Display shelving,Optional Equipment,1,No,Typical equipment used by a custom jewelry studio business.
E00658,B0094,Custom Jewelry Studio,Fashion,Jewelry,POS terminal,Optional Equipment,2,No,Typical equipment used by a custom jewelry studio business.
E00659,B0095,Jewelry Workshop,Fashion,Jewelry,Industrial sewing machine,Essential Equipment,1,Yes,Typical equipment used by a jewelry workshop business.
E00660,B0095,Jewelry Workshop,Fashion,Jewelry,Overlock machine,Essential Equipment,1,Yes,Typical equipment used by a jewelry workshop business.
E00661,B0095,Jewelry Workshop,Fashion,Jewelry,Cutting table,Essential Equipment,1,Yes,Typical equipment used by a jewelry workshop business.
E00662,B0095,Jewelry Workshop,Fashion,Jewelry,Steam iron,Essential Equipment,1,Yes,Typical equipment used by a jewelry workshop business.
E00663,B0095,Jewelry Workshop,Fashion,Jewelry,Garment rack,Essential Equipment,1,Yes,Typical equipment used by a jewelry workshop business.
E00664,B0095,Jewelry Workshop,Fashion,Jewelry,Display shelving,Optional Equipment,1,No,Typical equipment used by a jewelry workshop business.
E00665,B0095,Jewelry Workshop,Fashion,Jewelry,POS terminal,Optional Equipment,2,No,Typical equipment used by a jewelry workshop business.
E00666,B0095,Jewelry Workshop,Fashion,Jewelry,Packaging machine,Optional Equipment,1,No,Typical equipment used by a jewelry workshop business.
E00667,B0096,Cosmetics Store,Fashion,Cosmetics,Industrial sewing machine,Essential Equipment,1,Yes,Typical equipment used by a cosmetics store business.
E00668,B0096,Cosmetics Store,Fashion,Cosmetics,Overlock machine,Essential Equipment,1,Yes,Typical equipment used by a cosmetics store business.
E00669,B0096,Cosmetics Store,Fashion,Cosmetics,Cutting table,Essential Equipment,1,Yes,Typical equipment used by a cosmetics store business.
E00670,B0096,Cosmetics Store,Fashion,Cosmetics,Steam iron,Essential Equipment,1,Yes,Typical equipment used by a cosmetics store business.
E00671,B0096,Cosmetics Store,Fashion,Cosmetics,Garment rack,Essential Equipment,1,Yes,Typical equipment used by a cosmetics store business.
E00672,B0096,Cosmetics Store,Fashion,Cosmetics,Display shelving,Optional Equipment,1,No,Typical equipment used by a cosmetics store business.
E00673,B0097,Makeup Brand,Fashion,Cosmetics,Industrial sewing machine,Essential Equipment,1,Yes,Typical equipment used by a makeup brand business.
E00674,B0097,Makeup Brand,Fashion,Cosmetics,Overlock machine,Essential Equipment,1,Yes,Typical equipment used by a makeup brand business.
E00675,B0097,Makeup Brand,Fashion,Cosmetics,Cutting table,Essential Equipment,1,Yes,Typical equipment used by a makeup brand business.
E00676,B0097,Makeup Brand,Fashion,Cosmetics,Steam iron,Essential Equipment,1,Yes,Typical equipment used by a makeup brand business.
E00677,B0097,Makeup Brand,Fashion,Cosmetics,Garment rack,Essential Equipment,1,Yes,Typical equipment used by a makeup brand business.
E00678,B0097,Makeup Brand,Fashion,Cosmetics,Display shelving,Optional Equipment,1,No,Typical equipment used by a makeup brand business.
E00679,B0097,Makeup Brand,Fashion,Cosmetics,POS terminal,Optional Equipment,2,No,Typical equipment used by a makeup brand business.
E00680,B0098,Skincare Brand,Fashion,Cosmetics,Industrial sewing machine,Essential Equipment,1,Yes,Typical equipment used by a skincare brand business.
E00681,B0098,Skincare Brand,Fashion,Cosmetics,Overlock machine,Essential Equipment,1,Yes,Typical equipment used by a skincare brand business.
E00682,B0098,Skincare Brand,Fashion,Cosmetics,Cutting table,Essential Equipment,1,Yes,Typical equipment used by a skincare brand business.
E00683,B0098,Skincare Brand,Fashion,Cosmetics,Steam iron,Essential Equipment,1,Yes,Typical equipment used by a skincare brand business.
E00684,B0098,Skincare Brand,Fashion,Cosmetics,Garment rack,Essential Equipment,1,Yes,Typical equipment used by a skincare brand business.
E00685,B0098,Skincare Brand,Fashion,Cosmetics,Display shelving,Optional Equipment,1,No,Typical equipment used by a skincare brand business.
E00686,B0098,Skincare Brand,Fashion,Cosmetics,POS terminal,Optional Equipment,2,No,Typical equipment used by a skincare brand business.
E00687,B0098,Skincare Brand,Fashion,Cosmetics,Packaging machine,Optional Equipment,1,No,Typical equipment used by a skincare brand business.
E00688,B0099,Beauty Product Store,Fashion,Cosmetics,Industrial sewing machine,Essential Equipment,1,Yes,Typical equipment used by a beauty product store business.
E00689,B0099,Beauty Product Store,Fashion,Cosmetics,Overlock machine,Essential Equipment,1,Yes,Typical equipment used by a beauty product store business.
E00690,B0099,Beauty Product Store,Fashion,Cosmetics,Cutting table,Essential Equipment,1,Yes,Typical equipment used by a beauty product store business.
E00691,B0099,Beauty Product Store,Fashion,Cosmetics,Steam iron,Essential Equipment,1,Yes,Typical equipment used by a beauty product store business.
E00692,B0099,Beauty Product Store,Fashion,Cosmetics,Garment rack,Essential Equipment,1,Yes,Typical equipment used by a beauty product store business.
E00693,B0099,Beauty Product Store,Fashion,Cosmetics,Display shelving,Optional Equipment,1,No,Typical equipment used by a beauty product store business.
E00694,B0100,Natural Cosmetics Brand,Fashion,Cosmetics,Industrial sewing machine,Essential Equipment,1,Yes,Typical equipment used by a natural cosmetics brand business.
E00695,B0100,Natural Cosmetics Brand,Fashion,Cosmetics,Overlock machine,Essential Equipment,1,Yes,Typical equipment used by a natural cosmetics brand business.
E00696,B0100,Natural Cosmetics Brand,Fashion,Cosmetics,Cutting table,Essential Equipment,1,Yes,Typical equipment used by a natural cosmetics brand business.
E00697,B0100,Natural Cosmetics Brand,Fashion,Cosmetics,Steam iron,Essential Equipment,1,Yes,Typical equipment used by a natural cosmetics brand business.
E00698,B0100,Natural Cosmetics Brand,Fashion,Cosmetics,Garment rack,Essential Equipment,1,Yes,Typical equipment used by a natural cosmetics brand business.
E00699,B0100,Natural Cosmetics Brand,Fashion,Cosmetics,Display shelving,Optional Equipment,1,No,Typical equipment used by a natural cosmetics brand business.
E00700,B0100,Natural Cosmetics Brand,Fashion,Cosmetics,POS terminal,Optional Equipment,2,No,Typical equipment used by a natural cosmetics brand business.
E00701,B0101,Property Management Company,Real Estate,Property Management,Laptop,Essential Equipment,1,Yes,Typical equipment used by a property management company business.
E00702,B0101,Property Management Company,Real Estate,Property Management,Printer/scanner,Essential Equipment,1,Yes,Typical equipment used by a property management company business.
E00703,B0101,Property Management Company,Real Estate,Property Management,Smartphone,Essential Equipment,1,Yes,Typical equipment used by a property management company business.
E00704,B0101,Property Management Company,Real Estate,Property Management,Wi-Fi router,Essential Equipment,1,Yes,Typical equipment used by a property management company business.
E00705,B0101,Property Management Company,Real Estate,Property Management,UPS,Essential Equipment,1,Yes,Typical equipment used by a property management company business.
E00706,B0101,Property Management Company,Real Estate,Property Management,Digital camera,Optional Equipment,1,No,Typical equipment used by a property management company business.
E00707,B0101,Property Management Company,Real Estate,Property Management,Measuring laser,Optional Equipment,2,No,Typical equipment used by a property management company business.
E00708,B0101,Property Management Company,Real Estate,Property Management,Document storage cabinet,Optional Equipment,1,No,Typical equipment used by a property management company business.
E00709,B0102,Apartment Management Service,Real Estate,Property Management,Laptop,Essential Equipment,1,Yes,Typical equipment used by a apartment management service business.
E00710,B0102,Apartment Management Service,Real Estate,Property Management,Printer/scanner,Essential Equipment,1,Yes,Typical equipment used by a apartment management service business.
E00711,B0102,Apartment Management Service,Real Estate,Property Management,Smartphone,Essential Equipment,1,Yes,Typical equipment used by a apartment management service business.
E00712,B0102,Apartment Management Service,Real Estate,Property Management,Wi-Fi router,Essential Equipment,1,Yes,Typical equipment used by a apartment management service business.
E00713,B0102,Apartment Management Service,Real Estate,Property Management,UPS,Essential Equipment,1,Yes,Typical equipment used by a apartment management service business.
E00714,B0102,Apartment Management Service,Real Estate,Property Management,Digital camera,Optional Equipment,1,No,Typical equipment used by a apartment management service business.
E00715,B0103,Commercial Property Manager,Real Estate,Property Management,Laptop,Essential Equipment,1,Yes,Typical equipment used by a commercial property manager business.
E00716,B0103,Commercial Property Manager,Real Estate,Property Management,Printer/scanner,Essential Equipment,1,Yes,Typical equipment used by a commercial property manager business.
E00717,B0103,Commercial Property Manager,Real Estate,Property Management,Smartphone,Essential Equipment,1,Yes,Typical equipment used by a commercial property manager business.
E00718,B0103,Commercial Property Manager,Real Estate,Property Management,Wi-Fi router,Essential Equipment,1,Yes,Typical equipment used by a commercial property manager business.
E00719,B0103,Commercial Property Manager,Real Estate,Property Management,UPS,Essential Equipment,1,Yes,Typical equipment used by a commercial property manager business.
E00720,B0103,Commercial Property Manager,Real Estate,Property Management,Digital camera,Optional Equipment,1,No,Typical equipment used by a commercial property manager business.
E00721,B0103,Commercial Property Manager,Real Estate,Property Management,Measuring laser,Optional Equipment,2,No,Typical equipment used by a commercial property manager business.
E00722,B0104,Facility Management Company,Real Estate,Property Management,Laptop,Essential Equipment,1,Yes,Typical equipment used by a facility management company business.
E00723,B0104,Facility Management Company,Real Estate,Property Management,Printer/scanner,Essential Equipment,1,Yes,Typical equipment used by a facility management company business.
E00724,B0104,Facility Management Company,Real Estate,Property Management,Smartphone,Essential Equipment,1,Yes,Typical equipment used by a facility management company business.
E00725,B0104,Facility Management Company,Real Estate,Property Management,Wi-Fi router,Essential Equipment,1,Yes,Typical equipment used by a facility management company business.
E00726,B0104,Facility Management Company,Real Estate,Property Management,UPS,Essential Equipment,1,Yes,Typical equipment used by a facility management company business.
E00727,B0104,Facility Management Company,Real Estate,Property Management,Digital camera,Optional Equipment,1,No,Typical equipment used by a facility management company business.
E00728,B0104,Facility Management Company,Real Estate,Property Management,Measuring laser,Optional Equipment,2,No,Typical equipment used by a facility management company business.
E00729,B0104,Facility Management Company,Real Estate,Property Management,Document storage cabinet,Optional Equipment,1,No,Typical equipment used by a facility management company business.
E00730,B0105,Rental Management Service,Real Estate,Property Management,Laptop,Essential Equipment,1,Yes,Typical equipment used by a rental management service business.
E00731,B0105,Rental Management Service,Real Estate,Property Management,Printer/scanner,Essential Equipment,1,Yes,Typical equipment used by a rental management service business.
E00732,B0105,Rental Management Service,Real Estate,Property Management,Smartphone,Essential Equipment,1,Yes,Typical equipment used by a rental management service business.
E00733,B0105,Rental Management Service,Real Estate,Property Management,Wi-Fi router,Essential Equipment,1,Yes,Typical equipment used by a rental management service business.
E00734,B0105,Rental Management Service,Real Estate,Property Management,UPS,Essential Equipment,1,Yes,Typical equipment used by a rental management service business.
E00735,B0105,Rental Management Service,Real Estate,Property Management,Digital camera,Optional Equipment,1,No,Typical equipment used by a rental management service business.
E00736,B0106,Residential Construction Company,Real Estate,Construction,Laptop,Essential Equipment,1,Yes,Typical equipment used by a residential construction company business.
E00737,B0106,Residential Construction Company,Real Estate,Construction,Printer/scanner,Essential Equipment,1,Yes,Typical equipment used by a residential construction company business.
E00738,B0106,Residential Construction Company,Real Estate,Construction,Smartphone,Essential Equipment,1,Yes,Typical equipment used by a residential construction company business.
E00739,B0106,Residential Construction Company,Real Estate,Construction,Wi-Fi router,Essential Equipment,1,Yes,Typical equipment used by a residential construction company business.
E00740,B0106,Residential Construction Company,Real Estate,Construction,UPS,Essential Equipment,1,Yes,Typical equipment used by a residential construction company business.
E00741,B0106,Residential Construction Company,Real Estate,Construction,Digital camera,Optional Equipment,1,No,Typical equipment used by a residential construction company business.
E00742,B0106,Residential Construction Company,Real Estate,Construction,Measuring laser,Optional Equipment,2,No,Typical equipment used by a residential construction company business.
E00743,B0107,Commercial Construction Company,Real Estate,Construction,Laptop,Essential Equipment,1,Yes,Typical equipment used by a commercial construction company business.
E00744,B0107,Commercial Construction Company,Real Estate,Construction,Printer/scanner,Essential Equipment,1,Yes,Typical equipment used by a commercial construction company business.
E00745,B0107,Commercial Construction Company,Real Estate,Construction,Smartphone,Essential Equipment,1,Yes,Typical equipment used by a commercial construction company business.
E00746,B0107,Commercial Construction Company,Real Estate,Construction,Wi-Fi router,Essential Equipment,1,Yes,Typical equipment used by a commercial construction company business.
E00747,B0107,Commercial Construction Company,Real Estate,Construction,UPS,Essential Equipment,1,Yes,Typical equipment used by a commercial construction company business.
E00748,B0107,Commercial Construction Company,Real Estate,Construction,Digital camera,Optional Equipment,1,No,Typical equipment used by a commercial construction company business.
E00749,B0107,Commercial Construction Company,Real Estate,Construction,Measuring laser,Optional Equipment,2,No,Typical equipment used by a commercial construction company business.
E00750,B0107,Commercial Construction Company,Real Estate,Construction,Document storage cabinet,Optional Equipment,1,No,Typical equipment used by a commercial construction company business.
E00751,B0108,Civil Contractor,Real Estate,Construction,Laptop,Essential Equipment,1,Yes,Typical equipment used by a civil contractor business.
E00752,B0108,Civil Contractor,Real Estate,Construction,Printer/scanner,Essential Equipment,1,Yes,Typical equipment used by a civil contractor business.
E00753,B0108,Civil Contractor,Real Estate,Construction,Smartphone,Essential Equipment,1,Yes,Typical equipment used by a civil contractor business.
E00754,B0108,Civil Contractor,Real Estate,Construction,Wi-Fi router,Essential Equipment,1,Yes,Typical equipment used by a civil contractor business.
E00755,B0108,Civil Contractor,Real Estate,Construction,UPS,Essential Equipment,1,Yes,Typical equipment used by a civil contractor business.
E00756,B0108,Civil Contractor,Real Estate,Construction,Digital camera,Optional Equipment,1,No,Typical equipment used by a civil contractor business.
E00757,B0109,Renovation Contractor,Real Estate,Construction,Laptop,Essential Equipment,1,Yes,Typical equipment used by a renovation contractor business.
E00758,B0109,Renovation Contractor,Real Estate,Construction,Printer/scanner,Essential Equipment,1,Yes,Typical equipment used by a renovation contractor business.
E00759,B0109,Renovation Contractor,Real Estate,Construction,Smartphone,Essential Equipment,1,Yes,Typical equipment used by a renovation contractor business.
E00760,B0109,Renovation Contractor,Real Estate,Construction,Wi-Fi router,Essential Equipment,1,Yes,Typical equipment used by a renovation contractor business.
E00761,B0109,Renovation Contractor,Real Estate,Construction,UPS,Essential Equipment,1,Yes,Typical equipment used by a renovation contractor business.
E00762,B0109,Renovation Contractor,Real Estate,Construction,Digital camera,Optional Equipment,1,No,Typical equipment used by a renovation contractor business.
E00763,B0109,Renovation Contractor,Real Estate,Construction,Measuring laser,Optional Equipment,2,No,Typical equipment used by a renovation contractor business.
E00764,B0110,Infrastructure Contractor,Real Estate,Construction,Laptop,Essential Equipment,1,Yes,Typical equipment used by a infrastructure contractor business.
E00765,B0110,Infrastructure Contractor,Real Estate,Construction,Printer/scanner,Essential Equipment,1,Yes,Typical equipment used by a infrastructure contractor business.
E00766,B0110,Infrastructure Contractor,Real Estate,Construction,Smartphone,Essential Equipment,1,Yes,Typical equipment used by a infrastructure contractor business.
E00767,B0110,Infrastructure Contractor,Real Estate,Construction,Wi-Fi router,Essential Equipment,1,Yes,Typical equipment used by a infrastructure contractor business.
E00768,B0110,Infrastructure Contractor,Real Estate,Construction,UPS,Essential Equipment,1,Yes,Typical equipment used by a infrastructure contractor business.
E00769,B0110,Infrastructure Contractor,Real Estate,Construction,Digital camera,Optional Equipment,1,No,Typical equipment used by a infrastructure contractor business.
E00770,B0110,Infrastructure Contractor,Real Estate,Construction,Measuring laser,Optional Equipment,2,No,Typical equipment used by a infrastructure contractor business.
E00771,B0110,Infrastructure Contractor,Real Estate,Construction,Document storage cabinet,Optional Equipment,1,No,Typical equipment used by a infrastructure contractor business.
E00772,B0111,Residential Brokerage,Real Estate,Brokerage,Laptop,Essential Equipment,1,Yes,Typical equipment used by a residential brokerage business.
E00773,B0111,Residential Brokerage,Real Estate,Brokerage,Printer/scanner,Essential Equipment,1,Yes,Typical equipment used by a residential brokerage business.
E00774,B0111,Residential Brokerage,Real Estate,Brokerage,Smartphone,Essential Equipment,1,Yes,Typical equipment used by a residential brokerage business.
E00775,B0111,Residential Brokerage,Real Estate,Brokerage,Wi-Fi router,Essential Equipment,1,Yes,Typical equipment used by a residential brokerage business.
E00776,B0111,Residential Brokerage,Real Estate,Brokerage,UPS,Essential Equipment,1,Yes,Typical equipment used by a residential brokerage business.
E00777,B0111,Residential Brokerage,Real Estate,Brokerage,Digital camera,Optional Equipment,1,No,Typical equipment used by a residential brokerage business.
E00778,B0112,Commercial Brokerage,Real Estate,Brokerage,Laptop,Essential Equipment,1,Yes,Typical equipment used by a commercial brokerage business.
E00779,B0112,Commercial Brokerage,Real Estate,Brokerage,Printer/scanner,Essential Equipment,1,Yes,Typical equipment used by a commercial brokerage business.
E00780,B0112,Commercial Brokerage,Real Estate,Brokerage,Smartphone,Essential Equipment,1,Yes,Typical equipment used by a commercial brokerage business.
E00781,B0112,Commercial Brokerage,Real Estate,Brokerage,Wi-Fi router,Essential Equipment,1,Yes,Typical equipment used by a commercial brokerage business.
E00782,B0112,Commercial Brokerage,Real Estate,Brokerage,UPS,Essential Equipment,1,Yes,Typical equipment used by a commercial brokerage business.
E00783,B0112,Commercial Brokerage,Real Estate,Brokerage,Digital camera,Optional Equipment,1,No,Typical equipment used by a commercial brokerage business.
E00784,B0112,Commercial Brokerage,Real Estate,Brokerage,Measuring laser,Optional Equipment,2,No,Typical equipment used by a commercial brokerage business.
E00785,B0113,Land Brokerage,Real Estate,Brokerage,Laptop,Essential Equipment,1,Yes,Typical equipment used by a land brokerage business.
E00786,B0113,Land Brokerage,Real Estate,Brokerage,Printer/scanner,Essential Equipment,1,Yes,Typical equipment used by a land brokerage business.
E00787,B0113,Land Brokerage,Real Estate,Brokerage,Smartphone,Essential Equipment,1,Yes,Typical equipment used by a land brokerage business.
E00788,B0113,Land Brokerage,Real Estate,Brokerage,Wi-Fi router,Essential Equipment,1,Yes,Typical equipment used by a land brokerage business.
E00789,B0113,Land Brokerage,Real Estate,Brokerage,UPS,Essential Equipment,1,Yes,Typical equipment used by a land brokerage business.
E00790,B0113,Land Brokerage,Real Estate,Brokerage,Digital camera,Optional Equipment,1,No,Typical equipment used by a land brokerage business.
E00791,B0113,Land Brokerage,Real Estate,Brokerage,Measuring laser,Optional Equipment,2,No,Typical equipment used by a land brokerage business.
E00792,B0113,Land Brokerage,Real Estate,Brokerage,Document storage cabinet,Optional Equipment,1,No,Typical equipment used by a land brokerage business.
E00793,B0114,Property Consultancy,Real Estate,Brokerage,Laptop,Essential Equipment,1,Yes,Typical equipment used by a property consultancy business.
E00794,B0114,Property Consultancy,Real Estate,Brokerage,Printer/scanner,Essential Equipment,1,Yes,Typical equipment used by a property consultancy business.
E00795,B0114,Property Consultancy,Real Estate,Brokerage,Smartphone,Essential Equipment,1,Yes,Typical equipment used by a property consultancy business.
E00796,B0114,Property Consultancy,Real Estate,Brokerage,Wi-Fi router,Essential Equipment,1,Yes,Typical equipment used by a property consultancy business.
E00797,B0114,Property Consultancy,Real Estate,Brokerage,UPS,Essential Equipment,1,Yes,Typical equipment used by a property consultancy business.
E00798,B0114,Property Consultancy,Real Estate,Brokerage,Digital camera,Optional Equipment,1,No,Typical equipment used by a property consultancy business.
E00799,B0115,Luxury Property Brokerage,Real Estate,Brokerage,Laptop,Essential Equipment,1,Yes,Typical equipment used by a luxury property brokerage business.
E00800,B0115,Luxury Property Brokerage,Real Estate,Brokerage,Printer/scanner,Essential Equipment,1,Yes,Typical equipment used by a luxury property brokerage business.
E00801,B0115,Luxury Property Brokerage,Real Estate,Brokerage,Smartphone,Essential Equipment,1,Yes,Typical equipment used by a luxury property brokerage business.
E00802,B0115,Luxury Property Brokerage,Real Estate,Brokerage,Wi-Fi router,Essential Equipment,1,Yes,Typical equipment used by a luxury property brokerage business.
E00803,B0115,Luxury Property Brokerage,Real Estate,Brokerage,UPS,Essential Equipment,1,Yes,Typical equipment used by a luxury property brokerage business.
E00804,B0115,Luxury Property Brokerage,Real Estate,Brokerage,Digital camera,Optional Equipment,1,No,Typical equipment used by a luxury property brokerage business.
E00805,B0115,Luxury Property Brokerage,Real Estate,Brokerage,Measuring laser,Optional Equipment,2,No,Typical equipment used by a luxury property brokerage business.
E00806,B0116,Apartment Rental Service,Real Estate,Rental,Laptop,Essential Equipment,1,Yes,Typical equipment used by a apartment rental service business.
E00807,B0116,Apartment Rental Service,Real Estate,Rental,Printer/scanner,Essential Equipment,1,Yes,Typical equipment used by a apartment rental service business.
E00808,B0116,Apartment Rental Service,Real Estate,Rental,Smartphone,Essential Equipment,1,Yes,Typical equipment used by a apartment rental service business.
E00809,B0116,Apartment Rental Service,Real Estate,Rental,Wi-Fi router,Essential Equipment,1,Yes,Typical equipment used by a apartment rental service business.
E00810,B0116,Apartment Rental Service,Real Estate,Rental,UPS,Essential Equipment,1,Yes,Typical equipment used by a apartment rental service business.
E00811,B0116,Apartment Rental Service,Real Estate,Rental,Digital camera,Optional Equipment,1,No,Typical equipment used by a apartment rental service business.
E00812,B0116,Apartment Rental Service,Real Estate,Rental,Measuring laser,Optional Equipment,2,No,Typical equipment used by a apartment rental service business.
E00813,B0116,Apartment Rental Service,Real Estate,Rental,Document storage cabinet,Optional Equipment,1,No,Typical equipment used by a apartment rental service business.
E00814,B0117,House Rental Agency,Real Estate,Rental,Laptop,Essential Equipment,1,Yes,Typical equipment used by a house rental agency business.
E00815,B0117,House Rental Agency,Real Estate,Rental,Printer/scanner,Essential Equipment,1,Yes,Typical equipment used by a house rental agency business.
E00816,B0117,House Rental Agency,Real Estate,Rental,Smartphone,Essential Equipment,1,Yes,Typical equipment used by a house rental agency business.
E00817,B0117,House Rental Agency,Real Estate,Rental,Wi-Fi router,Essential Equipment,1,Yes,Typical equipment used by a house rental agency business.
E00818,B0117,House Rental Agency,Real Estate,Rental,UPS,Essential Equipment,1,Yes,Typical equipment used by a house rental agency business.
E00819,B0117,House Rental Agency,Real Estate,Rental,Digital camera,Optional Equipment,1,No,Typical equipment used by a house rental agency business.
E00820,B0118,Office Rental Service,Real Estate,Rental,Laptop,Essential Equipment,1,Yes,Typical equipment used by a office rental service business.
E00821,B0118,Office Rental Service,Real Estate,Rental,Printer/scanner,Essential Equipment,1,Yes,Typical equipment used by a office rental service business.
E00822,B0118,Office Rental Service,Real Estate,Rental,Smartphone,Essential Equipment,1,Yes,Typical equipment used by a office rental service business.
E00823,B0118,Office Rental Service,Real Estate,Rental,Wi-Fi router,Essential Equipment,1,Yes,Typical equipment used by a office rental service business.
E00824,B0118,Office Rental Service,Real Estate,Rental,UPS,Essential Equipment,1,Yes,Typical equipment used by a office rental service business.
E00825,B0118,Office Rental Service,Real Estate,Rental,Digital camera,Optional Equipment,1,No,Typical equipment used by a office rental service business.
E00826,B0118,Office Rental Service,Real Estate,Rental,Measuring laser,Optional Equipment,2,No,Typical equipment used by a office rental service business.
E00827,B0119,Equipment Rental Service,Real Estate,Rental,Laptop,Essential Equipment,1,Yes,Typical equipment used by a equipment rental service business.
E00828,B0119,Equipment Rental Service,Real Estate,Rental,Printer/scanner,Essential Equipment,1,Yes,Typical equipment used by a equipment rental service business.
E00829,B0119,Equipment Rental Service,Real Estate,Rental,Smartphone,Essential Equipment,1,Yes,Typical equipment used by a equipment rental service business.
E00830,B0119,Equipment Rental Service,Real Estate,Rental,Wi-Fi router,Essential Equipment,1,Yes,Typical equipment used by a equipment rental service business.
E00831,B0119,Equipment Rental Service,Real Estate,Rental,UPS,Essential Equipment,1,Yes,Typical equipment used by a equipment rental service business.
E00832,B0119,Equipment Rental Service,Real Estate,Rental,Digital camera,Optional Equipment,1,No,Typical equipment used by a equipment rental service business.
E00833,B0119,Equipment Rental Service,Real Estate,Rental,Measuring laser,Optional Equipment,2,No,Typical equipment used by a equipment rental service business.
E00834,B0119,Equipment Rental Service,Real Estate,Rental,Document storage cabinet,Optional Equipment,1,No,Typical equipment used by a equipment rental service business.
E00835,B0120,Vacation Property Rental,Real Estate,Rental,Laptop,Essential Equipment,1,Yes,Typical equipment used by a vacation property rental business.
E00836,B0120,Vacation Property Rental,Real Estate,Rental,Printer/scanner,Essential Equipment,1,Yes,Typical equipment used by a vacation property rental business.
E00837,B0120,Vacation Property Rental,Real Estate,Rental,Smartphone,Essential Equipment,1,Yes,Typical equipment used by a vacation property rental business.
E00838,B0120,Vacation Property Rental,Real Estate,Rental,Wi-Fi router,Essential Equipment,1,Yes,Typical equipment used by a vacation property rental business.
E00839,B0120,Vacation Property Rental,Real Estate,Rental,UPS,Essential Equipment,1,Yes,Typical equipment used by a vacation property rental business.
E00840,B0120,Vacation Property Rental,Real Estate,Rental,Digital camera,Optional Equipment,1,No,Typical equipment used by a vacation property rental business.
E00841,B0121,Residential Interior Studio,Real Estate,Interior Design,Laptop,Essential Equipment,1,Yes,Typical equipment used by a residential interior studio business.
E00842,B0121,Residential Interior Studio,Real Estate,Interior Design,Printer/scanner,Essential Equipment,1,Yes,Typical equipment used by a residential interior studio business.
E00843,B0121,Residential Interior Studio,Real Estate,Interior Design,Smartphone,Essential Equipment,1,Yes,Typical equipment used by a residential interior studio business.
E00844,B0121,Residential Interior Studio,Real Estate,Interior Design,Wi-Fi router,Essential Equipment,1,Yes,Typical equipment used by a residential interior studio business.
E00845,B0121,Residential Interior Studio,Real Estate,Interior Design,UPS,Essential Equipment,1,Yes,Typical equipment used by a residential interior studio business.
E00846,B0121,Residential Interior Studio,Real Estate,Interior Design,Digital camera,Optional Equipment,1,No,Typical equipment used by a residential interior studio business.
E00847,B0121,Residential Interior Studio,Real Estate,Interior Design,Measuring laser,Optional Equipment,2,No,Typical equipment used by a residential interior studio business.
E00848,B0122,Commercial Interior Studio,Real Estate,Interior Design,Laptop,Essential Equipment,1,Yes,Typical equipment used by a commercial interior studio business.
E00849,B0122,Commercial Interior Studio,Real Estate,Interior Design,Printer/scanner,Essential Equipment,1,Yes,Typical equipment used by a commercial interior studio business.
E00850,B0122,Commercial Interior Studio,Real Estate,Interior Design,Smartphone,Essential Equipment,1,Yes,Typical equipment used by a commercial interior studio business.
E00851,B0122,Commercial Interior Studio,Real Estate,Interior Design,Wi-Fi router,Essential Equipment,1,Yes,Typical equipment used by a commercial interior studio business.
E00852,B0122,Commercial Interior Studio,Real Estate,Interior Design,UPS,Essential Equipment,1,Yes,Typical equipment used by a commercial interior studio business.
E00853,B0122,Commercial Interior Studio,Real Estate,Interior Design,Digital camera,Optional Equipment,1,No,Typical equipment used by a commercial interior studio business.
E00854,B0122,Commercial Interior Studio,Real Estate,Interior Design,Measuring laser,Optional Equipment,2,No,Typical equipment used by a commercial interior studio business.
E00855,B0122,Commercial Interior Studio,Real Estate,Interior Design,Document storage cabinet,Optional Equipment,1,No,Typical equipment used by a commercial interior studio business.
E00856,B0123,Kitchen Design Studio,Real Estate,Interior Design,Laptop,Essential Equipment,1,Yes,Typical equipment used by a kitchen design studio business.
E00857,B0123,Kitchen Design Studio,Real Estate,Interior Design,Printer/scanner,Essential Equipment,1,Yes,Typical equipment used by a kitchen design studio business.
E00858,B0123,Kitchen Design Studio,Real Estate,Interior Design,Smartphone,Essential Equipment,1,Yes,Typical equipment used by a kitchen design studio business.
E00859,B0123,Kitchen Design Studio,Real Estate,Interior Design,Wi-Fi router,Essential Equipment,1,Yes,Typical equipment used by a kitchen design studio business.
E00860,B0123,Kitchen Design Studio,Real Estate,Interior Design,UPS,Essential Equipment,1,Yes,Typical equipment used by a kitchen design studio business.
E00861,B0123,Kitchen Design Studio,Real Estate,Interior Design,Digital camera,Optional Equipment,1,No,Typical equipment used by a kitchen design studio business.
E00862,B0124,Office Interior Studio,Real Estate,Interior Design,Laptop,Essential Equipment,1,Yes,Typical equipment used by a office interior studio business.
E00863,B0124,Office Interior Studio,Real Estate,Interior Design,Printer/scanner,Essential Equipment,1,Yes,Typical equipment used by a office interior studio business.
E00864,B0124,Office Interior Studio,Real Estate,Interior Design,Smartphone,Essential Equipment,1,Yes,Typical equipment used by a office interior studio business.
E00865,B0124,Office Interior Studio,Real Estate,Interior Design,Wi-Fi router,Essential Equipment,1,Yes,Typical equipment used by a office interior studio business.
E00866,B0124,Office Interior Studio,Real Estate,Interior Design,UPS,Essential Equipment,1,Yes,Typical equipment used by a office interior studio business.
E00867,B0124,Office Interior Studio,Real Estate,Interior Design,Digital camera,Optional Equipment,1,No,Typical equipment used by a office interior studio business.
E00868,B0124,Office Interior Studio,Real Estate,Interior Design,Measuring laser,Optional Equipment,2,No,Typical equipment used by a office interior studio business.
E00869,B0125,Interior Renovation Studio,Real Estate,Interior Design,Laptop,Essential Equipment,1,Yes,Typical equipment used by a interior renovation studio business.
E00870,B0125,Interior Renovation Studio,Real Estate,Interior Design,Printer/scanner,Essential Equipment,1,Yes,Typical equipment used by a interior renovation studio business.
E00871,B0125,Interior Renovation Studio,Real Estate,Interior Design,Smartphone,Essential Equipment,1,Yes,Typical equipment used by a interior renovation studio business.
E00872,B0125,Interior Renovation Studio,Real Estate,Interior Design,Wi-Fi router,Essential Equipment,1,Yes,Typical equipment used by a interior renovation studio business.
E00873,B0125,Interior Renovation Studio,Real Estate,Interior Design,UPS,Essential Equipment,1,Yes,Typical equipment used by a interior renovation studio business.
E00874,B0125,Interior Renovation Studio,Real Estate,Interior Design,Digital camera,Optional Equipment,1,No,Typical equipment used by a interior renovation studio business.
E00875,B0125,Interior Renovation Studio,Real Estate,Interior Design,Measuring laser,Optional Equipment,2,No,Typical equipment used by a interior renovation studio business.
E00876,B0125,Interior Renovation Studio,Real Estate,Interior Design,Document storage cabinet,Optional Equipment,1,No,Typical equipment used by a interior renovation studio business.
E00877,B0126,Primary School,Education,School,Desktop computers,Essential Equipment,1,Yes,Typical equipment used by a primary school business.
E00878,B0126,Primary School,Education,School,Projector,Essential Equipment,1,Yes,Typical equipment used by a primary school business.
E00879,B0126,Primary School,Education,School,Interactive display,Essential Equipment,1,Yes,Typical equipment used by a primary school business.
E00880,B0126,Primary School,Education,School,Printer,Essential Equipment,1,Yes,Typical equipment used by a primary school business.
E00881,B0126,Primary School,Education,School,Wi-Fi router,Essential Equipment,1,Yes,Typical equipment used by a primary school business.
E00882,B0126,Primary School,Education,School,UPS,Optional Equipment,1,No,Typical equipment used by a primary school business.
E00883,B0127,High School,Education,School,Desktop computers,Essential Equipment,1,Yes,Typical equipment used by a high school business.
E00884,B0127,High School,Education,School,Projector,Essential Equipment,1,Yes,Typical equipment used by a high school business.
E00885,B0127,High School,Education,School,Interactive display,Essential Equipment,1,Yes,Typical equipment used by a high school business.
E00886,B0127,High School,Education,School,Printer,Essential Equipment,1,Yes,Typical equipment used by a high school business.
E00887,B0127,High School,Education,School,Wi-Fi router,Essential Equipment,1,Yes,Typical equipment used by a high school business.
E00888,B0127,High School,Education,School,UPS,Optional Equipment,1,No,Typical equipment used by a high school business.
E00889,B0127,High School,Education,School,Whiteboard,Optional Equipment,2,No,Typical equipment used by a high school business.
E00890,B0128,International School,Education,School,Desktop computers,Essential Equipment,1,Yes,Typical equipment used by a international school business.
E00891,B0128,International School,Education,School,Projector,Essential Equipment,1,Yes,Typical equipment used by a international school business.
E00892,B0128,International School,Education,School,Interactive display,Essential Equipment,1,Yes,Typical equipment used by a international school business.
E00893,B0128,International School,Education,School,Printer,Essential Equipment,1,Yes,Typical equipment used by a international school business.
E00894,B0128,International School,Education,School,Wi-Fi router,Essential Equipment,1,Yes,Typical equipment used by a international school business.
E00895,B0128,International School,Education,School,UPS,Optional Equipment,1,No,Typical equipment used by a international school business.
E00896,B0128,International School,Education,School,Whiteboard,Optional Equipment,2,No,Typical equipment used by a international school business.
E00897,B0128,International School,Education,School,CCTV system,Optional Equipment,1,No,Typical equipment used by a international school business.
E00898,B0129,Montessori School,Education,School,Desktop computers,Essential Equipment,1,Yes,Typical equipment used by a montessori school business.
E00899,B0129,Montessori School,Education,School,Projector,Essential Equipment,1,Yes,Typical equipment used by a montessori school business.
E00900,B0129,Montessori School,Education,School,Interactive display,Essential Equipment,1,Yes,Typical equipment used by a montessori school business.
E00901,B0129,Montessori School,Education,School,Printer,Essential Equipment,1,Yes,Typical equipment used by a montessori school business.
E00902,B0129,Montessori School,Education,School,Wi-Fi router,Essential Equipment,1,Yes,Typical equipment used by a montessori school business.
E00903,B0129,Montessori School,Education,School,UPS,Optional Equipment,1,No,Typical equipment used by a montessori school business.
E00904,B0130,Vocational School,Education,School,Desktop computers,Essential Equipment,1,Yes,Typical equipment used by a vocational school business.
E00905,B0130,Vocational School,Education,School,Projector,Essential Equipment,1,Yes,Typical equipment used by a vocational school business.
E00906,B0130,Vocational School,Education,School,Interactive display,Essential Equipment,1,Yes,Typical equipment used by a vocational school business.
E00907,B0130,Vocational School,Education,School,Printer,Essential Equipment,1,Yes,Typical equipment used by a vocational school business.
E00908,B0130,Vocational School,Education,School,Wi-Fi router,Essential Equipment,1,Yes,Typical equipment used by a vocational school business.
E00909,B0130,Vocational School,Education,School,UPS,Optional Equipment,1,No,Typical equipment used by a vocational school business.
E00910,B0130,Vocational School,Education,School,Whiteboard,Optional Equipment,2,No,Typical equipment used by a vocational school business.
E00911,B0131,Degree College,Education,College,Desktop computers,Essential Equipment,1,Yes,Typical equipment used by a degree college business.
E00912,B0131,Degree College,Education,College,Projector,Essential Equipment,1,Yes,Typical equipment used by a degree college business.
E00913,B0131,Degree College,Education,College,Interactive display,Essential Equipment,1,Yes,Typical equipment used by a degree college business.
E00914,B0131,Degree College,Education,College,Printer,Essential Equipment,1,Yes,Typical equipment used by a degree college business.
E00915,B0131,Degree College,Education,College,Wi-Fi router,Essential Equipment,1,Yes,Typical equipment used by a degree college business.
E00916,B0131,Degree College,Education,College,UPS,Optional Equipment,1,No,Typical equipment used by a degree college business.
E00917,B0131,Degree College,Education,College,Whiteboard,Optional Equipment,2,No,Typical equipment used by a degree college business.
E00918,B0131,Degree College,Education,College,CCTV system,Optional Equipment,1,No,Typical equipment used by a degree college business.
E00919,B0132,Engineering College,Education,College,Desktop computers,Essential Equipment,1,Yes,Typical equipment used by a engineering college business.
E00920,B0132,Engineering College,Education,College,Projector,Essential Equipment,1,Yes,Typical equipment used by a engineering college business.
E00921,B0132,Engineering College,Education,College,Interactive display,Essential Equipment,1,Yes,Typical equipment used by a engineering college business.
E00922,B0132,Engineering College,Education,College,Printer,Essential Equipment,1,Yes,Typical equipment used by a engineering college business.
E00923,B0132,Engineering College,Education,College,Wi-Fi router,Essential Equipment,1,Yes,Typical equipment used by a engineering college business.
E00924,B0132,Engineering College,Education,College,UPS,Optional Equipment,1,No,Typical equipment used by a engineering college business.
E00925,B0133,Management College,Education,College,Desktop computers,Essential Equipment,1,Yes,Typical equipment used by a management college business.
E00926,B0133,Management College,Education,College,Projector,Essential Equipment,1,Yes,Typical equipment used by a management college business.
E00927,B0133,Management College,Education,College,Interactive display,Essential Equipment,1,Yes,Typical equipment used by a management college business.
E00928,B0133,Management College,Education,College,Printer,Essential Equipment,1,Yes,Typical equipment used by a management college business.
E00929,B0133,Management College,Education,College,Wi-Fi router,Essential Equipment,1,Yes,Typical equipment used by a management college business.
E00930,B0133,Management College,Education,College,UPS,Optional Equipment,1,No,Typical equipment used by a management college business.
E00931,B0133,Management College,Education,College,Whiteboard,Optional Equipment,2,No,Typical equipment used by a management college business.
E00932,B0134,Arts College,Education,College,Desktop computers,Essential Equipment,1,Yes,Typical equipment used by a arts college business.
E00933,B0134,Arts College,Education,College,Projector,Essential Equipment,1,Yes,Typical equipment used by a arts college business.
E00934,B0134,Arts College,Education,College,Interactive display,Essential Equipment,1,Yes,Typical equipment used by a arts college business.
E00935,B0134,Arts College,Education,College,Printer,Essential Equipment,1,Yes,Typical equipment used by a arts college business.
E00936,B0134,Arts College,Education,College,Wi-Fi router,Essential Equipment,1,Yes,Typical equipment used by a arts college business.
E00937,B0134,Arts College,Education,College,UPS,Optional Equipment,1,No,Typical equipment used by a arts college business.
E00938,B0134,Arts College,Education,College,Whiteboard,Optional Equipment,2,No,Typical equipment used by a arts college business.
E00939,B0134,Arts College,Education,College,CCTV system,Optional Equipment,1,No,Typical equipment used by a arts college business.
E00940,B0135,Community College,Education,College,Desktop computers,Essential Equipment,1,Yes,Typical equipment used by a community college business.
E00941,B0135,Community College,Education,College,Projector,Essential Equipment,1,Yes,Typical equipment used by a community college business.
E00942,B0135,Community College,Education,College,Interactive display,Essential Equipment,1,Yes,Typical equipment used by a community college business.
E00943,B0135,Community College,Education,College,Printer,Essential Equipment,1,Yes,Typical equipment used by a community college business.
E00944,B0135,Community College,Education,College,Wi-Fi router,Essential Equipment,1,Yes,Typical equipment used by a community college business.
E00945,B0135,Community College,Education,College,UPS,Optional Equipment,1,No,Typical equipment used by a community college business.
E00946,B0136,Competitive Exam Coaching,Education,Coaching,Desktop computers,Essential Equipment,1,Yes,Typical equipment used by a competitive exam coaching business.
E00947,B0136,Competitive Exam Coaching,Education,Coaching,Projector,Essential Equipment,1,Yes,Typical equipment used by a competitive exam coaching business.
E00948,B0136,Competitive Exam Coaching,Education,Coaching,Interactive display,Essential Equipment,1,Yes,Typical equipment used by a competitive exam coaching business.
E00949,B0136,Competitive Exam Coaching,Education,Coaching,Printer,Essential Equipment,1,Yes,Typical equipment used by a competitive exam coaching business.
E00950,B0136,Competitive Exam Coaching,Education,Coaching,Wi-Fi router,Essential Equipment,1,Yes,Typical equipment used by a competitive exam coaching business.
E00951,B0136,Competitive Exam Coaching,Education,Coaching,UPS,Optional Equipment,1,No,Typical equipment used by a competitive exam coaching business.
E00952,B0136,Competitive Exam Coaching,Education,Coaching,Whiteboard,Optional Equipment,2,No,Typical equipment used by a competitive exam coaching business.
E00953,B0137,Coding Coaching,Education,Coaching,Desktop computers,Essential Equipment,1,Yes,Typical equipment used by a coding coaching business.
E00954,B0137,Coding Coaching,Education,Coaching,Projector,Essential Equipment,1,Yes,Typical equipment used by a coding coaching business.
E00955,B0137,Coding Coaching,Education,Coaching,Interactive display,Essential Equipment,1,Yes,Typical equipment used by a coding coaching business.
E00956,B0137,Coding Coaching,Education,Coaching,Printer,Essential Equipment,1,Yes,Typical equipment used by a coding coaching business.
E00957,B0137,Coding Coaching,Education,Coaching,Wi-Fi router,Essential Equipment,1,Yes,Typical equipment used by a coding coaching business.
E00958,B0137,Coding Coaching,Education,Coaching,UPS,Optional Equipment,1,No,Typical equipment used by a coding coaching business.
E00959,B0137,Coding Coaching,Education,Coaching,Whiteboard,Optional Equipment,2,No,Typical equipment used by a coding coaching business.
E00960,B0137,Coding Coaching,Education,Coaching,CCTV system,Optional Equipment,1,No,Typical equipment used by a coding coaching business.
E00961,B0138,Language Coaching,Education,Coaching,Desktop computers,Essential Equipment,1,Yes,Typical equipment used by a language coaching business.
E00962,B0138,Language Coaching,Education,Coaching,Projector,Essential Equipment,1,Yes,Typical equipment used by a language coaching business.
E00963,B0138,Language Coaching,Education,Coaching,Interactive display,Essential Equipment,1,Yes,Typical equipment used by a language coaching business.
E00964,B0138,Language Coaching,Education,Coaching,Printer,Essential Equipment,1,Yes,Typical equipment used by a language coaching business.
E00965,B0138,Language Coaching,Education,Coaching,Wi-Fi router,Essential Equipment,1,Yes,Typical equipment used by a language coaching business.
E00966,B0138,Language Coaching,Education,Coaching,UPS,Optional Equipment,1,No,Typical equipment used by a language coaching business.
E00967,B0139,School Tuition Center,Education,Coaching,Desktop computers,Essential Equipment,1,Yes,Typical equipment used by a school tuition center business.
E00968,B0139,School Tuition Center,Education,Coaching,Projector,Essential Equipment,1,Yes,Typical equipment used by a school tuition center business.
E00969,B0139,School Tuition Center,Education,Coaching,Interactive display,Essential Equipment,1,Yes,Typical equipment used by a school tuition center business.
E00970,B0139,School Tuition Center,Education,Coaching,Printer,Essential Equipment,1,Yes,Typical equipment used by a school tuition center business.
E00971,B0139,School Tuition Center,Education,Coaching,Wi-Fi router,Essential Equipment,1,Yes,Typical equipment used by a school tuition center business.
E00972,B0139,School Tuition Center,Education,Coaching,UPS,Optional Equipment,1,No,Typical equipment used by a school tuition center business.
E00973,B0139,School Tuition Center,Education,Coaching,Whiteboard,Optional Equipment,2,No,Typical equipment used by a school tuition center business.
E00974,B0140,Professional Exam Coaching,Education,Coaching,Desktop computers,Essential Equipment,1,Yes,Typical equipment used by a professional exam coaching business.
E00975,B0140,Professional Exam Coaching,Education,Coaching,Projector,Essential Equipment,1,Yes,Typical equipment used by a professional exam coaching business.
E00976,B0140,Professional Exam Coaching,Education,Coaching,Interactive display,Essential Equipment,1,Yes,Typical equipment used by a professional exam coaching business.
E00977,B0140,Professional Exam Coaching,Education,Coaching,Printer,Essential Equipment,1,Yes,Typical equipment used by a professional exam coaching business.
E00978,B0140,Professional Exam Coaching,Education,Coaching,Wi-Fi router,Essential Equipment,1,Yes,Typical equipment used by a professional exam coaching business.
E00979,B0140,Professional Exam Coaching,Education,Coaching,UPS,Optional Equipment,1,No,Typical equipment used by a professional exam coaching business.
E00980,B0140,Professional Exam Coaching,Education,Coaching,Whiteboard,Optional Equipment,2,No,Typical equipment used by a professional exam coaching business.
E00981,B0140,Professional Exam Coaching,Education,Coaching,CCTV system,Optional Equipment,1,No,Typical equipment used by a professional exam coaching business.
E00982,B0141,Online Learning Platform,Education,EdTech,Desktop computers,Essential Equipment,1,Yes,Typical equipment used by a online learning platform business.
E00983,B0141,Online Learning Platform,Education,EdTech,Projector,Essential Equipment,1,Yes,Typical equipment used by a online learning platform business.
E00984,B0141,Online Learning Platform,Education,EdTech,Interactive display,Essential Equipment,1,Yes,Typical equipment used by a online learning platform business.
E00985,B0141,Online Learning Platform,Education,EdTech,Printer,Essential Equipment,1,Yes,Typical equipment used by a online learning platform business.
E00986,B0141,Online Learning Platform,Education,EdTech,Wi-Fi router,Essential Equipment,1,Yes,Typical equipment used by a online learning platform business.
E00987,B0141,Online Learning Platform,Education,EdTech,UPS,Optional Equipment,1,No,Typical equipment used by a online learning platform business.
E00988,B0142,Virtual Classroom Company,Education,EdTech,Desktop computers,Essential Equipment,1,Yes,Typical equipment used by a virtual classroom company business.
E00989,B0142,Virtual Classroom Company,Education,EdTech,Projector,Essential Equipment,1,Yes,Typical equipment used by a virtual classroom company business.
E00990,B0142,Virtual Classroom Company,Education,EdTech,Interactive display,Essential Equipment,1,Yes,Typical equipment used by a virtual classroom company business.
E00991,B0142,Virtual Classroom Company,Education,EdTech,Printer,Essential Equipment,1,Yes,Typical equipment used by a virtual classroom company business.
E00992,B0142,Virtual Classroom Company,Education,EdTech,Wi-Fi router,Essential Equipment,1,Yes,Typical equipment used by a virtual classroom company business.
E00993,B0142,Virtual Classroom Company,Education,EdTech,UPS,Optional Equipment,1,No,Typical equipment used by a virtual classroom company business.
E00994,B0142,Virtual Classroom Company,Education,EdTech,Whiteboard,Optional Equipment,2,No,Typical equipment used by a virtual classroom company business.
E00995,B0143,Education App,Education,EdTech,Desktop computers,Essential Equipment,1,Yes,Typical equipment used by a education app business.
E00996,B0143,Education App,Education,EdTech,Projector,Essential Equipment,1,Yes,Typical equipment used by a education app business.
E00997,B0143,Education App,Education,EdTech,Interactive display,Essential Equipment,1,Yes,Typical equipment used by a education app business.
E00998,B0143,Education App,Education,EdTech,Printer,Essential Equipment,1,Yes,Typical equipment used by a education app business.
E00999,B0143,Education App,Education,EdTech,Wi-Fi router,Essential Equipment,1,Yes,Typical equipment used by a education app business.
E01000,B0143,Education App,Education,EdTech,UPS,Optional Equipment,1,No,Typical equipment used by a education app business.
E01001,B0143,Education App,Education,EdTech,Whiteboard,Optional Equipment,2,No,Typical equipment used by a education app business.
E01002,B0143,Education App,Education,EdTech,CCTV system,Optional Equipment,1,No,Typical equipment used by a education app business.
E01003,B0144,Assessment Platform,Education,EdTech,Desktop computers,Essential Equipment,1,Yes,Typical equipment used by a assessment platform business.
E01004,B0144,Assessment Platform,Education,EdTech,Projector,Essential Equipment,1,Yes,Typical equipment used by a assessment platform business.
E01005,B0144,Assessment Platform,Education,EdTech,Interactive display,Essential Equipment,1,Yes,Typical equipment used by a assessment platform business.
E01006,B0144,Assessment Platform,Education,EdTech,Printer,Essential Equipment,1,Yes,Typical equipment used by a assessment platform business.
E01007,B0144,Assessment Platform,Education,EdTech,Wi-Fi router,Essential Equipment,1,Yes,Typical equipment used by a assessment platform business.
E01008,B0144,Assessment Platform,Education,EdTech,UPS,Optional Equipment,1,No,Typical equipment used by a assessment platform business.
E01009,B0145,Tutoring Platform,Education,EdTech,Desktop computers,Essential Equipment,1,Yes,Typical equipment used by a tutoring platform business.
E01010,B0145,Tutoring Platform,Education,EdTech,Projector,Essential Equipment,1,Yes,Typical equipment used by a tutoring platform business.
E01011,B0145,Tutoring Platform,Education,EdTech,Interactive display,Essential Equipment,1,Yes,Typical equipment used by a tutoring platform business.
E01012,B0145,Tutoring Platform,Education,EdTech,Printer,Essential Equipment,1,Yes,Typical equipment used by a tutoring platform business.
E01013,B0145,Tutoring Platform,Education,EdTech,Wi-Fi router,Essential Equipment,1,Yes,Typical equipment used by a tutoring platform business.
E01014,B0145,Tutoring Platform,Education,EdTech,UPS,Optional Equipment,1,No,Typical equipment used by a tutoring platform business.
E01015,B0145,Tutoring Platform,Education,EdTech,Whiteboard,Optional Equipment,2,No,Typical equipment used by a tutoring platform business.
E01016,B0146,Corporate Training Center,Education,Training,Desktop computers,Essential Equipment,1,Yes,Typical equipment used by a corporate training center business.
E01017,B0146,Corporate Training Center,Education,Training,Projector,Essential Equipment,1,Yes,Typical equipment used by a corporate training center business.
E01018,B0146,Corporate Training Center,Education,Training,Interactive display,Essential Equipment,1,Yes,Typical equipment used by a corporate training center business.
E01019,B0146,Corporate Training Center,Education,Training,Printer,Essential Equipment,1,Yes,Typical equipment used by a corporate training center business.
E01020,B0146,Corporate Training Center,Education,Training,Wi-Fi router,Essential Equipment,1,Yes,Typical equipment used by a corporate training center business.
E01021,B0146,Corporate Training Center,Education,Training,UPS,Optional Equipment,1,No,Typical equipment used by a corporate training center business.
E01022,B0146,Corporate Training Center,Education,Training,Whiteboard,Optional Equipment,2,No,Typical equipment used by a corporate training center business.
E01023,B0146,Corporate Training Center,Education,Training,CCTV system,Optional Equipment,1,No,Typical equipment used by a corporate training center business.
E01024,B0147,Technical Training Institute,Education,Training,Desktop computers,Essential Equipment,1,Yes,Typical equipment used by a technical training institute business.
E01025,B0147,Technical Training Institute,Education,Training,Projector,Essential Equipment,1,Yes,Typical equipment used by a technical training institute business.
E01026,B0147,Technical Training Institute,Education,Training,Interactive display,Essential Equipment,1,Yes,Typical equipment used by a technical training institute business.
E01027,B0147,Technical Training Institute,Education,Training,Printer,Essential Equipment,1,Yes,Typical equipment used by a technical training institute business.
E01028,B0147,Technical Training Institute,Education,Training,Wi-Fi router,Essential Equipment,1,Yes,Typical equipment used by a technical training institute business.
E01029,B0147,Technical Training Institute,Education,Training,UPS,Optional Equipment,1,No,Typical equipment used by a technical training institute business.
E01030,B0148,Skill Development Center,Education,Training,Desktop computers,Essential Equipment,1,Yes,Typical equipment used by a skill development center business.
E01031,B0148,Skill Development Center,Education,Training,Projector,Essential Equipment,1,Yes,Typical equipment used by a skill development center business.
E01032,B0148,Skill Development Center,Education,Training,Interactive display,Essential Equipment,1,Yes,Typical equipment used by a skill development center business.
E01033,B0148,Skill Development Center,Education,Training,Printer,Essential Equipment,1,Yes,Typical equipment used by a skill development center business.
E01034,B0148,Skill Development Center,Education,Training,Wi-Fi router,Essential Equipment,1,Yes,Typical equipment used by a skill development center business.
E01035,B0148,Skill Development Center,Education,Training,UPS,Optional Equipment,1,No,Typical equipment used by a skill development center business.
E01036,B0148,Skill Development Center,Education,Training,Whiteboard,Optional Equipment,2,No,Typical equipment used by a skill development center business.
E01037,B0149,Vocational Training Center,Education,Training,Desktop computers,Essential Equipment,1,Yes,Typical equipment used by a vocational training center business.
E01038,B0149,Vocational Training Center,Education,Training,Projector,Essential Equipment,1,Yes,Typical equipment used by a vocational training center business.
E01039,B0149,Vocational Training Center,Education,Training,Interactive display,Essential Equipment,1,Yes,Typical equipment used by a vocational training center business.
E01040,B0149,Vocational Training Center,Education,Training,Printer,Essential Equipment,1,Yes,Typical equipment used by a vocational training center business.
E01041,B0149,Vocational Training Center,Education,Training,Wi-Fi router,Essential Equipment,1,Yes,Typical equipment used by a vocational training center business.
E01042,B0149,Vocational Training Center,Education,Training,UPS,Optional Equipment,1,No,Typical equipment used by a vocational training center business.
E01043,B0149,Vocational Training Center,Education,Training,Whiteboard,Optional Equipment,2,No,Typical equipment used by a vocational training center business.
E01044,B0149,Vocational Training Center,Education,Training,CCTV system,Optional Equipment,1,No,Typical equipment used by a vocational training center business.
E01045,B0150,Teacher Training Center,Education,Training,Desktop computers,Essential Equipment,1,Yes,Typical equipment used by a teacher training center business.
E01046,B0150,Teacher Training Center,Education,Training,Projector,Essential Equipment,1,Yes,Typical equipment used by a teacher training center business.
E01047,B0150,Teacher Training Center,Education,Training,Interactive display,Essential Equipment,1,Yes,Typical equipment used by a teacher training center business.
E01048,B0150,Teacher Training Center,Education,Training,Printer,Essential Equipment,1,Yes,Typical equipment used by a teacher training center business.
E01049,B0150,Teacher Training Center,Education,Training,Wi-Fi router,Essential Equipment,1,Yes,Typical equipment used by a teacher training center business.
E01050,B0150,Teacher Training Center,Education,Training,UPS,Optional Equipment,1,No,Typical equipment used by a teacher training center business.
E01051,B0151,Taxi Service,Transportation,Taxi,Vehicle fleet,Essential Equipment,1,Yes,Typical equipment used by a taxi service business.
E01052,B0151,Taxi Service,Transportation,Taxi,GPS tracker,Essential Equipment,1,Yes,Typical equipment used by a taxi service business.
E01053,B0151,Taxi Service,Transportation,Taxi,Vehicle diagnostic scanner,Essential Equipment,1,Yes,Typical equipment used by a taxi service business.
E01054,B0151,Taxi Service,Transportation,Taxi,Air compressor,Essential Equipment,1,Yes,Typical equipment used by a taxi service business.
E01055,B0151,Taxi Service,Transportation,Taxi,Battery charger,Essential Equipment,1,Yes,Typical equipment used by a taxi service business.
E01056,B0151,Taxi Service,Transportation,Taxi,POS/card terminal,Optional Equipment,1,No,Typical equipment used by a taxi service business.
E01057,B0151,Taxi Service,Transportation,Taxi,CCTV camera,Optional Equipment,2,No,Typical equipment used by a taxi service business.
E01058,B0152,Ride-Hailing Service,Transportation,Taxi,Vehicle fleet,Essential Equipment,1,Yes,Typical equipment used by a ride-hailing service business.
E01059,B0152,Ride-Hailing Service,Transportation,Taxi,GPS tracker,Essential Equipment,1,Yes,Typical equipment used by a ride-hailing service business.
E01060,B0152,Ride-Hailing Service,Transportation,Taxi,Vehicle diagnostic scanner,Essential Equipment,1,Yes,Typical equipment used by a ride-hailing service business.
E01061,B0152,Ride-Hailing Service,Transportation,Taxi,Air compressor,Essential Equipment,1,Yes,Typical equipment used by a ride-hailing service business.
E01062,B0152,Ride-Hailing Service,Transportation,Taxi,Battery charger,Essential Equipment,1,Yes,Typical equipment used by a ride-hailing service business.
E01063,B0152,Ride-Hailing Service,Transportation,Taxi,POS/card terminal,Optional Equipment,1,No,Typical equipment used by a ride-hailing service business.
E01064,B0152,Ride-Hailing Service,Transportation,Taxi,CCTV camera,Optional Equipment,2,No,Typical equipment used by a ride-hailing service business.
E01065,B0152,Ride-Hailing Service,Transportation,Taxi,Fleet management computer,Optional Equipment,1,No,Typical equipment used by a ride-hailing service business.
E01066,B0153,Corporate Cab Service,Transportation,Taxi,Vehicle fleet,Essential Equipment,1,Yes,Typical equipment used by a corporate cab service business.
E01067,B0153,Corporate Cab Service,Transportation,Taxi,GPS tracker,Essential Equipment,1,Yes,Typical equipment used by a corporate cab service business.
E01068,B0153,Corporate Cab Service,Transportation,Taxi,Vehicle diagnostic scanner,Essential Equipment,1,Yes,Typical equipment used by a corporate cab service business.
E01069,B0153,Corporate Cab Service,Transportation,Taxi,Air compressor,Essential Equipment,1,Yes,Typical equipment used by a corporate cab service business.
E01070,B0153,Corporate Cab Service,Transportation,Taxi,Battery charger,Essential Equipment,1,Yes,Typical equipment used by a corporate cab service business.
E01071,B0153,Corporate Cab Service,Transportation,Taxi,POS/card terminal,Optional Equipment,1,No,Typical equipment used by a corporate cab service business.
E01072,B0154,Airport Taxi Service,Transportation,Taxi,Vehicle fleet,Essential Equipment,1,Yes,Typical equipment used by a airport taxi service business.
E01073,B0154,Airport Taxi Service,Transportation,Taxi,GPS tracker,Essential Equipment,1,Yes,Typical equipment used by a airport taxi service business.
E01074,B0154,Airport Taxi Service,Transportation,Taxi,Vehicle diagnostic scanner,Essential Equipment,1,Yes,Typical equipment used by a airport taxi service business.
E01075,B0154,Airport Taxi Service,Transportation,Taxi,Air compressor,Essential Equipment,1,Yes,Typical equipment used by a airport taxi service business.
E01076,B0154,Airport Taxi Service,Transportation,Taxi,Battery charger,Essential Equipment,1,Yes,Typical equipment used by a airport taxi service business.
E01077,B0154,Airport Taxi Service,Transportation,Taxi,POS/card terminal,Optional Equipment,1,No,Typical equipment used by a airport taxi service business.
E01078,B0154,Airport Taxi Service,Transportation,Taxi,CCTV camera,Optional Equipment,2,No,Typical equipment used by a airport taxi service business.
E01079,B0155,Outstation Cab Service,Transportation,Taxi,Vehicle fleet,Essential Equipment,1,Yes,Typical equipment used by a outstation cab service business.
E01080,B0155,Outstation Cab Service,Transportation,Taxi,GPS tracker,Essential Equipment,1,Yes,Typical equipment used by a outstation cab service business.
E01081,B0155,Outstation Cab Service,Transportation,Taxi,Vehicle diagnostic scanner,Essential Equipment,1,Yes,Typical equipment used by a outstation cab service business.
E01082,B0155,Outstation Cab Service,Transportation,Taxi,Air compressor,Essential Equipment,1,Yes,Typical equipment used by a outstation cab service business.
E01083,B0155,Outstation Cab Service,Transportation,Taxi,Battery charger,Essential Equipment,1,Yes,Typical equipment used by a outstation cab service business.
E01084,B0155,Outstation Cab Service,Transportation,Taxi,POS/card terminal,Optional Equipment,1,No,Typical equipment used by a outstation cab service business.
E01085,B0155,Outstation Cab Service,Transportation,Taxi,CCTV camera,Optional Equipment,2,No,Typical equipment used by a outstation cab service business.
E01086,B0155,Outstation Cab Service,Transportation,Taxi,Fleet management computer,Optional Equipment,1,No,Typical equipment used by a outstation cab service business.
E01087,B0156,Freight Logistics Company,Transportation,Logistics,Vehicle fleet,Essential Equipment,1,Yes,Typical equipment used by a freight logistics company business.
E01088,B0156,Freight Logistics Company,Transportation,Logistics,GPS tracker,Essential Equipment,1,Yes,Typical equipment used by a freight logistics company business.
E01089,B0156,Freight Logistics Company,Transportation,Logistics,Vehicle diagnostic scanner,Essential Equipment,1,Yes,Typical equipment used by a freight logistics company business.
E01090,B0156,Freight Logistics Company,Transportation,Logistics,Air compressor,Essential Equipment,1,Yes,Typical equipment used by a freight logistics company business.
E01091,B0156,Freight Logistics Company,Transportation,Logistics,Battery charger,Essential Equipment,1,Yes,Typical equipment used by a freight logistics company business.
E01092,B0156,Freight Logistics Company,Transportation,Logistics,POS/card terminal,Optional Equipment,1,No,Typical equipment used by a freight logistics company business.
E01093,B0157,Last-Mile Logistics,Transportation,Logistics,Vehicle fleet,Essential Equipment,1,Yes,Typical equipment used by a last-mile logistics business.
E01094,B0157,Last-Mile Logistics,Transportation,Logistics,GPS tracker,Essential Equipment,1,Yes,Typical equipment used by a last-mile logistics business.
E01095,B0157,Last-Mile Logistics,Transportation,Logistics,Vehicle diagnostic scanner,Essential Equipment,1,Yes,Typical equipment used by a last-mile logistics business.
E01096,B0157,Last-Mile Logistics,Transportation,Logistics,Air compressor,Essential Equipment,1,Yes,Typical equipment used by a last-mile logistics business.
E01097,B0157,Last-Mile Logistics,Transportation,Logistics,Battery charger,Essential Equipment,1,Yes,Typical equipment used by a last-mile logistics business.
E01098,B0157,Last-Mile Logistics,Transportation,Logistics,POS/card terminal,Optional Equipment,1,No,Typical equipment used by a last-mile logistics business.
E01099,B0157,Last-Mile Logistics,Transportation,Logistics,CCTV camera,Optional Equipment,2,No,Typical equipment used by a last-mile logistics business.
E01100,B0158,Cold Chain Logistics,Transportation,Logistics,Vehicle fleet,Essential Equipment,1,Yes,Typical equipment used by a cold chain logistics business.
E01101,B0158,Cold Chain Logistics,Transportation,Logistics,GPS tracker,Essential Equipment,1,Yes,Typical equipment used by a cold chain logistics business.
E01102,B0158,Cold Chain Logistics,Transportation,Logistics,Vehicle diagnostic scanner,Essential Equipment,1,Yes,Typical equipment used by a cold chain logistics business.
E01103,B0158,Cold Chain Logistics,Transportation,Logistics,Air compressor,Essential Equipment,1,Yes,Typical equipment used by a cold chain logistics business.
E01104,B0158,Cold Chain Logistics,Transportation,Logistics,Battery charger,Essential Equipment,1,Yes,Typical equipment used by a cold chain logistics business.
E01105,B0158,Cold Chain Logistics,Transportation,Logistics,POS/card terminal,Optional Equipment,1,No,Typical equipment used by a cold chain logistics business.
E01106,B0158,Cold Chain Logistics,Transportation,Logistics,CCTV camera,Optional Equipment,2,No,Typical equipment used by a cold chain logistics business.
E01107,B0158,Cold Chain Logistics,Transportation,Logistics,Fleet management computer,Optional Equipment,1,No,Typical equipment used by a cold chain logistics business.
E01108,B0159,Express Logistics,Transportation,Logistics,Vehicle fleet,Essential Equipment,1,Yes,Typical equipment used by a express logistics business.
E01109,B0159,Express Logistics,Transportation,Logistics,GPS tracker,Essential Equipment,1,Yes,Typical equipment used by a express logistics business.
E01110,B0159,Express Logistics,Transportation,Logistics,Vehicle diagnostic scanner,Essential Equipment,1,Yes,Typical equipment used by a express logistics business.
E01111,B0159,Express Logistics,Transportation,Logistics,Air compressor,Essential Equipment,1,Yes,Typical equipment used by a express logistics business.
E01112,B0159,Express Logistics,Transportation,Logistics,Battery charger,Essential Equipment,1,Yes,Typical equipment used by a express logistics business.
E01113,B0159,Express Logistics,Transportation,Logistics,POS/card terminal,Optional Equipment,1,No,Typical equipment used by a express logistics business.
E01114,B0160,B2B Logistics,Transportation,Logistics,Vehicle fleet,Essential Equipment,1,Yes,Typical equipment used by a b2b logistics business.
E01115,B0160,B2B Logistics,Transportation,Logistics,GPS tracker,Essential Equipment,1,Yes,Typical equipment used by a b2b logistics business.
E01116,B0160,B2B Logistics,Transportation,Logistics,Vehicle diagnostic scanner,Essential Equipment,1,Yes,Typical equipment used by a b2b logistics business.
E01117,B0160,B2B Logistics,Transportation,Logistics,Air compressor,Essential Equipment,1,Yes,Typical equipment used by a b2b logistics business.
E01118,B0160,B2B Logistics,Transportation,Logistics,Battery charger,Essential Equipment,1,Yes,Typical equipment used by a b2b logistics business.
E01119,B0160,B2B Logistics,Transportation,Logistics,POS/card terminal,Optional Equipment,1,No,Typical equipment used by a b2b logistics business.
E01120,B0160,B2B Logistics,Transportation,Logistics,CCTV camera,Optional Equipment,2,No,Typical equipment used by a b2b logistics business.
E01121,B0161,Courier Service,Transportation,Courier,Vehicle fleet,Essential Equipment,1,Yes,Typical equipment used by a courier service business.
E01122,B0161,Courier Service,Transportation,Courier,GPS tracker,Essential Equipment,1,Yes,Typical equipment used by a courier service business.
E01123,B0161,Courier Service,Transportation,Courier,Vehicle diagnostic scanner,Essential Equipment,1,Yes,Typical equipment used by a courier service business.
E01124,B0161,Courier Service,Transportation,Courier,Air compressor,Essential Equipment,1,Yes,Typical equipment used by a courier service business.
E01125,B0161,Courier Service,Transportation,Courier,Battery charger,Essential Equipment,1,Yes,Typical equipment used by a courier service business.
E01126,B0161,Courier Service,Transportation,Courier,POS/card terminal,Optional Equipment,1,No,Typical equipment used by a courier service business.
E01127,B0161,Courier Service,Transportation,Courier,CCTV camera,Optional Equipment,2,No,Typical equipment used by a courier service business.
E01128,B0161,Courier Service,Transportation,Courier,Fleet management computer,Optional Equipment,1,No,Typical equipment used by a courier service business.
E01129,B0162,Document Courier,Transportation,Courier,Vehicle fleet,Essential Equipment,1,Yes,Typical equipment used by a document courier business.
E01130,B0162,Document Courier,Transportation,Courier,GPS tracker,Essential Equipment,1,Yes,Typical equipment used by a document courier business.
E01131,B0162,Document Courier,Transportation,Courier,Vehicle diagnostic scanner,Essential Equipment,1,Yes,Typical equipment used by a document courier business.
E01132,B0162,Document Courier,Transportation,Courier,Air compressor,Essential Equipment,1,Yes,Typical equipment used by a document courier business.
E01133,B0162,Document Courier,Transportation,Courier,Battery charger,Essential Equipment,1,Yes,Typical equipment used by a document courier business.
E01134,B0162,Document Courier,Transportation,Courier,POS/card terminal,Optional Equipment,1,No,Typical equipment used by a document courier business.
E01135,B0163,Parcel Delivery Service,Transportation,Courier,Vehicle fleet,Essential Equipment,1,Yes,Typical equipment used by a parcel delivery service business.
E01136,B0163,Parcel Delivery Service,Transportation,Courier,GPS tracker,Essential Equipment,1,Yes,Typical equipment used by a parcel delivery service business.
E01137,B0163,Parcel Delivery Service,Transportation,Courier,Vehicle diagnostic scanner,Essential Equipment,1,Yes,Typical equipment used by a parcel delivery service business.
E01138,B0163,Parcel Delivery Service,Transportation,Courier,Air compressor,Essential Equipment,1,Yes,Typical equipment used by a parcel delivery service business.
E01139,B0163,Parcel Delivery Service,Transportation,Courier,Battery charger,Essential Equipment,1,Yes,Typical equipment used by a parcel delivery service business.
E01140,B0163,Parcel Delivery Service,Transportation,Courier,POS/card terminal,Optional Equipment,1,No,Typical equipment used by a parcel delivery service business.
E01141,B0163,Parcel Delivery Service,Transportation,Courier,CCTV camera,Optional Equipment,2,No,Typical equipment used by a parcel delivery service business.
E01142,B0164,Same-Day Courier,Transportation,Courier,Vehicle fleet,Essential Equipment,1,Yes,Typical equipment used by a same-day courier business.
E01143,B0164,Same-Day Courier,Transportation,Courier,GPS tracker,Essential Equipment,1,Yes,Typical equipment used by a same-day courier business.
E01144,B0164,Same-Day Courier,Transportation,Courier,Vehicle diagnostic scanner,Essential Equipment,1,Yes,Typical equipment used by a same-day courier business.
E01145,B0164,Same-Day Courier,Transportation,Courier,Air compressor,Essential Equipment,1,Yes,Typical equipment used by a same-day courier business.
E01146,B0164,Same-Day Courier,Transportation,Courier,Battery charger,Essential Equipment,1,Yes,Typical equipment used by a same-day courier business.
E01147,B0164,Same-Day Courier,Transportation,Courier,POS/card terminal,Optional Equipment,1,No,Typical equipment used by a same-day courier business.
E01148,B0164,Same-Day Courier,Transportation,Courier,CCTV camera,Optional Equipment,2,No,Typical equipment used by a same-day courier business.
E01149,B0164,Same-Day Courier,Transportation,Courier,Fleet management computer,Optional Equipment,1,No,Typical equipment used by a same-day courier business.
E01150,B0165,E-commerce Courier,Transportation,Courier,Vehicle fleet,Essential Equipment,1,Yes,Typical equipment used by a e-commerce courier business.
E01151,B0165,E-commerce Courier,Transportation,Courier,GPS tracker,Essential Equipment,1,Yes,Typical equipment used by a e-commerce courier business.
E01152,B0165,E-commerce Courier,Transportation,Courier,Vehicle diagnostic scanner,Essential Equipment,1,Yes,Typical equipment used by a e-commerce courier business.
E01153,B0165,E-commerce Courier,Transportation,Courier,Air compressor,Essential Equipment,1,Yes,Typical equipment used by a e-commerce courier business.
E01154,B0165,E-commerce Courier,Transportation,Courier,Battery charger,Essential Equipment,1,Yes,Typical equipment used by a e-commerce courier business.
E01155,B0165,E-commerce Courier,Transportation,Courier,POS/card terminal,Optional Equipment,1,No,Typical equipment used by a e-commerce courier business.
E01156,B0166,Self-Drive Car Rental,Transportation,Car Rental,Vehicle fleet,Essential Equipment,1,Yes,Typical equipment used by a self-drive car rental business.
E01157,B0166,Self-Drive Car Rental,Transportation,Car Rental,GPS tracker,Essential Equipment,1,Yes,Typical equipment used by a self-drive car rental business.
E01158,B0166,Self-Drive Car Rental,Transportation,Car Rental,Vehicle diagnostic scanner,Essential Equipment,1,Yes,Typical equipment used by a self-drive car rental business.
E01159,B0166,Self-Drive Car Rental,Transportation,Car Rental,Air compressor,Essential Equipment,1,Yes,Typical equipment used by a self-drive car rental business.
E01160,B0166,Self-Drive Car Rental,Transportation,Car Rental,Battery charger,Essential Equipment,1,Yes,Typical equipment used by a self-drive car rental business.
E01161,B0166,Self-Drive Car Rental,Transportation,Car Rental,POS/card terminal,Optional Equipment,1,No,Typical equipment used by a self-drive car rental business.
E01162,B0166,Self-Drive Car Rental,Transportation,Car Rental,CCTV camera,Optional Equipment,2,No,Typical equipment used by a self-drive car rental business.
E01163,B0167,Chauffeur Car Rental,Transportation,Car Rental,Vehicle fleet,Essential Equipment,1,Yes,Typical equipment used by a chauffeur car rental business.
E01164,B0167,Chauffeur Car Rental,Transportation,Car Rental,GPS tracker,Essential Equipment,1,Yes,Typical equipment used by a chauffeur car rental business.
E01165,B0167,Chauffeur Car Rental,Transportation,Car Rental,Vehicle diagnostic scanner,Essential Equipment,1,Yes,Typical equipment used by a chauffeur car rental business.
E01166,B0167,Chauffeur Car Rental,Transportation,Car Rental,Air compressor,Essential Equipment,1,Yes,Typical equipment used by a chauffeur car rental business.
E01167,B0167,Chauffeur Car Rental,Transportation,Car Rental,Battery charger,Essential Equipment,1,Yes,Typical equipment used by a chauffeur car rental business.
E01168,B0167,Chauffeur Car Rental,Transportation,Car Rental,POS/card terminal,Optional Equipment,1,No,Typical equipment used by a chauffeur car rental business.
E01169,B0167,Chauffeur Car Rental,Transportation,Car Rental,CCTV camera,Optional Equipment,2,No,Typical equipment used by a chauffeur car rental business.
E01170,B0167,Chauffeur Car Rental,Transportation,Car Rental,Fleet management computer,Optional Equipment,1,No,Typical equipment used by a chauffeur car rental business.
E01171,B0168,Corporate Car Rental,Transportation,Car Rental,Vehicle fleet,Essential Equipment,1,Yes,Typical equipment used by a corporate car rental business.
E01172,B0168,Corporate Car Rental,Transportation,Car Rental,GPS tracker,Essential Equipment,1,Yes,Typical equipment used by a corporate car rental business.
E01173,B0168,Corporate Car Rental,Transportation,Car Rental,Vehicle diagnostic scanner,Essential Equipment,1,Yes,Typical equipment used by a corporate car rental business.
E01174,B0168,Corporate Car Rental,Transportation,Car Rental,Air compressor,Essential Equipment,1,Yes,Typical equipment used by a corporate car rental business.
E01175,B0168,Corporate Car Rental,Transportation,Car Rental,Battery charger,Essential Equipment,1,Yes,Typical equipment used by a corporate car rental business.
E01176,B0168,Corporate Car Rental,Transportation,Car Rental,POS/card terminal,Optional Equipment,1,No,Typical equipment used by a corporate car rental business.
E01177,B0169,Luxury Car Rental,Transportation,Car Rental,Vehicle fleet,Essential Equipment,1,Yes,Typical equipment used by a luxury car rental business.
E01178,B0169,Luxury Car Rental,Transportation,Car Rental,GPS tracker,Essential Equipment,1,Yes,Typical equipment used by a luxury car rental business.
E01179,B0169,Luxury Car Rental,Transportation,Car Rental,Vehicle diagnostic scanner,Essential Equipment,1,Yes,Typical equipment used by a luxury car rental business.
E01180,B0169,Luxury Car Rental,Transportation,Car Rental,Air compressor,Essential Equipment,1,Yes,Typical equipment used by a luxury car rental business.
E01181,B0169,Luxury Car Rental,Transportation,Car Rental,Battery charger,Essential Equipment,1,Yes,Typical equipment used by a luxury car rental business.
E01182,B0169,Luxury Car Rental,Transportation,Car Rental,POS/card terminal,Optional Equipment,1,No,Typical equipment used by a luxury car rental business.
E01183,B0169,Luxury Car Rental,Transportation,Car Rental,CCTV camera,Optional Equipment,2,No,Typical equipment used by a luxury car rental business.
E01184,B0170,Tourist Car Rental,Transportation,Car Rental,Vehicle fleet,Essential Equipment,1,Yes,Typical equipment used by a tourist car rental business.
E01185,B0170,Tourist Car Rental,Transportation,Car Rental,GPS tracker,Essential Equipment,1,Yes,Typical equipment used by a tourist car rental business.
E01186,B0170,Tourist Car Rental,Transportation,Car Rental,Vehicle diagnostic scanner,Essential Equipment,1,Yes,Typical equipment used by a tourist car rental business.
E01187,B0170,Tourist Car Rental,Transportation,Car Rental,Air compressor,Essential Equipment,1,Yes,Typical equipment used by a tourist car rental business.
E01188,B0170,Tourist Car Rental,Transportation,Car Rental,Battery charger,Essential Equipment,1,Yes,Typical equipment used by a tourist car rental business.
E01189,B0170,Tourist Car Rental,Transportation,Car Rental,POS/card terminal,Optional Equipment,1,No,Typical equipment used by a tourist car rental business.
E01190,B0170,Tourist Car Rental,Transportation,Car Rental,CCTV camera,Optional Equipment,2,No,Typical equipment used by a tourist car rental business.
E01191,B0170,Tourist Car Rental,Transportation,Car Rental,Fleet management computer,Optional Equipment,1,No,Typical equipment used by a tourist car rental business.
E01192,B0171,EV Fleet Service,Transportation,EV,Vehicle fleet,Essential Equipment,1,Yes,Typical equipment used by a ev fleet service business.
E01193,B0171,EV Fleet Service,Transportation,EV,GPS tracker,Essential Equipment,1,Yes,Typical equipment used by a ev fleet service business.
E01194,B0171,EV Fleet Service,Transportation,EV,Vehicle diagnostic scanner,Essential Equipment,1,Yes,Typical equipment used by a ev fleet service business.
E01195,B0171,EV Fleet Service,Transportation,EV,Air compressor,Essential Equipment,1,Yes,Typical equipment used by a ev fleet service business.
E01196,B0171,EV Fleet Service,Transportation,EV,Battery charger,Essential Equipment,1,Yes,Typical equipment used by a ev fleet service business.
E01197,B0171,EV Fleet Service,Transportation,EV,POS/card terminal,Optional Equipment,1,No,Typical equipment used by a ev fleet service business.
E01198,B0172,EV Mobility Company,Transportation,EV,Vehicle fleet,Essential Equipment,1,Yes,Typical equipment used by a ev mobility company business.
E01199,B0172,EV Mobility Company,Transportation,EV,GPS tracker,Essential Equipment,1,Yes,Typical equipment used by a ev mobility company business.
E01200,B0172,EV Mobility Company,Transportation,EV,Vehicle diagnostic scanner,Essential Equipment,1,Yes,Typical equipment used by a ev mobility company business.
E01201,B0172,EV Mobility Company,Transportation,EV,Air compressor,Essential Equipment,1,Yes,Typical equipment used by a ev mobility company business.
E01202,B0172,EV Mobility Company,Transportation,EV,Battery charger,Essential Equipment,1,Yes,Typical equipment used by a ev mobility company business.
E01203,B0172,EV Mobility Company,Transportation,EV,POS/card terminal,Optional Equipment,1,No,Typical equipment used by a ev mobility company business.
E01204,B0172,EV Mobility Company,Transportation,EV,CCTV camera,Optional Equipment,2,No,Typical equipment used by a ev mobility company business.
E01205,B0173,Electric Taxi Service,Transportation,EV,Vehicle fleet,Essential Equipment,1,Yes,Typical equipment used by a electric taxi service business.
E01206,B0173,Electric Taxi Service,Transportation,EV,GPS tracker,Essential Equipment,1,Yes,Typical equipment used by a electric taxi service business.
E01207,B0173,Electric Taxi Service,Transportation,EV,Vehicle diagnostic scanner,Essential Equipment,1,Yes,Typical equipment used by a electric taxi service business.
E01208,B0173,Electric Taxi Service,Transportation,EV,Air compressor,Essential Equipment,1,Yes,Typical equipment used by a electric taxi service business.
E01209,B0173,Electric Taxi Service,Transportation,EV,Battery charger,Essential Equipment,1,Yes,Typical equipment used by a electric taxi service business.
E01210,B0173,Electric Taxi Service,Transportation,EV,POS/card terminal,Optional Equipment,1,No,Typical equipment used by a electric taxi service business.
E01211,B0173,Electric Taxi Service,Transportation,EV,CCTV camera,Optional Equipment,2,No,Typical equipment used by a electric taxi service business.
E01212,B0173,Electric Taxi Service,Transportation,EV,Fleet management computer,Optional Equipment,1,No,Typical equipment used by a electric taxi service business.
E01213,B0174,EV Rental Service,Transportation,EV,Vehicle fleet,Essential Equipment,1,Yes,Typical equipment used by a ev rental service business.
E01214,B0174,EV Rental Service,Transportation,EV,GPS tracker,Essential Equipment,1,Yes,Typical equipment used by a ev rental service business.
E01215,B0174,EV Rental Service,Transportation,EV,Vehicle diagnostic scanner,Essential Equipment,1,Yes,Typical equipment used by a ev rental service business.
E01216,B0174,EV Rental Service,Transportation,EV,Air compressor,Essential Equipment,1,Yes,Typical equipment used by a ev rental service business.
E01217,B0174,EV Rental Service,Transportation,EV,Battery charger,Essential Equipment,1,Yes,Typical equipment used by a ev rental service business.
E01218,B0174,EV Rental Service,Transportation,EV,POS/card terminal,Optional Equipment,1,No,Typical equipment used by a ev rental service business.
E01219,B0175,EV Delivery Fleet,Transportation,EV,Vehicle fleet,Essential Equipment,1,Yes,Typical equipment used by a ev delivery fleet business.
E01220,B0175,EV Delivery Fleet,Transportation,EV,GPS tracker,Essential Equipment,1,Yes,Typical equipment used by a ev delivery fleet business.
E01221,B0175,EV Delivery Fleet,Transportation,EV,Vehicle diagnostic scanner,Essential Equipment,1,Yes,Typical equipment used by a ev delivery fleet business.
E01222,B0175,EV Delivery Fleet,Transportation,EV,Air compressor,Essential Equipment,1,Yes,Typical equipment used by a ev delivery fleet business.
E01223,B0175,EV Delivery Fleet,Transportation,EV,Battery charger,Essential Equipment,1,Yes,Typical equipment used by a ev delivery fleet business.
E01224,B0175,EV Delivery Fleet,Transportation,EV,POS/card terminal,Optional Equipment,1,No,Typical equipment used by a ev delivery fleet business.
E01225,B0175,EV Delivery Fleet,Transportation,EV,CCTV camera,Optional Equipment,2,No,Typical equipment used by a ev delivery fleet business.
E01226,B0176,Digital Payments Startup,Finance,FinTech,Business laptops,Essential Equipment,1,Yes,Typical equipment used by a digital payments startup business.
E01227,B0176,Digital Payments Startup,Finance,FinTech,Multi-function printer,Essential Equipment,1,Yes,Typical equipment used by a digital payments startup business.
E01228,B0176,Digital Payments Startup,Finance,FinTech,Document scanner,Essential Equipment,1,Yes,Typical equipment used by a digital payments startup business.
E01229,B0176,Digital Payments Startup,Finance,FinTech,UPS,Essential Equipment,1,Yes,Typical equipment used by a digital payments startup business.
E01230,B0176,Digital Payments Startup,Finance,FinTech,Secure file cabinet,Essential Equipment,1,Yes,Typical equipment used by a digital payments startup business.
E01231,B0176,Digital Payments Startup,Finance,FinTech,Biometric device,Optional Equipment,1,No,Typical equipment used by a digital payments startup business.
E01232,B0176,Digital Payments Startup,Finance,FinTech,Network firewall,Optional Equipment,2,No,Typical equipment used by a digital payments startup business.
E01233,B0176,Digital Payments Startup,Finance,FinTech,Backup storage,Optional Equipment,1,No,Typical equipment used by a digital payments startup business.
E01234,B0177,Personal Finance App,Finance,FinTech,Business laptops,Essential Equipment,1,Yes,Typical equipment used by a personal finance app business.
E01235,B0177,Personal Finance App,Finance,FinTech,Multi-function printer,Essential Equipment,1,Yes,Typical equipment used by a personal finance app business.
E01236,B0177,Personal Finance App,Finance,FinTech,Document scanner,Essential Equipment,1,Yes,Typical equipment used by a personal finance app business.
E01237,B0177,Personal Finance App,Finance,FinTech,UPS,Essential Equipment,1,Yes,Typical equipment used by a personal finance app business.
E01238,B0177,Personal Finance App,Finance,FinTech,Secure file cabinet,Essential Equipment,1,Yes,Typical equipment used by a personal finance app business.
E01239,B0177,Personal Finance App,Finance,FinTech,Biometric device,Optional Equipment,1,No,Typical equipment used by a personal finance app business.
E01240,B0178,Lending Platform,Finance,FinTech,Business laptops,Essential Equipment,1,Yes,Typical equipment used by a lending platform business.
E01241,B0178,Lending Platform,Finance,FinTech,Multi-function printer,Essential Equipment,1,Yes,Typical equipment used by a lending platform business.
E01242,B0178,Lending Platform,Finance,FinTech,Document scanner,Essential Equipment,1,Yes,Typical equipment used by a lending platform business.
E01243,B0178,Lending Platform,Finance,FinTech,UPS,Essential Equipment,1,Yes,Typical equipment used by a lending platform business.
E01244,B0178,Lending Platform,Finance,FinTech,Secure file cabinet,Essential Equipment,1,Yes,Typical equipment used by a lending platform business.
E01245,B0178,Lending Platform,Finance,FinTech,Biometric device,Optional Equipment,1,No,Typical equipment used by a lending platform business.
E01246,B0178,Lending Platform,Finance,FinTech,Network firewall,Optional Equipment,2,No,Typical equipment used by a lending platform business.
E01247,B0179,WealthTech Startup,Finance,FinTech,Business laptops,Essential Equipment,1,Yes,Typical equipment used by a wealthtech startup business.
E01248,B0179,WealthTech Startup,Finance,FinTech,Multi-function printer,Essential Equipment,1,Yes,Typical equipment used by a wealthtech startup business.
E01249,B0179,WealthTech Startup,Finance,FinTech,Document scanner,Essential Equipment,1,Yes,Typical equipment used by a wealthtech startup business.
E01250,B0179,WealthTech Startup,Finance,FinTech,UPS,Essential Equipment,1,Yes,Typical equipment used by a wealthtech startup business.
E01251,B0179,WealthTech Startup,Finance,FinTech,Secure file cabinet,Essential Equipment,1,Yes,Typical equipment used by a wealthtech startup business.
E01252,B0179,WealthTech Startup,Finance,FinTech,Biometric device,Optional Equipment,1,No,Typical equipment used by a wealthtech startup business.
E01253,B0179,WealthTech Startup,Finance,FinTech,Network firewall,Optional Equipment,2,No,Typical equipment used by a wealthtech startup business.
E01254,B0179,WealthTech Startup,Finance,FinTech,Backup storage,Optional Equipment,1,No,Typical equipment used by a wealthtech startup business.
E01255,B0180,InsurTech Startup,Finance,FinTech,Business laptops,Essential Equipment,1,Yes,Typical equipment used by a insurtech startup business.
E01256,B0180,InsurTech Startup,Finance,FinTech,Multi-function printer,Essential Equipment,1,Yes,Typical equipment used by a insurtech startup business.
E01257,B0180,InsurTech Startup,Finance,FinTech,Document scanner,Essential Equipment,1,Yes,Typical equipment used by a insurtech startup business.
E01258,B0180,InsurTech Startup,Finance,FinTech,UPS,Essential Equipment,1,Yes,Typical equipment used by a insurtech startup business.
E01259,B0180,InsurTech Startup,Finance,FinTech,Secure file cabinet,Essential Equipment,1,Yes,Typical equipment used by a insurtech startup business.
E01260,B0180,InsurTech Startup,Finance,FinTech,Biometric device,Optional Equipment,1,No,Typical equipment used by a insurtech startup business.
E01261,B0181,Accounting Firm,Finance,Accounting,Business laptops,Essential Equipment,1,Yes,Typical equipment used by a accounting firm business.
E01262,B0181,Accounting Firm,Finance,Accounting,Multi-function printer,Essential Equipment,1,Yes,Typical equipment used by a accounting firm business.
E01263,B0181,Accounting Firm,Finance,Accounting,Document scanner,Essential Equipment,1,Yes,Typical equipment used by a accounting firm business.
E01264,B0181,Accounting Firm,Finance,Accounting,UPS,Essential Equipment,1,Yes,Typical equipment used by a accounting firm business.
E01265,B0181,Accounting Firm,Finance,Accounting,Secure file cabinet,Essential Equipment,1,Yes,Typical equipment used by a accounting firm business.
E01266,B0181,Accounting Firm,Finance,Accounting,Biometric device,Optional Equipment,1,No,Typical equipment used by a accounting firm business.
E01267,B0181,Accounting Firm,Finance,Accounting,Network firewall,Optional Equipment,2,No,Typical equipment used by a accounting firm business.
E01268,B0182,Bookkeeping Service,Finance,Accounting,Business laptops,Essential Equipment,1,Yes,Typical equipment used by a bookkeeping service business.
E01269,B0182,Bookkeeping Service,Finance,Accounting,Multi-function printer,Essential Equipment,1,Yes,Typical equipment used by a bookkeeping service business.
E01270,B0182,Bookkeeping Service,Finance,Accounting,Document scanner,Essential Equipment,1,Yes,Typical equipment used by a bookkeeping service business.
E01271,B0182,Bookkeeping Service,Finance,Accounting,UPS,Essential Equipment,1,Yes,Typical equipment used by a bookkeeping service business.
E01272,B0182,Bookkeeping Service,Finance,Accounting,Secure file cabinet,Essential Equipment,1,Yes,Typical equipment used by a bookkeeping service business.
E01273,B0182,Bookkeeping Service,Finance,Accounting,Biometric device,Optional Equipment,1,No,Typical equipment used by a bookkeeping service business.
E01274,B0182,Bookkeeping Service,Finance,Accounting,Network firewall,Optional Equipment,2,No,Typical equipment used by a bookkeeping service business.
E01275,B0182,Bookkeeping Service,Finance,Accounting,Backup storage,Optional Equipment,1,No,Typical equipment used by a bookkeeping service business.
E01276,B0183,Tax Consultancy,Finance,Accounting,Business laptops,Essential Equipment,1,Yes,Typical equipment used by a tax consultancy business.
E01277,B0183,Tax Consultancy,Finance,Accounting,Multi-function printer,Essential Equipment,1,Yes,Typical equipment used by a tax consultancy business.
E01278,B0183,Tax Consultancy,Finance,Accounting,Document scanner,Essential Equipment,1,Yes,Typical equipment used by a tax consultancy business.
E01279,B0183,Tax Consultancy,Finance,Accounting,UPS,Essential Equipment,1,Yes,Typical equipment used by a tax consultancy business.
E01280,B0183,Tax Consultancy,Finance,Accounting,Secure file cabinet,Essential Equipment,1,Yes,Typical equipment used by a tax consultancy business.
E01281,B0183,Tax Consultancy,Finance,Accounting,Biometric device,Optional Equipment,1,No,Typical equipment used by a tax consultancy business.
E01282,B0184,Payroll Service,Finance,Accounting,Business laptops,Essential Equipment,1,Yes,Typical equipment used by a payroll service business.
E01283,B0184,Payroll Service,Finance,Accounting,Multi-function printer,Essential Equipment,1,Yes,Typical equipment used by a payroll service business.
E01284,B0184,Payroll Service,Finance,Accounting,Document scanner,Essential Equipment,1,Yes,Typical equipment used by a payroll service business.
E01285,B0184,Payroll Service,Finance,Accounting,UPS,Essential Equipment,1,Yes,Typical equipment used by a payroll service business.
E01286,B0184,Payroll Service,Finance,Accounting,Secure file cabinet,Essential Equipment,1,Yes,Typical equipment used by a payroll service business.
E01287,B0184,Payroll Service,Finance,Accounting,Biometric device,Optional Equipment,1,No,Typical equipment used by a payroll service business.
E01288,B0184,Payroll Service,Finance,Accounting,Network firewall,Optional Equipment,2,No,Typical equipment used by a payroll service business.
E01289,B0185,Audit Consultancy,Finance,Accounting,Business laptops,Essential Equipment,1,Yes,Typical equipment used by a audit consultancy business.
E01290,B0185,Audit Consultancy,Finance,Accounting,Multi-function printer,Essential Equipment,1,Yes,Typical equipment used by a audit consultancy business.
E01291,B0185,Audit Consultancy,Finance,Accounting,Document scanner,Essential Equipment,1,Yes,Typical equipment used by a audit consultancy business.
E01292,B0185,Audit Consultancy,Finance,Accounting,UPS,Essential Equipment,1,Yes,Typical equipment used by a audit consultancy business.
E01293,B0185,Audit Consultancy,Finance,Accounting,Secure file cabinet,Essential Equipment,1,Yes,Typical equipment used by a audit consultancy business.
E01294,B0185,Audit Consultancy,Finance,Accounting,Biometric device,Optional Equipment,1,No,Typical equipment used by a audit consultancy business.
E01295,B0185,Audit Consultancy,Finance,Accounting,Network firewall,Optional Equipment,2,No,Typical equipment used by a audit consultancy business.
E01296,B0185,Audit Consultancy,Finance,Accounting,Backup storage,Optional Equipment,1,No,Typical equipment used by a audit consultancy business.
E01297,B0186,Insurance Agency,Finance,Insurance,Business laptops,Essential Equipment,1,Yes,Typical equipment used by a insurance agency business.
E01298,B0186,Insurance Agency,Finance,Insurance,Multi-function printer,Essential Equipment,1,Yes,Typical equipment used by a insurance agency business.
E01299,B0186,Insurance Agency,Finance,Insurance,Document scanner,Essential Equipment,1,Yes,Typical equipment used by a insurance agency business.
E01300,B0186,Insurance Agency,Finance,Insurance,UPS,Essential Equipment,1,Yes,Typical equipment used by a insurance agency business.
E01301,B0186,Insurance Agency,Finance,Insurance,Secure file cabinet,Essential Equipment,1,Yes,Typical equipment used by a insurance agency business.
E01302,B0186,Insurance Agency,Finance,Insurance,Biometric device,Optional Equipment,1,No,Typical equipment used by a insurance agency business.
E01303,B0187,Insurance Brokerage,Finance,Insurance,Business laptops,Essential Equipment,1,Yes,Typical equipment used by a insurance brokerage business.
E01304,B0187,Insurance Brokerage,Finance,Insurance,Multi-function printer,Essential Equipment,1,Yes,Typical equipment used by a insurance brokerage business.
E01305,B0187,Insurance Brokerage,Finance,Insurance,Document scanner,Essential Equipment,1,Yes,Typical equipment used by a insurance brokerage business.
E01306,B0187,Insurance Brokerage,Finance,Insurance,UPS,Essential Equipment,1,Yes,Typical equipment used by a insurance brokerage business.
E01307,B0187,Insurance Brokerage,Finance,Insurance,Secure file cabinet,Essential Equipment,1,Yes,Typical equipment used by a insurance brokerage business.
E01308,B0187,Insurance Brokerage,Finance,Insurance,Biometric device,Optional Equipment,1,No,Typical equipment used by a insurance brokerage business.
E01309,B0187,Insurance Brokerage,Finance,Insurance,Network firewall,Optional Equipment,2,No,Typical equipment used by a insurance brokerage business.
E01310,B0188,Health Insurance Consultancy,Finance,Insurance,Business laptops,Essential Equipment,1,Yes,Typical equipment used by a health insurance consultancy business.
E01311,B0188,Health Insurance Consultancy,Finance,Insurance,Multi-function printer,Essential Equipment,1,Yes,Typical equipment used by a health insurance consultancy business.
E01312,B0188,Health Insurance Consultancy,Finance,Insurance,Document scanner,Essential Equipment,1,Yes,Typical equipment used by a health insurance consultancy business.
E01313,B0188,Health Insurance Consultancy,Finance,Insurance,UPS,Essential Equipment,1,Yes,Typical equipment used by a health insurance consultancy business.
E01314,B0188,Health Insurance Consultancy,Finance,Insurance,Secure file cabinet,Essential Equipment,1,Yes,Typical equipment used by a health insurance consultancy business.
E01315,B0188,Health Insurance Consultancy,Finance,Insurance,Biometric device,Optional Equipment,1,No,Typical equipment used by a health insurance consultancy business.
E01316,B0188,Health Insurance Consultancy,Finance,Insurance,Network firewall,Optional Equipment,2,No,Typical equipment used by a health insurance consultancy business.
E01317,B0188,Health Insurance Consultancy,Finance,Insurance,Backup storage,Optional Equipment,1,No,Typical equipment used by a health insurance consultancy business.
E01318,B0189,Life Insurance Agency,Finance,Insurance,Business laptops,Essential Equipment,1,Yes,Typical equipment used by a life insurance agency business.
E01319,B0189,Life Insurance Agency,Finance,Insurance,Multi-function printer,Essential Equipment,1,Yes,Typical equipment used by a life insurance agency business.
E01320,B0189,Life Insurance Agency,Finance,Insurance,Document scanner,Essential Equipment,1,Yes,Typical equipment used by a life insurance agency business.
E01321,B0189,Life Insurance Agency,Finance,Insurance,UPS,Essential Equipment,1,Yes,Typical equipment used by a life insurance agency business.
E01322,B0189,Life Insurance Agency,Finance,Insurance,Secure file cabinet,Essential Equipment,1,Yes,Typical equipment used by a life insurance agency business.
E01323,B0189,Life Insurance Agency,Finance,Insurance,Biometric device,Optional Equipment,1,No,Typical equipment used by a life insurance agency business.
E01324,B0190,General Insurance Agency,Finance,Insurance,Business laptops,Essential Equipment,1,Yes,Typical equipment used by a general insurance agency business.
E01325,B0190,General Insurance Agency,Finance,Insurance,Multi-function printer,Essential Equipment,1,Yes,Typical equipment used by a general insurance agency business.
E01326,B0190,General Insurance Agency,Finance,Insurance,Document scanner,Essential Equipment,1,Yes,Typical equipment used by a general insurance agency business.
E01327,B0190,General Insurance Agency,Finance,Insurance,UPS,Essential Equipment,1,Yes,Typical equipment used by a general insurance agency business.
E01328,B0190,General Insurance Agency,Finance,Insurance,Secure file cabinet,Essential Equipment,1,Yes,Typical equipment used by a general insurance agency business.
E01329,B0190,General Insurance Agency,Finance,Insurance,Biometric device,Optional Equipment,1,No,Typical equipment used by a general insurance agency business.
E01330,B0190,General Insurance Agency,Finance,Insurance,Network firewall,Optional Equipment,2,No,Typical equipment used by a general insurance agency business.
E01331,B0191,Loan Consultancy,Finance,Loans,Business laptops,Essential Equipment,1,Yes,Typical equipment used by a loan consultancy business.
E01332,B0191,Loan Consultancy,Finance,Loans,Multi-function printer,Essential Equipment,1,Yes,Typical equipment used by a loan consultancy business.
E01333,B0191,Loan Consultancy,Finance,Loans,Document scanner,Essential Equipment,1,Yes,Typical equipment used by a loan consultancy business.
E01334,B0191,Loan Consultancy,Finance,Loans,UPS,Essential Equipment,1,Yes,Typical equipment used by a loan consultancy business.
E01335,B0191,Loan Consultancy,Finance,Loans,Secure file cabinet,Essential Equipment,1,Yes,Typical equipment used by a loan consultancy business.
E01336,B0191,Loan Consultancy,Finance,Loans,Biometric device,Optional Equipment,1,No,Typical equipment used by a loan consultancy business.
E01337,B0191,Loan Consultancy,Finance,Loans,Network firewall,Optional Equipment,2,No,Typical equipment used by a loan consultancy business.
E01338,B0191,Loan Consultancy,Finance,Loans,Backup storage,Optional Equipment,1,No,Typical equipment used by a loan consultancy business.
E01339,B0192,Microfinance Service,Finance,Loans,Business laptops,Essential Equipment,1,Yes,Typical equipment used by a microfinance service business.
E01340,B0192,Microfinance Service,Finance,Loans,Multi-function printer,Essential Equipment,1,Yes,Typical equipment used by a microfinance service business.
E01341,B0192,Microfinance Service,Finance,Loans,Document scanner,Essential Equipment,1,Yes,Typical equipment used by a microfinance service business.
E01342,B0192,Microfinance Service,Finance,Loans,UPS,Essential Equipment,1,Yes,Typical equipment used by a microfinance service business.
E01343,B0192,Microfinance Service,Finance,Loans,Secure file cabinet,Essential Equipment,1,Yes,Typical equipment used by a microfinance service business.
E01344,B0192,Microfinance Service,Finance,Loans,Biometric device,Optional Equipment,1,No,Typical equipment used by a microfinance service business.
E01345,B0193,Business Loan Agency,Finance,Loans,Business laptops,Essential Equipment,1,Yes,Typical equipment used by a business loan agency business.
E01346,B0193,Business Loan Agency,Finance,Loans,Multi-function printer,Essential Equipment,1,Yes,Typical equipment used by a business loan agency business.
E01347,B0193,Business Loan Agency,Finance,Loans,Document scanner,Essential Equipment,1,Yes,Typical equipment used by a business loan agency business.
E01348,B0193,Business Loan Agency,Finance,Loans,UPS,Essential Equipment,1,Yes,Typical equipment used by a business loan agency business.
E01349,B0193,Business Loan Agency,Finance,Loans,Secure file cabinet,Essential Equipment,1,Yes,Typical equipment used by a business loan agency business.
E01350,B0193,Business Loan Agency,Finance,Loans,Biometric device,Optional Equipment,1,No,Typical equipment used by a business loan agency business.
E01351,B0193,Business Loan Agency,Finance,Loans,Network firewall,Optional Equipment,2,No,Typical equipment used by a business loan agency business.
E01352,B0194,Mortgage Consultancy,Finance,Loans,Business laptops,Essential Equipment,1,Yes,Typical equipment used by a mortgage consultancy business.
E01353,B0194,Mortgage Consultancy,Finance,Loans,Multi-function printer,Essential Equipment,1,Yes,Typical equipment used by a mortgage consultancy business.
E01354,B0194,Mortgage Consultancy,Finance,Loans,Document scanner,Essential Equipment,1,Yes,Typical equipment used by a mortgage consultancy business.
E01355,B0194,Mortgage Consultancy,Finance,Loans,UPS,Essential Equipment,1,Yes,Typical equipment used by a mortgage consultancy business.
E01356,B0194,Mortgage Consultancy,Finance,Loans,Secure file cabinet,Essential Equipment,1,Yes,Typical equipment used by a mortgage consultancy business.
E01357,B0194,Mortgage Consultancy,Finance,Loans,Biometric device,Optional Equipment,1,No,Typical equipment used by a mortgage consultancy business.
E01358,B0194,Mortgage Consultancy,Finance,Loans,Network firewall,Optional Equipment,2,No,Typical equipment used by a mortgage consultancy business.
E01359,B0194,Mortgage Consultancy,Finance,Loans,Backup storage,Optional Equipment,1,No,Typical equipment used by a mortgage consultancy business.
E01360,B0195,Education Loan Service,Finance,Loans,Business laptops,Essential Equipment,1,Yes,Typical equipment used by a education loan service business.
E01361,B0195,Education Loan Service,Finance,Loans,Multi-function printer,Essential Equipment,1,Yes,Typical equipment used by a education loan service business.
E01362,B0195,Education Loan Service,Finance,Loans,Document scanner,Essential Equipment,1,Yes,Typical equipment used by a education loan service business.
E01363,B0195,Education Loan Service,Finance,Loans,UPS,Essential Equipment,1,Yes,Typical equipment used by a education loan service business.
E01364,B0195,Education Loan Service,Finance,Loans,Secure file cabinet,Essential Equipment,1,Yes,Typical equipment used by a education loan service business.
E01365,B0195,Education Loan Service,Finance,Loans,Biometric device,Optional Equipment,1,No,Typical equipment used by a education loan service business.
E01366,B0196,Investment Advisory,Finance,Investment,Business laptops,Essential Equipment,1,Yes,Typical equipment used by a investment advisory business.
E01367,B0196,Investment Advisory,Finance,Investment,Multi-function printer,Essential Equipment,1,Yes,Typical equipment used by a investment advisory business.
E01368,B0196,Investment Advisory,Finance,Investment,Document scanner,Essential Equipment,1,Yes,Typical equipment used by a investment advisory business.
E01369,B0196,Investment Advisory,Finance,Investment,UPS,Essential Equipment,1,Yes,Typical equipment used by a investment advisory business.
E01370,B0196,Investment Advisory,Finance,Investment,Secure file cabinet,Essential Equipment,1,Yes,Typical equipment used by a investment advisory business.
E01371,B0196,Investment Advisory,Finance,Investment,Biometric device,Optional Equipment,1,No,Typical equipment used by a investment advisory business.
E01372,B0196,Investment Advisory,Finance,Investment,Network firewall,Optional Equipment,2,No,Typical equipment used by a investment advisory business.
E01373,B0197,Mutual Fund Advisory,Finance,Investment,Business laptops,Essential Equipment,1,Yes,Typical equipment used by a mutual fund advisory business.
E01374,B0197,Mutual Fund Advisory,Finance,Investment,Multi-function printer,Essential Equipment,1,Yes,Typical equipment used by a mutual fund advisory business.
E01375,B0197,Mutual Fund Advisory,Finance,Investment,Document scanner,Essential Equipment,1,Yes,Typical equipment used by a mutual fund advisory business.
E01376,B0197,Mutual Fund Advisory,Finance,Investment,UPS,Essential Equipment,1,Yes,Typical equipment used by a mutual fund advisory business.
E01377,B0197,Mutual Fund Advisory,Finance,Investment,Secure file cabinet,Essential Equipment,1,Yes,Typical equipment used by a mutual fund advisory business.
E01378,B0197,Mutual Fund Advisory,Finance,Investment,Biometric device,Optional Equipment,1,No,Typical equipment used by a mutual fund advisory business.
E01379,B0197,Mutual Fund Advisory,Finance,Investment,Network firewall,Optional Equipment,2,No,Typical equipment used by a mutual fund advisory business.
E01380,B0197,Mutual Fund Advisory,Finance,Investment,Backup storage,Optional Equipment,1,No,Typical equipment used by a mutual fund advisory business.
E01381,B0198,Portfolio Management Service,Finance,Investment,Business laptops,Essential Equipment,1,Yes,Typical equipment used by a portfolio management service business.
E01382,B0198,Portfolio Management Service,Finance,Investment,Multi-function printer,Essential Equipment,1,Yes,Typical equipment used by a portfolio management service business.
E01383,B0198,Portfolio Management Service,Finance,Investment,Document scanner,Essential Equipment,1,Yes,Typical equipment used by a portfolio management service business.
E01384,B0198,Portfolio Management Service,Finance,Investment,UPS,Essential Equipment,1,Yes,Typical equipment used by a portfolio management service business.
E01385,B0198,Portfolio Management Service,Finance,Investment,Secure file cabinet,Essential Equipment,1,Yes,Typical equipment used by a portfolio management service business.
E01386,B0198,Portfolio Management Service,Finance,Investment,Biometric device,Optional Equipment,1,No,Typical equipment used by a portfolio management service business.
E01387,B0199,Financial Planning Firm,Finance,Investment,Business laptops,Essential Equipment,1,Yes,Typical equipment used by a financial planning firm business.
E01388,B0199,Financial Planning Firm,Finance,Investment,Multi-function printer,Essential Equipment,1,Yes,Typical equipment used by a financial planning firm business.
E01389,B0199,Financial Planning Firm,Finance,Investment,Document scanner,Essential Equipment,1,Yes,Typical equipment used by a financial planning firm business.
E01390,B0199,Financial Planning Firm,Finance,Investment,UPS,Essential Equipment,1,Yes,Typical equipment used by a financial planning firm business.
E01391,B0199,Financial Planning Firm,Finance,Investment,Secure file cabinet,Essential Equipment,1,Yes,Typical equipment used by a financial planning firm business.
E01392,B0199,Financial Planning Firm,Finance,Investment,Biometric device,Optional Equipment,1,No,Typical equipment used by a financial planning firm business.
E01393,B0199,Financial Planning Firm,Finance,Investment,Network firewall,Optional Equipment,2,No,Typical equipment used by a financial planning firm business.
E01394,B0200,Investment Research Firm,Finance,Investment,Business laptops,Essential Equipment,1,Yes,Typical equipment used by a investment research firm business.
E01395,B0200,Investment Research Firm,Finance,Investment,Multi-function printer,Essential Equipment,1,Yes,Typical equipment used by a investment research firm business.
E01396,B0200,Investment Research Firm,Finance,Investment,Document scanner,Essential Equipment,1,Yes,Typical equipment used by a investment research firm business.
E01397,B0200,Investment Research Firm,Finance,Investment,UPS,Essential Equipment,1,Yes,Typical equipment used by a investment research firm business.
E01398,B0200,Investment Research Firm,Finance,Investment,Secure file cabinet,Essential Equipment,1,Yes,Typical equipment used by a investment research firm business.
E01399,B0200,Investment Research Firm,Finance,Investment,Biometric device,Optional Equipment,1,No,Typical equipment used by a investment research firm business.
E01400,B0200,Investment Research Firm,Finance,Investment,Network firewall,Optional Equipment,2,No,Typical equipment used by a investment research firm business.
E01401,B0200,Investment Research Firm,Finance,Investment,Backup storage,Optional Equipment,1,No,Typical equipment used by a investment research firm business.
E01402,B0201,Grocery Store,Retail,Grocery,POS terminal,Essential Equipment,1,Yes,Typical equipment used by a grocery store business.
E01403,B0201,Grocery Store,Retail,Grocery,Barcode scanner,Essential Equipment,1,Yes,Typical equipment used by a grocery store business.
E01404,B0201,Grocery Store,Retail,Grocery,Receipt printer,Essential Equipment,1,Yes,Typical equipment used by a grocery store business.
E01405,B0201,Grocery Store,Retail,Grocery,Cash drawer,Essential Equipment,1,Yes,Typical equipment used by a grocery store business.
E01406,B0201,Grocery Store,Retail,Grocery,Display shelving,Essential Equipment,1,Yes,Typical equipment used by a grocery store business.
E01407,B0201,Grocery Store,Retail,Grocery,Storage racks,Optional Equipment,1,No,Typical equipment used by a grocery store business.
E01408,B0202,Supermarket,Retail,Grocery,POS terminal,Essential Equipment,1,Yes,Typical equipment used by a supermarket business.
E01409,B0202,Supermarket,Retail,Grocery,Barcode scanner,Essential Equipment,1,Yes,Typical equipment used by a supermarket business.
E01410,B0202,Supermarket,Retail,Grocery,Receipt printer,Essential Equipment,1,Yes,Typical equipment used by a supermarket business.
E01411,B0202,Supermarket,Retail,Grocery,Cash drawer,Essential Equipment,1,Yes,Typical equipment used by a supermarket business.
E01412,B0202,Supermarket,Retail,Grocery,Display shelving,Essential Equipment,1,Yes,Typical equipment used by a supermarket business.
E01413,B0202,Supermarket,Retail,Grocery,Storage racks,Optional Equipment,1,No,Typical equipment used by a supermarket business.
E01414,B0202,Supermarket,Retail,Grocery,CCTV system,Optional Equipment,2,No,Typical equipment used by a supermarket business.
E01415,B0203,Organic Grocery Store,Retail,Grocery,POS terminal,Essential Equipment,1,Yes,Typical equipment used by a organic grocery store business.
E01416,B0203,Organic Grocery Store,Retail,Grocery,Barcode scanner,Essential Equipment,1,Yes,Typical equipment used by a organic grocery store business.
E01417,B0203,Organic Grocery Store,Retail,Grocery,Receipt printer,Essential Equipment,1,Yes,Typical equipment used by a organic grocery store business.
E01418,B0203,Organic Grocery Store,Retail,Grocery,Cash drawer,Essential Equipment,1,Yes,Typical equipment used by a organic grocery store business.
E01419,B0203,Organic Grocery Store,Retail,Grocery,Display shelving,Essential Equipment,1,Yes,Typical equipment used by a organic grocery store business.
E01420,B0203,Organic Grocery Store,Retail,Grocery,Storage racks,Optional Equipment,1,No,Typical equipment used by a organic grocery store business.
E01421,B0203,Organic Grocery Store,Retail,Grocery,CCTV system,Optional Equipment,2,No,Typical equipment used by a organic grocery store business.
E01422,B0203,Organic Grocery Store,Retail,Grocery,Barcode label printer,Optional Equipment,1,No,Typical equipment used by a organic grocery store business.
E01423,B0204,Convenience Store,Retail,Grocery,POS terminal,Essential Equipment,1,Yes,Typical equipment used by a convenience store business.
E01424,B0204,Convenience Store,Retail,Grocery,Barcode scanner,Essential Equipment,1,Yes,Typical equipment used by a convenience store business.
E01425,B0204,Convenience Store,Retail,Grocery,Receipt printer,Essential Equipment,1,Yes,Typical equipment used by a convenience store business.
E01426,B0204,Convenience Store,Retail,Grocery,Cash drawer,Essential Equipment,1,Yes,Typical equipment used by a convenience store business.
E01427,B0204,Convenience Store,Retail,Grocery,Display shelving,Essential Equipment,1,Yes,Typical equipment used by a convenience store business.
E01428,B0204,Convenience Store,Retail,Grocery,Storage racks,Optional Equipment,1,No,Typical equipment used by a convenience store business.
E01429,B0205,Wholesale Grocery,Retail,Grocery,POS terminal,Essential Equipment,1,Yes,Typical equipment used by a wholesale grocery business.
E01430,B0205,Wholesale Grocery,Retail,Grocery,Barcode scanner,Essential Equipment,1,Yes,Typical equipment used by a wholesale grocery business.
E01431,B0205,Wholesale Grocery,Retail,Grocery,Receipt printer,Essential Equipment,1,Yes,Typical equipment used by a wholesale grocery business.
E01432,B0205,Wholesale Grocery,Retail,Grocery,Cash drawer,Essential Equipment,1,Yes,Typical equipment used by a wholesale grocery business.
E01433,B0205,Wholesale Grocery,Retail,Grocery,Display shelving,Essential Equipment,1,Yes,Typical equipment used by a wholesale grocery business.
E01434,B0205,Wholesale Grocery,Retail,Grocery,Storage racks,Optional Equipment,1,No,Typical equipment used by a wholesale grocery business.
E01435,B0205,Wholesale Grocery,Retail,Grocery,CCTV system,Optional Equipment,2,No,Typical equipment used by a wholesale grocery business.
E01436,B0206,Electronics Store,Retail,Electronics,POS terminal,Essential Equipment,1,Yes,Typical equipment used by a electronics store business.
E01437,B0206,Electronics Store,Retail,Electronics,Barcode scanner,Essential Equipment,1,Yes,Typical equipment used by a electronics store business.
E01438,B0206,Electronics Store,Retail,Electronics,Receipt printer,Essential Equipment,1,Yes,Typical equipment used by a electronics store business.
E01439,B0206,Electronics Store,Retail,Electronics,Cash drawer,Essential Equipment,1,Yes,Typical equipment used by a electronics store business.
E01440,B0206,Electronics Store,Retail,Electronics,Display shelving,Essential Equipment,1,Yes,Typical equipment used by a electronics store business.
E01441,B0206,Electronics Store,Retail,Electronics,Storage racks,Optional Equipment,1,No,Typical equipment used by a electronics store business.
E01442,B0206,Electronics Store,Retail,Electronics,CCTV system,Optional Equipment,2,No,Typical equipment used by a electronics store business.
E01443,B0206,Electronics Store,Retail,Electronics,Barcode label printer,Optional Equipment,1,No,Typical equipment used by a electronics store business.
E01444,B0207,Computer Store,Retail,Electronics,POS terminal,Essential Equipment,1,Yes,Typical equipment used by a computer store business.
E01445,B0207,Computer Store,Retail,Electronics,Barcode scanner,Essential Equipment,1,Yes,Typical equipment used by a computer store business.
E01446,B0207,Computer Store,Retail,Electronics,Receipt printer,Essential Equipment,1,Yes,Typical equipment used by a computer store business.
E01447,B0207,Computer Store,Retail,Electronics,Cash drawer,Essential Equipment,1,Yes,Typical equipment used by a computer store business.
E01448,B0207,Computer Store,Retail,Electronics,Display shelving,Essential Equipment,1,Yes,Typical equipment used by a computer store business.
E01449,B0207,Computer Store,Retail,Electronics,Storage racks,Optional Equipment,1,No,Typical equipment used by a computer store business.
E01450,B0208,Mobile Store,Retail,Electronics,POS terminal,Essential Equipment,1,Yes,Typical equipment used by a mobile store business.
E01451,B0208,Mobile Store,Retail,Electronics,Barcode scanner,Essential Equipment,1,Yes,Typical equipment used by a mobile store business.
E01452,B0208,Mobile Store,Retail,Electronics,Receipt printer,Essential Equipment,1,Yes,Typical equipment used by a mobile store business.
E01453,B0208,Mobile Store,Retail,Electronics,Cash drawer,Essential Equipment,1,Yes,Typical equipment used by a mobile store business.
E01454,B0208,Mobile Store,Retail,Electronics,Display shelving,Essential Equipment,1,Yes,Typical equipment used by a mobile store business.
E01455,B0208,Mobile Store,Retail,Electronics,Storage racks,Optional Equipment,1,No,Typical equipment used by a mobile store business.
E01456,B0208,Mobile Store,Retail,Electronics,CCTV system,Optional Equipment,2,No,Typical equipment used by a mobile store business.
E01457,B0209,Home Appliance Store,Retail,Electronics,POS terminal,Essential Equipment,1,Yes,Typical equipment used by a home appliance store business.
E01458,B0209,Home Appliance Store,Retail,Electronics,Barcode scanner,Essential Equipment,1,Yes,Typical equipment used by a home appliance store business.
E01459,B0209,Home Appliance Store,Retail,Electronics,Receipt printer,Essential Equipment,1,Yes,Typical equipment used by a home appliance store business.
E01460,B0209,Home Appliance Store,Retail,Electronics,Cash drawer,Essential Equipment,1,Yes,Typical equipment used by a home appliance store business.
E01461,B0209,Home Appliance Store,Retail,Electronics,Display shelving,Essential Equipment,1,Yes,Typical equipment used by a home appliance store business.
E01462,B0209,Home Appliance Store,Retail,Electronics,Storage racks,Optional Equipment,1,No,Typical equipment used by a home appliance store business.
E01463,B0209,Home Appliance Store,Retail,Electronics,CCTV system,Optional Equipment,2,No,Typical equipment used by a home appliance store business.
E01464,B0209,Home Appliance Store,Retail,Electronics,Barcode label printer,Optional Equipment,1,No,Typical equipment used by a home appliance store business.
E01465,B0210,Consumer Electronics Brand,Retail,Electronics,POS terminal,Essential Equipment,1,Yes,Typical equipment used by a consumer electronics brand business.
E01466,B0210,Consumer Electronics Brand,Retail,Electronics,Barcode scanner,Essential Equipment,1,Yes,Typical equipment used by a consumer electronics brand business.
E01467,B0210,Consumer Electronics Brand,Retail,Electronics,Receipt printer,Essential Equipment,1,Yes,Typical equipment used by a consumer electronics brand business.
E01468,B0210,Consumer Electronics Brand,Retail,Electronics,Cash drawer,Essential Equipment,1,Yes,Typical equipment used by a consumer electronics brand business.
E01469,B0210,Consumer Electronics Brand,Retail,Electronics,Display shelving,Essential Equipment,1,Yes,Typical equipment used by a consumer electronics brand business.
E01470,B0210,Consumer Electronics Brand,Retail,Electronics,Storage racks,Optional Equipment,1,No,Typical equipment used by a consumer electronics brand business.
E01471,B0211,Furniture Store,Retail,Furniture,POS terminal,Essential Equipment,1,Yes,Typical equipment used by a furniture store business.
E01472,B0211,Furniture Store,Retail,Furniture,Barcode scanner,Essential Equipment,1,Yes,Typical equipment used by a furniture store business.
E01473,B0211,Furniture Store,Retail,Furniture,Receipt printer,Essential Equipment,1,Yes,Typical equipment used by a furniture store business.
E01474,B0211,Furniture Store,Retail,Furniture,Cash drawer,Essential Equipment,1,Yes,Typical equipment used by a furniture store business.
E01475,B0211,Furniture Store,Retail,Furniture,Display shelving,Essential Equipment,1,Yes,Typical equipment used by a furniture store business.
E01476,B0211,Furniture Store,Retail,Furniture,Storage racks,Optional Equipment,1,No,Typical equipment used by a furniture store business.
E01477,B0211,Furniture Store,Retail,Furniture,CCTV system,Optional Equipment,2,No,Typical equipment used by a furniture store business.
E01478,B0212,Office Furniture Store,Retail,Furniture,POS terminal,Essential Equipment,1,Yes,Typical equipment used by a office furniture store business.
E01479,B0212,Office Furniture Store,Retail,Furniture,Barcode scanner,Essential Equipment,1,Yes,Typical equipment used by a office furniture store business.
E01480,B0212,Office Furniture Store,Retail,Furniture,Receipt printer,Essential Equipment,1,Yes,Typical equipment used by a office furniture store business.
E01481,B0212,Office Furniture Store,Retail,Furniture,Cash drawer,Essential Equipment,1,Yes,Typical equipment used by a office furniture store business.
E01482,B0212,Office Furniture Store,Retail,Furniture,Display shelving,Essential Equipment,1,Yes,Typical equipment used by a office furniture store business.
E01483,B0212,Office Furniture Store,Retail,Furniture,Storage racks,Optional Equipment,1,No,Typical equipment used by a office furniture store business.
E01484,B0212,Office Furniture Store,Retail,Furniture,CCTV system,Optional Equipment,2,No,Typical equipment used by a office furniture store business.
E01485,B0212,Office Furniture Store,Retail,Furniture,Barcode label printer,Optional Equipment,1,No,Typical equipment used by a office furniture store business.
E01486,B0213,Custom Furniture Studio,Retail,Furniture,POS terminal,Essential Equipment,1,Yes,Typical equipment used by a custom furniture studio business.
E01487,B0213,Custom Furniture Studio,Retail,Furniture,Barcode scanner,Essential Equipment,1,Yes,Typical equipment used by a custom furniture studio business.
E01488,B0213,Custom Furniture Studio,Retail,Furniture,Receipt printer,Essential Equipment,1,Yes,Typical equipment used by a custom furniture studio business.
E01489,B0213,Custom Furniture Studio,Retail,Furniture,Cash drawer,Essential Equipment,1,Yes,Typical equipment used by a custom furniture studio business.
E01490,B0213,Custom Furniture Studio,Retail,Furniture,Display shelving,Essential Equipment,1,Yes,Typical equipment used by a custom furniture studio business.
E01491,B0213,Custom Furniture Studio,Retail,Furniture,Storage racks,Optional Equipment,1,No,Typical equipment used by a custom furniture studio business.
E01492,B0214,Home Furnishing Store,Retail,Furniture,POS terminal,Essential Equipment,1,Yes,Typical equipment used by a home furnishing store business.
E01493,B0214,Home Furnishing Store,Retail,Furniture,Barcode scanner,Essential Equipment,1,Yes,Typical equipment used by a home furnishing store business.
E01494,B0214,Home Furnishing Store,Retail,Furniture,Receipt printer,Essential Equipment,1,Yes,Typical equipment used by a home furnishing store business.
E01495,B0214,Home Furnishing Store,Retail,Furniture,Cash drawer,Essential Equipment,1,Yes,Typical equipment used by a home furnishing store business.
E01496,B0214,Home Furnishing Store,Retail,Furniture,Display shelving,Essential Equipment,1,Yes,Typical equipment used by a home furnishing store business.
E01497,B0214,Home Furnishing Store,Retail,Furniture,Storage racks,Optional Equipment,1,No,Typical equipment used by a home furnishing store business.
E01498,B0214,Home Furnishing Store,Retail,Furniture,CCTV system,Optional Equipment,2,No,Typical equipment used by a home furnishing store business.
E01499,B0215,Furniture Showroom,Retail,Furniture,POS terminal,Essential Equipment,1,Yes,Typical equipment used by a furniture showroom business.
E01500,B0215,Furniture Showroom,Retail,Furniture,Barcode scanner,Essential Equipment,1,Yes,Typical equipment used by a furniture showroom business.
E01501,B0215,Furniture Showroom,Retail,Furniture,Receipt printer,Essential Equipment,1,Yes,Typical equipment used by a furniture showroom business.
E01502,B0215,Furniture Showroom,Retail,Furniture,Cash drawer,Essential Equipment,1,Yes,Typical equipment used by a furniture showroom business.
E01503,B0215,Furniture Showroom,Retail,Furniture,Display shelving,Essential Equipment,1,Yes,Typical equipment used by a furniture showroom business.
E01504,B0215,Furniture Showroom,Retail,Furniture,Storage racks,Optional Equipment,1,No,Typical equipment used by a furniture showroom business.
E01505,B0215,Furniture Showroom,Retail,Furniture,CCTV system,Optional Equipment,2,No,Typical equipment used by a furniture showroom business.
E01506,B0215,Furniture Showroom,Retail,Furniture,Barcode label printer,Optional Equipment,1,No,Typical equipment used by a furniture showroom business.
E01507,B0216,Neighborhood Supermarket,Retail,Supermarket,POS terminal,Essential Equipment,1,Yes,Typical equipment used by a neighborhood supermarket business.
E01508,B0216,Neighborhood Supermarket,Retail,Supermarket,Barcode scanner,Essential Equipment,1,Yes,Typical equipment used by a neighborhood supermarket business.
E01509,B0216,Neighborhood Supermarket,Retail,Supermarket,Receipt printer,Essential Equipment,1,Yes,Typical equipment used by a neighborhood supermarket business.
E01510,B0216,Neighborhood Supermarket,Retail,Supermarket,Cash drawer,Essential Equipment,1,Yes,Typical equipment used by a neighborhood supermarket business.
E01511,B0216,Neighborhood Supermarket,Retail,Supermarket,Display shelving,Essential Equipment,1,Yes,Typical equipment used by a neighborhood supermarket business.
E01512,B0216,Neighborhood Supermarket,Retail,Supermarket,Storage racks,Optional Equipment,1,No,Typical equipment used by a neighborhood supermarket business.
E01513,B0217,Hypermarket,Retail,Supermarket,POS terminal,Essential Equipment,1,Yes,Typical equipment used by a hypermarket business.
E01514,B0217,Hypermarket,Retail,Supermarket,Barcode scanner,Essential Equipment,1,Yes,Typical equipment used by a hypermarket business.
E01515,B0217,Hypermarket,Retail,Supermarket,Receipt printer,Essential Equipment,1,Yes,Typical equipment used by a hypermarket business.
E01516,B0217,Hypermarket,Retail,Supermarket,Cash drawer,Essential Equipment,1,Yes,Typical equipment used by a hypermarket business.
E01517,B0217,Hypermarket,Retail,Supermarket,Display shelving,Essential Equipment,1,Yes,Typical equipment used by a hypermarket business.
E01518,B0217,Hypermarket,Retail,Supermarket,Storage racks,Optional Equipment,1,No,Typical equipment used by a hypermarket business.
E01519,B0217,Hypermarket,Retail,Supermarket,CCTV system,Optional Equipment,2,No,Typical equipment used by a hypermarket business.
E01520,B0218,Mini Supermarket,Retail,Supermarket,POS terminal,Essential Equipment,1,Yes,Typical equipment used by a mini supermarket business.
E01521,B0218,Mini Supermarket,Retail,Supermarket,Barcode scanner,Essential Equipment,1,Yes,Typical equipment used by a mini supermarket business.
E01522,B0218,Mini Supermarket,Retail,Supermarket,Receipt printer,Essential Equipment,1,Yes,Typical equipment used by a mini supermarket business.
E01523,B0218,Mini Supermarket,Retail,Supermarket,Cash drawer,Essential Equipment,1,Yes,Typical equipment used by a mini supermarket business.
E01524,B0218,Mini Supermarket,Retail,Supermarket,Display shelving,Essential Equipment,1,Yes,Typical equipment used by a mini supermarket business.
E01525,B0218,Mini Supermarket,Retail,Supermarket,Storage racks,Optional Equipment,1,No,Typical equipment used by a mini supermarket business.
E01526,B0218,Mini Supermarket,Retail,Supermarket,CCTV system,Optional Equipment,2,No,Typical equipment used by a mini supermarket business.
E01527,B0218,Mini Supermarket,Retail,Supermarket,Barcode label printer,Optional Equipment,1,No,Typical equipment used by a mini supermarket business.
E01528,B0219,Specialty Supermarket,Retail,Supermarket,POS terminal,Essential Equipment,1,Yes,Typical equipment used by a specialty supermarket business.
E01529,B0219,Specialty Supermarket,Retail,Supermarket,Barcode scanner,Essential Equipment,1,Yes,Typical equipment used by a specialty supermarket business.
E01530,B0219,Specialty Supermarket,Retail,Supermarket,Receipt printer,Essential Equipment,1,Yes,Typical equipment used by a specialty supermarket business.
E01531,B0219,Specialty Supermarket,Retail,Supermarket,Cash drawer,Essential Equipment,1,Yes,Typical equipment used by a specialty supermarket business.
E01532,B0219,Specialty Supermarket,Retail,Supermarket,Display shelving,Essential Equipment,1,Yes,Typical equipment used by a specialty supermarket business.
E01533,B0219,Specialty Supermarket,Retail,Supermarket,Storage racks,Optional Equipment,1,No,Typical equipment used by a specialty supermarket business.
E01534,B0220,Wholesale Supermarket,Retail,Supermarket,POS terminal,Essential Equipment,1,Yes,Typical equipment used by a wholesale supermarket business.
E01535,B0220,Wholesale Supermarket,Retail,Supermarket,Barcode scanner,Essential Equipment,1,Yes,Typical equipment used by a wholesale supermarket business.
E01536,B0220,Wholesale Supermarket,Retail,Supermarket,Receipt printer,Essential Equipment,1,Yes,Typical equipment used by a wholesale supermarket business.
E01537,B0220,Wholesale Supermarket,Retail,Supermarket,Cash drawer,Essential Equipment,1,Yes,Typical equipment used by a wholesale supermarket business.
E01538,B0220,Wholesale Supermarket,Retail,Supermarket,Display shelving,Essential Equipment,1,Yes,Typical equipment used by a wholesale supermarket business.
E01539,B0220,Wholesale Supermarket,Retail,Supermarket,Storage racks,Optional Equipment,1,No,Typical equipment used by a wholesale supermarket business.
E01540,B0220,Wholesale Supermarket,Retail,Supermarket,CCTV system,Optional Equipment,2,No,Typical equipment used by a wholesale supermarket business.
E01541,B0221,General E-commerce Store,Retail,E-commerce,POS terminal,Essential Equipment,1,Yes,Typical equipment used by a general e-commerce store business.
E01542,B0221,General E-commerce Store,Retail,E-commerce,Barcode scanner,Essential Equipment,1,Yes,Typical equipment used by a general e-commerce store business.
E01543,B0221,General E-commerce Store,Retail,E-commerce,Receipt printer,Essential Equipment,1,Yes,Typical equipment used by a general e-commerce store business.
E01544,B0221,General E-commerce Store,Retail,E-commerce,Cash drawer,Essential Equipment,1,Yes,Typical equipment used by a general e-commerce store business.
E01545,B0221,General E-commerce Store,Retail,E-commerce,Display shelving,Essential Equipment,1,Yes,Typical equipment used by a general e-commerce store business.
E01546,B0221,General E-commerce Store,Retail,E-commerce,Storage racks,Optional Equipment,1,No,Typical equipment used by a general e-commerce store business.
E01547,B0221,General E-commerce Store,Retail,E-commerce,CCTV system,Optional Equipment,2,No,Typical equipment used by a general e-commerce store business.
E01548,B0221,General E-commerce Store,Retail,E-commerce,Barcode label printer,Optional Equipment,1,No,Typical equipment used by a general e-commerce store business.
E01549,B0222,Fashion E-commerce Store,Retail,E-commerce,POS terminal,Essential Equipment,1,Yes,Typical equipment used by a fashion e-commerce store business.
E01550,B0222,Fashion E-commerce Store,Retail,E-commerce,Barcode scanner,Essential Equipment,1,Yes,Typical equipment used by a fashion e-commerce store business.
E01551,B0222,Fashion E-commerce Store,Retail,E-commerce,Receipt printer,Essential Equipment,1,Yes,Typical equipment used by a fashion e-commerce store business.
E01552,B0222,Fashion E-commerce Store,Retail,E-commerce,Cash drawer,Essential Equipment,1,Yes,Typical equipment used by a fashion e-commerce store business.
E01553,B0222,Fashion E-commerce Store,Retail,E-commerce,Display shelving,Essential Equipment,1,Yes,Typical equipment used by a fashion e-commerce store business.
E01554,B0222,Fashion E-commerce Store,Retail,E-commerce,Storage racks,Optional Equipment,1,No,Typical equipment used by a fashion e-commerce store business.
E01555,B0223,Grocery E-commerce Store,Retail,E-commerce,POS terminal,Essential Equipment,1,Yes,Typical equipment used by a grocery e-commerce store business.
E01556,B0223,Grocery E-commerce Store,Retail,E-commerce,Barcode scanner,Essential Equipment,1,Yes,Typical equipment used by a grocery e-commerce store business.
E01557,B0223,Grocery E-commerce Store,Retail,E-commerce,Receipt printer,Essential Equipment,1,Yes,Typical equipment used by a grocery e-commerce store business.
E01558,B0223,Grocery E-commerce Store,Retail,E-commerce,Cash drawer,Essential Equipment,1,Yes,Typical equipment used by a grocery e-commerce store business.
E01559,B0223,Grocery E-commerce Store,Retail,E-commerce,Display shelving,Essential Equipment,1,Yes,Typical equipment used by a grocery e-commerce store business.
E01560,B0223,Grocery E-commerce Store,Retail,E-commerce,Storage racks,Optional Equipment,1,No,Typical equipment used by a grocery e-commerce store business.
E01561,B0223,Grocery E-commerce Store,Retail,E-commerce,CCTV system,Optional Equipment,2,No,Typical equipment used by a grocery e-commerce store business.
E01562,B0224,Electronics E-commerce Store,Retail,E-commerce,POS terminal,Essential Equipment,1,Yes,Typical equipment used by a electronics e-commerce store business.
E01563,B0224,Electronics E-commerce Store,Retail,E-commerce,Barcode scanner,Essential Equipment,1,Yes,Typical equipment used by a electronics e-commerce store business.
E01564,B0224,Electronics E-commerce Store,Retail,E-commerce,Receipt printer,Essential Equipment,1,Yes,Typical equipment used by a electronics e-commerce store business.
E01565,B0224,Electronics E-commerce Store,Retail,E-commerce,Cash drawer,Essential Equipment,1,Yes,Typical equipment used by a electronics e-commerce store business.
E01566,B0224,Electronics E-commerce Store,Retail,E-commerce,Display shelving,Essential Equipment,1,Yes,Typical equipment used by a electronics e-commerce store business.
E01567,B0224,Electronics E-commerce Store,Retail,E-commerce,Storage racks,Optional Equipment,1,No,Typical equipment used by a electronics e-commerce store business.
E01568,B0224,Electronics E-commerce Store,Retail,E-commerce,CCTV system,Optional Equipment,2,No,Typical equipment used by a electronics e-commerce store business.
E01569,B0224,Electronics E-commerce Store,Retail,E-commerce,Barcode label printer,Optional Equipment,1,No,Typical equipment used by a electronics e-commerce store business.
E01570,B0225,Niche E-commerce Store,Retail,E-commerce,POS terminal,Essential Equipment,1,Yes,Typical equipment used by a niche e-commerce store business.
E01571,B0225,Niche E-commerce Store,Retail,E-commerce,Barcode scanner,Essential Equipment,1,Yes,Typical equipment used by a niche e-commerce store business.
E01572,B0225,Niche E-commerce Store,Retail,E-commerce,Receipt printer,Essential Equipment,1,Yes,Typical equipment used by a niche e-commerce store business.
E01573,B0225,Niche E-commerce Store,Retail,E-commerce,Cash drawer,Essential Equipment,1,Yes,Typical equipment used by a niche e-commerce store business.
E01574,B0225,Niche E-commerce Store,Retail,E-commerce,Display shelving,Essential Equipment,1,Yes,Typical equipment used by a niche e-commerce store business.
E01575,B0225,Niche E-commerce Store,Retail,E-commerce,Storage racks,Optional Equipment,1,No,Typical equipment used by a niche e-commerce store business.
E01576,B0226,Industrial Machinery Manufacturer,Manufacturing,Machinery,Production machine,Essential Equipment,1,Yes,Typical equipment used by a industrial machinery manufacturer business.
E01577,B0226,Industrial Machinery Manufacturer,Manufacturing,Machinery,CNC/industrial machine,Essential Equipment,1,Yes,Typical equipment used by a industrial machinery manufacturer business.
E01578,B0226,Industrial Machinery Manufacturer,Manufacturing,Machinery,Air compressor,Essential Equipment,1,Yes,Typical equipment used by a industrial machinery manufacturer business.
E01579,B0226,Industrial Machinery Manufacturer,Manufacturing,Machinery,Power distribution panel,Essential Equipment,1,Yes,Typical equipment used by a industrial machinery manufacturer business.
E01580,B0226,Industrial Machinery Manufacturer,Manufacturing,Machinery,Work benches,Essential Equipment,1,Yes,Typical equipment used by a industrial machinery manufacturer business.
E01581,B0226,Industrial Machinery Manufacturer,Manufacturing,Machinery,Measuring tools,Optional Equipment,1,No,Typical equipment used by a industrial machinery manufacturer business.
E01582,B0226,Industrial Machinery Manufacturer,Manufacturing,Machinery,Safety equipment,Optional Equipment,2,No,Typical equipment used by a industrial machinery manufacturer business.
E01583,B0227,Machine Tools Manufacturer,Manufacturing,Machinery,Production machine,Essential Equipment,1,Yes,Typical equipment used by a machine tools manufacturer business.
E01584,B0227,Machine Tools Manufacturer,Manufacturing,Machinery,CNC/industrial machine,Essential Equipment,1,Yes,Typical equipment used by a machine tools manufacturer business.
E01585,B0227,Machine Tools Manufacturer,Manufacturing,Machinery,Air compressor,Essential Equipment,1,Yes,Typical equipment used by a machine tools manufacturer business.
E01586,B0227,Machine Tools Manufacturer,Manufacturing,Machinery,Power distribution panel,Essential Equipment,1,Yes,Typical equipment used by a machine tools manufacturer business.
E01587,B0227,Machine Tools Manufacturer,Manufacturing,Machinery,Work benches,Essential Equipment,1,Yes,Typical equipment used by a machine tools manufacturer business.
E01588,B0227,Machine Tools Manufacturer,Manufacturing,Machinery,Measuring tools,Optional Equipment,1,No,Typical equipment used by a machine tools manufacturer business.
E01589,B0227,Machine Tools Manufacturer,Manufacturing,Machinery,Safety equipment,Optional Equipment,2,No,Typical equipment used by a machine tools manufacturer business.
E01590,B0227,Machine Tools Manufacturer,Manufacturing,Machinery,Material handling trolley,Optional Equipment,1,No,Typical equipment used by a machine tools manufacturer business.
E01591,B0228,CNC Equipment Manufacturer,Manufacturing,Machinery,Production machine,Essential Equipment,1,Yes,Typical equipment used by a cnc equipment manufacturer business.
E01592,B0228,CNC Equipment Manufacturer,Manufacturing,Machinery,CNC/industrial machine,Essential Equipment,1,Yes,Typical equipment used by a cnc equipment manufacturer business.
E01593,B0228,CNC Equipment Manufacturer,Manufacturing,Machinery,Air compressor,Essential Equipment,1,Yes,Typical equipment used by a cnc equipment manufacturer business.
E01594,B0228,CNC Equipment Manufacturer,Manufacturing,Machinery,Power distribution panel,Essential Equipment,1,Yes,Typical equipment used by a cnc equipment manufacturer business.
E01595,B0228,CNC Equipment Manufacturer,Manufacturing,Machinery,Work benches,Essential Equipment,1,Yes,Typical equipment used by a cnc equipment manufacturer business.
E01596,B0228,CNC Equipment Manufacturer,Manufacturing,Machinery,Measuring tools,Optional Equipment,1,No,Typical equipment used by a cnc equipment manufacturer business.
E01597,B0229,Industrial Equipment Manufacturer,Manufacturing,Machinery,Production machine,Essential Equipment,1,Yes,Typical equipment used by a industrial equipment manufacturer business.
E01598,B0229,Industrial Equipment Manufacturer,Manufacturing,Machinery,CNC/industrial machine,Essential Equipment,1,Yes,Typical equipment used by a industrial equipment manufacturer business.
E01599,B0229,Industrial Equipment Manufacturer,Manufacturing,Machinery,Air compressor,Essential Equipment,1,Yes,Typical equipment used by a industrial equipment manufacturer business.
E01600,B0229,Industrial Equipment Manufacturer,Manufacturing,Machinery,Power distribution panel,Essential Equipment,1,Yes,Typical equipment used by a industrial equipment manufacturer business.
E01601,B0229,Industrial Equipment Manufacturer,Manufacturing,Machinery,Work benches,Essential Equipment,1,Yes,Typical equipment used by a industrial equipment manufacturer business.
E01602,B0229,Industrial Equipment Manufacturer,Manufacturing,Machinery,Measuring tools,Optional Equipment,1,No,Typical equipment used by a industrial equipment manufacturer business.
E01603,B0229,Industrial Equipment Manufacturer,Manufacturing,Machinery,Safety equipment,Optional Equipment,2,No,Typical equipment used by a industrial equipment manufacturer business.
E01604,B0230,Process Machinery Manufacturer,Manufacturing,Machinery,Production machine,Essential Equipment,1,Yes,Typical equipment used by a process machinery manufacturer business.
E01605,B0230,Process Machinery Manufacturer,Manufacturing,Machinery,CNC/industrial machine,Essential Equipment,1,Yes,Typical equipment used by a process machinery manufacturer business.
E01606,B0230,Process Machinery Manufacturer,Manufacturing,Machinery,Air compressor,Essential Equipment,1,Yes,Typical equipment used by a process machinery manufacturer business.
E01607,B0230,Process Machinery Manufacturer,Manufacturing,Machinery,Power distribution panel,Essential Equipment,1,Yes,Typical equipment used by a process machinery manufacturer business.
E01608,B0230,Process Machinery Manufacturer,Manufacturing,Machinery,Work benches,Essential Equipment,1,Yes,Typical equipment used by a process machinery manufacturer business.
E01609,B0230,Process Machinery Manufacturer,Manufacturing,Machinery,Measuring tools,Optional Equipment,1,No,Typical equipment used by a process machinery manufacturer business.
E01610,B0230,Process Machinery Manufacturer,Manufacturing,Machinery,Safety equipment,Optional Equipment,2,No,Typical equipment used by a process machinery manufacturer business.
E01611,B0230,Process Machinery Manufacturer,Manufacturing,Machinery,Material handling trolley,Optional Equipment,1,No,Typical equipment used by a process machinery manufacturer business.
E01612,B0231,Electronics Manufacturer,Manufacturing,Electronics,Production machine,Essential Equipment,1,Yes,Typical equipment used by a electronics manufacturer business.
E01613,B0231,Electronics Manufacturer,Manufacturing,Electronics,CNC/industrial machine,Essential Equipment,1,Yes,Typical equipment used by a electronics manufacturer business.
E01614,B0231,Electronics Manufacturer,Manufacturing,Electronics,Air compressor,Essential Equipment,1,Yes,Typical equipment used by a electronics manufacturer business.
E01615,B0231,Electronics Manufacturer,Manufacturing,Electronics,Power distribution panel,Essential Equipment,1,Yes,Typical equipment used by a electronics manufacturer business.
E01616,B0231,Electronics Manufacturer,Manufacturing,Electronics,Work benches,Essential Equipment,1,Yes,Typical equipment used by a electronics manufacturer business.
E01617,B0231,Electronics Manufacturer,Manufacturing,Electronics,Measuring tools,Optional Equipment,1,No,Typical equipment used by a electronics manufacturer business.
E01618,B0232,PCB Assembly Unit,Manufacturing,Electronics,Production machine,Essential Equipment,1,Yes,Typical equipment used by a pcb assembly unit business.
E01619,B0232,PCB Assembly Unit,Manufacturing,Electronics,CNC/industrial machine,Essential Equipment,1,Yes,Typical equipment used by a pcb assembly unit business.
E01620,B0232,PCB Assembly Unit,Manufacturing,Electronics,Air compressor,Essential Equipment,1,Yes,Typical equipment used by a pcb assembly unit business.
E01621,B0232,PCB Assembly Unit,Manufacturing,Electronics,Power distribution panel,Essential Equipment,1,Yes,Typical equipment used by a pcb assembly unit business.
E01622,B0232,PCB Assembly Unit,Manufacturing,Electronics,Work benches,Essential Equipment,1,Yes,Typical equipment used by a pcb assembly unit business.
E01623,B0232,PCB Assembly Unit,Manufacturing,Electronics,Measuring tools,Optional Equipment,1,No,Typical equipment used by a pcb assembly unit business.
E01624,B0232,PCB Assembly Unit,Manufacturing,Electronics,Safety equipment,Optional Equipment,2,No,Typical equipment used by a pcb assembly unit business.
E01625,B0233,Consumer Electronics Manufacturer,Manufacturing,Electronics,Production machine,Essential Equipment,1,Yes,Typical equipment used by a consumer electronics manufacturer business.
E01626,B0233,Consumer Electronics Manufacturer,Manufacturing,Electronics,CNC/industrial machine,Essential Equipment,1,Yes,Typical equipment used by a consumer electronics manufacturer business.
E01627,B0233,Consumer Electronics Manufacturer,Manufacturing,Electronics,Air compressor,Essential Equipment,1,Yes,Typical equipment used by a consumer electronics manufacturer business.
E01628,B0233,Consumer Electronics Manufacturer,Manufacturing,Electronics,Power distribution panel,Essential Equipment,1,Yes,Typical equipment used by a consumer electronics manufacturer business.
E01629,B0233,Consumer Electronics Manufacturer,Manufacturing,Electronics,Work benches,Essential Equipment,1,Yes,Typical equipment used by a consumer electronics manufacturer business.
E01630,B0233,Consumer Electronics Manufacturer,Manufacturing,Electronics,Measuring tools,Optional Equipment,1,No,Typical equipment used by a consumer electronics manufacturer business.
E01631,B0233,Consumer Electronics Manufacturer,Manufacturing,Electronics,Safety equipment,Optional Equipment,2,No,Typical equipment used by a consumer electronics manufacturer business.
E01632,B0233,Consumer Electronics Manufacturer,Manufacturing,Electronics,Material handling trolley,Optional Equipment,1,No,Typical equipment used by a consumer electronics manufacturer business.
E01633,B0234,Industrial Electronics Manufacturer,Manufacturing,Electronics,Production machine,Essential Equipment,1,Yes,Typical equipment used by a industrial electronics manufacturer business.
E01634,B0234,Industrial Electronics Manufacturer,Manufacturing,Electronics,CNC/industrial machine,Essential Equipment,1,Yes,Typical equipment used by a industrial electronics manufacturer business.
E01635,B0234,Industrial Electronics Manufacturer,Manufacturing,Electronics,Air compressor,Essential Equipment,1,Yes,Typical equipment used by a industrial electronics manufacturer business.
E01636,B0234,Industrial Electronics Manufacturer,Manufacturing,Electronics,Power distribution panel,Essential Equipment,1,Yes,Typical equipment used by a industrial electronics manufacturer business.
E01637,B0234,Industrial Electronics Manufacturer,Manufacturing,Electronics,Work benches,Essential Equipment,1,Yes,Typical equipment used by a industrial electronics manufacturer business.
E01638,B0234,Industrial Electronics Manufacturer,Manufacturing,Electronics,Measuring tools,Optional Equipment,1,No,Typical equipment used by a industrial electronics manufacturer business.
E01639,B0235,Embedded Systems Manufacturer,Manufacturing,Electronics,Production machine,Essential Equipment,1,Yes,Typical equipment used by a embedded systems manufacturer business.
E01640,B0235,Embedded Systems Manufacturer,Manufacturing,Electronics,CNC/industrial machine,Essential Equipment,1,Yes,Typical equipment used by a embedded systems manufacturer business.
E01641,B0235,Embedded Systems Manufacturer,Manufacturing,Electronics,Air compressor,Essential Equipment,1,Yes,Typical equipment used by a embedded systems manufacturer business.
E01642,B0235,Embedded Systems Manufacturer,Manufacturing,Electronics,Power distribution panel,Essential Equipment,1,Yes,Typical equipment used by a embedded systems manufacturer business.
E01643,B0235,Embedded Systems Manufacturer,Manufacturing,Electronics,Work benches,Essential Equipment,1,Yes,Typical equipment used by a embedded systems manufacturer business.
E01644,B0235,Embedded Systems Manufacturer,Manufacturing,Electronics,Measuring tools,Optional Equipment,1,No,Typical equipment used by a embedded systems manufacturer business.
E01645,B0235,Embedded Systems Manufacturer,Manufacturing,Electronics,Safety equipment,Optional Equipment,2,No,Typical equipment used by a embedded systems manufacturer business.
E01646,B0236,Textile Manufacturing Unit,Manufacturing,Textiles,Production machine,Essential Equipment,1,Yes,Typical equipment used by a textile manufacturing unit business.
E01647,B0236,Textile Manufacturing Unit,Manufacturing,Textiles,CNC/industrial machine,Essential Equipment,1,Yes,Typical equipment used by a textile manufacturing unit business.
E01648,B0236,Textile Manufacturing Unit,Manufacturing,Textiles,Air compressor,Essential Equipment,1,Yes,Typical equipment used by a textile manufacturing unit business.
E01649,B0236,Textile Manufacturing Unit,Manufacturing,Textiles,Power distribution panel,Essential Equipment,1,Yes,Typical equipment used by a textile manufacturing unit business.
E01650,B0236,Textile Manufacturing Unit,Manufacturing,Textiles,Work benches,Essential Equipment,1,Yes,Typical equipment used by a textile manufacturing unit business.
E01651,B0236,Textile Manufacturing Unit,Manufacturing,Textiles,Measuring tools,Optional Equipment,1,No,Typical equipment used by a textile manufacturing unit business.
E01652,B0236,Textile Manufacturing Unit,Manufacturing,Textiles,Safety equipment,Optional Equipment,2,No,Typical equipment used by a textile manufacturing unit business.
E01653,B0236,Textile Manufacturing Unit,Manufacturing,Textiles,Material handling trolley,Optional Equipment,1,No,Typical equipment used by a textile manufacturing unit business.
E01654,B0237,Garment Factory,Manufacturing,Textiles,Production machine,Essential Equipment,1,Yes,Typical equipment used by a garment factory business.
E01655,B0237,Garment Factory,Manufacturing,Textiles,CNC/industrial machine,Essential Equipment,1,Yes,Typical equipment used by a garment factory business.
E01656,B0237,Garment Factory,Manufacturing,Textiles,Air compressor,Essential Equipment,1,Yes,Typical equipment used by a garment factory business.
E01657,B0237,Garment Factory,Manufacturing,Textiles,Power distribution panel,Essential Equipment,1,Yes,Typical equipment used by a garment factory business.
E01658,B0237,Garment Factory,Manufacturing,Textiles,Work benches,Essential Equipment,1,Yes,Typical equipment used by a garment factory business.
E01659,B0237,Garment Factory,Manufacturing,Textiles,Measuring tools,Optional Equipment,1,No,Typical equipment used by a garment factory business.
E01660,B0238,Knitting Unit,Manufacturing,Textiles,Production machine,Essential Equipment,1,Yes,Typical equipment used by a knitting unit business.
E01661,B0238,Knitting Unit,Manufacturing,Textiles,CNC/industrial machine,Essential Equipment,1,Yes,Typical equipment used by a knitting unit business.
E01662,B0238,Knitting Unit,Manufacturing,Textiles,Air compressor,Essential Equipment,1,Yes,Typical equipment used by a knitting unit business.
E01663,B0238,Knitting Unit,Manufacturing,Textiles,Power distribution panel,Essential Equipment,1,Yes,Typical equipment used by a knitting unit business.
E01664,B0238,Knitting Unit,Manufacturing,Textiles,Work benches,Essential Equipment,1,Yes,Typical equipment used by a knitting unit business.
E01665,B0238,Knitting Unit,Manufacturing,Textiles,Measuring tools,Optional Equipment,1,No,Typical equipment used by a knitting unit business.
E01666,B0238,Knitting Unit,Manufacturing,Textiles,Safety equipment,Optional Equipment,2,No,Typical equipment used by a knitting unit business.
E01667,B0239,Dyeing Unit,Manufacturing,Textiles,Production machine,Essential Equipment,1,Yes,Typical equipment used by a dyeing unit business.
E01668,B0239,Dyeing Unit,Manufacturing,Textiles,CNC/industrial machine,Essential Equipment,1,Yes,Typical equipment used by a dyeing unit business.
E01669,B0239,Dyeing Unit,Manufacturing,Textiles,Air compressor,Essential Equipment,1,Yes,Typical equipment used by a dyeing unit business.
E01670,B0239,Dyeing Unit,Manufacturing,Textiles,Power distribution panel,Essential Equipment,1,Yes,Typical equipment used by a dyeing unit business.
E01671,B0239,Dyeing Unit,Manufacturing,Textiles,Work benches,Essential Equipment,1,Yes,Typical equipment used by a dyeing unit business.
E01672,B0239,Dyeing Unit,Manufacturing,Textiles,Measuring tools,Optional Equipment,1,No,Typical equipment used by a dyeing unit business.
E01673,B0239,Dyeing Unit,Manufacturing,Textiles,Safety equipment,Optional Equipment,2,No,Typical equipment used by a dyeing unit business.
E01674,B0239,Dyeing Unit,Manufacturing,Textiles,Material handling trolley,Optional Equipment,1,No,Typical equipment used by a dyeing unit business.
E01675,B0240,Home Textile Factory,Manufacturing,Textiles,Production machine,Essential Equipment,1,Yes,Typical equipment used by a home textile factory business.
E01676,B0240,Home Textile Factory,Manufacturing,Textiles,CNC/industrial machine,Essential Equipment,1,Yes,Typical equipment used by a home textile factory business.
E01677,B0240,Home Textile Factory,Manufacturing,Textiles,Air compressor,Essential Equipment,1,Yes,Typical equipment used by a home textile factory business.
E01678,B0240,Home Textile Factory,Manufacturing,Textiles,Power distribution panel,Essential Equipment,1,Yes,Typical equipment used by a home textile factory business.
E01679,B0240,Home Textile Factory,Manufacturing,Textiles,Work benches,Essential Equipment,1,Yes,Typical equipment used by a home textile factory business.
E01680,B0240,Home Textile Factory,Manufacturing,Textiles,Measuring tools,Optional Equipment,1,No,Typical equipment used by a home textile factory business.
E01681,B0241,Packaging Manufacturer,Manufacturing,Packaging,Production machine,Essential Equipment,1,Yes,Typical equipment used by a packaging manufacturer business.
E01682,B0241,Packaging Manufacturer,Manufacturing,Packaging,CNC/industrial machine,Essential Equipment,1,Yes,Typical equipment used by a packaging manufacturer business.
E01683,B0241,Packaging Manufacturer,Manufacturing,Packaging,Air compressor,Essential Equipment,1,Yes,Typical equipment used by a packaging manufacturer business.
E01684,B0241,Packaging Manufacturer,Manufacturing,Packaging,Power distribution panel,Essential Equipment,1,Yes,Typical equipment used by a packaging manufacturer business.
E01685,B0241,Packaging Manufacturer,Manufacturing,Packaging,Work benches,Essential Equipment,1,Yes,Typical equipment used by a packaging manufacturer business.
E01686,B0241,Packaging Manufacturer,Manufacturing,Packaging,Measuring tools,Optional Equipment,1,No,Typical equipment used by a packaging manufacturer business.
E01687,B0241,Packaging Manufacturer,Manufacturing,Packaging,Safety equipment,Optional Equipment,2,No,Typical equipment used by a packaging manufacturer business.
E01688,B0242,Carton Box Manufacturer,Manufacturing,Packaging,Production machine,Essential Equipment,1,Yes,Typical equipment used by a carton box manufacturer business.
E01689,B0242,Carton Box Manufacturer,Manufacturing,Packaging,CNC/industrial machine,Essential Equipment,1,Yes,Typical equipment used by a carton box manufacturer business.
E01690,B0242,Carton Box Manufacturer,Manufacturing,Packaging,Air compressor,Essential Equipment,1,Yes,Typical equipment used by a carton box manufacturer business.
E01691,B0242,Carton Box Manufacturer,Manufacturing,Packaging,Power distribution panel,Essential Equipment,1,Yes,Typical equipment used by a carton box manufacturer business.
E01692,B0242,Carton Box Manufacturer,Manufacturing,Packaging,Work benches,Essential Equipment,1,Yes,Typical equipment used by a carton box manufacturer business.
E01693,B0242,Carton Box Manufacturer,Manufacturing,Packaging,Measuring tools,Optional Equipment,1,No,Typical equipment used by a carton box manufacturer business.
E01694,B0242,Carton Box Manufacturer,Manufacturing,Packaging,Safety equipment,Optional Equipment,2,No,Typical equipment used by a carton box manufacturer business.
E01695,B0242,Carton Box Manufacturer,Manufacturing,Packaging,Material handling trolley,Optional Equipment,1,No,Typical equipment used by a carton box manufacturer business.
E01696,B0243,Flexible Packaging Unit,Manufacturing,Packaging,Production machine,Essential Equipment,1,Yes,Typical equipment used by a flexible packaging unit business.
E01697,B0243,Flexible Packaging Unit,Manufacturing,Packaging,CNC/industrial machine,Essential Equipment,1,Yes,Typical equipment used by a flexible packaging unit business.
E01698,B0243,Flexible Packaging Unit,Manufacturing,Packaging,Air compressor,Essential Equipment,1,Yes,Typical equipment used by a flexible packaging unit business.
E01699,B0243,Flexible Packaging Unit,Manufacturing,Packaging,Power distribution panel,Essential Equipment,1,Yes,Typical equipment used by a flexible packaging unit business.
E01700,B0243,Flexible Packaging Unit,Manufacturing,Packaging,Work benches,Essential Equipment,1,Yes,Typical equipment used by a flexible packaging unit business.
E01701,B0243,Flexible Packaging Unit,Manufacturing,Packaging,Measuring tools,Optional Equipment,1,No,Typical equipment used by a flexible packaging unit business.
E01702,B0244,Bottle Packaging Manufacturer,Manufacturing,Packaging,Production machine,Essential Equipment,1,Yes,Typical equipment used by a bottle packaging manufacturer business.
E01703,B0244,Bottle Packaging Manufacturer,Manufacturing,Packaging,CNC/industrial machine,Essential Equipment,1,Yes,Typical equipment used by a bottle packaging manufacturer business.
E01704,B0244,Bottle Packaging Manufacturer,Manufacturing,Packaging,Air compressor,Essential Equipment,1,Yes,Typical equipment used by a bottle packaging manufacturer business.
E01705,B0244,Bottle Packaging Manufacturer,Manufacturing,Packaging,Power distribution panel,Essential Equipment,1,Yes,Typical equipment used by a bottle packaging manufacturer business.
E01706,B0244,Bottle Packaging Manufacturer,Manufacturing,Packaging,Work benches,Essential Equipment,1,Yes,Typical equipment used by a bottle packaging manufacturer business.
E01707,B0244,Bottle Packaging Manufacturer,Manufacturing,Packaging,Measuring tools,Optional Equipment,1,No,Typical equipment used by a bottle packaging manufacturer business.
E01708,B0244,Bottle Packaging Manufacturer,Manufacturing,Packaging,Safety equipment,Optional Equipment,2,No,Typical equipment used by a bottle packaging manufacturer business.
E01709,B0245,Label Printing Unit,Manufacturing,Packaging,Production machine,Essential Equipment,1,Yes,Typical equipment used by a label printing unit business.
E01710,B0245,Label Printing Unit,Manufacturing,Packaging,CNC/industrial machine,Essential Equipment,1,Yes,Typical equipment used by a label printing unit business.
E01711,B0245,Label Printing Unit,Manufacturing,Packaging,Air compressor,Essential Equipment,1,Yes,Typical equipment used by a label printing unit business.
E01712,B0245,Label Printing Unit,Manufacturing,Packaging,Power distribution panel,Essential Equipment,1,Yes,Typical equipment used by a label printing unit business.
E01713,B0245,Label Printing Unit,Manufacturing,Packaging,Work benches,Essential Equipment,1,Yes,Typical equipment used by a label printing unit business.
E01714,B0245,Label Printing Unit,Manufacturing,Packaging,Measuring tools,Optional Equipment,1,No,Typical equipment used by a label printing unit business.
E01715,B0245,Label Printing Unit,Manufacturing,Packaging,Safety equipment,Optional Equipment,2,No,Typical equipment used by a label printing unit business.
E01716,B0245,Label Printing Unit,Manufacturing,Packaging,Material handling trolley,Optional Equipment,1,No,Typical equipment used by a label printing unit business.
E01717,B0246,Auto Parts Manufacturer,Manufacturing,Automotive,Production machine,Essential Equipment,1,Yes,Typical equipment used by a auto parts manufacturer business.
E01718,B0246,Auto Parts Manufacturer,Manufacturing,Automotive,CNC/industrial machine,Essential Equipment,1,Yes,Typical equipment used by a auto parts manufacturer business.
E01719,B0246,Auto Parts Manufacturer,Manufacturing,Automotive,Air compressor,Essential Equipment,1,Yes,Typical equipment used by a auto parts manufacturer business.
E01720,B0246,Auto Parts Manufacturer,Manufacturing,Automotive,Power distribution panel,Essential Equipment,1,Yes,Typical equipment used by a auto parts manufacturer business.
E01721,B0246,Auto Parts Manufacturer,Manufacturing,Automotive,Work benches,Essential Equipment,1,Yes,Typical equipment used by a auto parts manufacturer business.
E01722,B0246,Auto Parts Manufacturer,Manufacturing,Automotive,Measuring tools,Optional Equipment,1,No,Typical equipment used by a auto parts manufacturer business.
E01723,B0247,Automotive Component Unit,Manufacturing,Automotive,Production machine,Essential Equipment,1,Yes,Typical equipment used by a automotive component unit business.
E01724,B0247,Automotive Component Unit,Manufacturing,Automotive,CNC/industrial machine,Essential Equipment,1,Yes,Typical equipment used by a automotive component unit business.
E01725,B0247,Automotive Component Unit,Manufacturing,Automotive,Air compressor,Essential Equipment,1,Yes,Typical equipment used by a automotive component unit business.
E01726,B0247,Automotive Component Unit,Manufacturing,Automotive,Power distribution panel,Essential Equipment,1,Yes,Typical equipment used by a automotive component unit business.
E01727,B0247,Automotive Component Unit,Manufacturing,Automotive,Work benches,Essential Equipment,1,Yes,Typical equipment used by a automotive component unit business.
E01728,B0247,Automotive Component Unit,Manufacturing,Automotive,Measuring tools,Optional Equipment,1,No,Typical equipment used by a automotive component unit business.
E01729,B0247,Automotive Component Unit,Manufacturing,Automotive,Safety equipment,Optional Equipment,2,No,Typical equipment used by a automotive component unit business.
E01730,B0248,EV Component Manufacturer,Manufacturing,Automotive,Production machine,Essential Equipment,1,Yes,Typical equipment used by a ev component manufacturer business.
E01731,B0248,EV Component Manufacturer,Manufacturing,Automotive,CNC/industrial machine,Essential Equipment,1,Yes,Typical equipment used by a ev component manufacturer business.
E01732,B0248,EV Component Manufacturer,Manufacturing,Automotive,Air compressor,Essential Equipment,1,Yes,Typical equipment used by a ev component manufacturer business.
E01733,B0248,EV Component Manufacturer,Manufacturing,Automotive,Power distribution panel,Essential Equipment,1,Yes,Typical equipment used by a ev component manufacturer business.
E01734,B0248,EV Component Manufacturer,Manufacturing,Automotive,Work benches,Essential Equipment,1,Yes,Typical equipment used by a ev component manufacturer business.
E01735,B0248,EV Component Manufacturer,Manufacturing,Automotive,Measuring tools,Optional Equipment,1,No,Typical equipment used by a ev component manufacturer business.
E01736,B0248,EV Component Manufacturer,Manufacturing,Automotive,Safety equipment,Optional Equipment,2,No,Typical equipment used by a ev component manufacturer business.
E01737,B0248,EV Component Manufacturer,Manufacturing,Automotive,Material handling trolley,Optional Equipment,1,No,Typical equipment used by a ev component manufacturer business.
E01738,B0249,Auto Accessories Manufacturer,Manufacturing,Automotive,Production machine,Essential Equipment,1,Yes,Typical equipment used by a auto accessories manufacturer business.
E01739,B0249,Auto Accessories Manufacturer,Manufacturing,Automotive,CNC/industrial machine,Essential Equipment,1,Yes,Typical equipment used by a auto accessories manufacturer business.
E01740,B0249,Auto Accessories Manufacturer,Manufacturing,Automotive,Air compressor,Essential Equipment,1,Yes,Typical equipment used by a auto accessories manufacturer business.
E01741,B0249,Auto Accessories Manufacturer,Manufacturing,Automotive,Power distribution panel,Essential Equipment,1,Yes,Typical equipment used by a auto accessories manufacturer business.
E01742,B0249,Auto Accessories Manufacturer,Manufacturing,Automotive,Work benches,Essential Equipment,1,Yes,Typical equipment used by a auto accessories manufacturer business.
E01743,B0249,Auto Accessories Manufacturer,Manufacturing,Automotive,Measuring tools,Optional Equipment,1,No,Typical equipment used by a auto accessories manufacturer business.
E01744,B0250,Precision Auto Parts Unit,Manufacturing,Automotive,Production machine,Essential Equipment,1,Yes,Typical equipment used by a precision auto parts unit business.
E01745,B0250,Precision Auto Parts Unit,Manufacturing,Automotive,CNC/industrial machine,Essential Equipment,1,Yes,Typical equipment used by a precision auto parts unit business.
E01746,B0250,Precision Auto Parts Unit,Manufacturing,Automotive,Air compressor,Essential Equipment,1,Yes,Typical equipment used by a precision auto parts unit business.
E01747,B0250,Precision Auto Parts Unit,Manufacturing,Automotive,Power distribution panel,Essential Equipment,1,Yes,Typical equipment used by a precision auto parts unit business.
E01748,B0250,Precision Auto Parts Unit,Manufacturing,Automotive,Work benches,Essential Equipment,1,Yes,Typical equipment used by a precision auto parts unit business.
E01749,B0250,Precision Auto Parts Unit,Manufacturing,Automotive,Measuring tools,Optional Equipment,1,No,Typical equipment used by a precision auto parts unit business.
E01750,B0250,Precision Auto Parts Unit,Manufacturing,Automotive,Safety equipment,Optional Equipment,2,No,Typical equipment used by a precision auto parts unit business.
E01751,B0251,Vegetable Farm,Agriculture,Farming,Tractor,Essential Equipment,1,Yes,Typical equipment used by a vegetable farm business.
E01752,B0251,Vegetable Farm,Agriculture,Farming,Irrigation pump,Essential Equipment,1,Yes,Typical equipment used by a vegetable farm business.
E01753,B0251,Vegetable Farm,Agriculture,Farming,Water tank,Essential Equipment,1,Yes,Typical equipment used by a vegetable farm business.
E01754,B0251,Vegetable Farm,Agriculture,Farming,Sprayer,Essential Equipment,1,Yes,Typical equipment used by a vegetable farm business.
E01755,B0251,Vegetable Farm,Agriculture,Farming,Soil testing kit,Essential Equipment,1,Yes,Typical equipment used by a vegetable farm business.
E01756,B0251,Vegetable Farm,Agriculture,Farming,Harvesting tools,Optional Equipment,1,No,Typical equipment used by a vegetable farm business.
E01757,B0251,Vegetable Farm,Agriculture,Farming,Weighing scale,Optional Equipment,2,No,Typical equipment used by a vegetable farm business.
E01758,B0251,Vegetable Farm,Agriculture,Farming,Cold storage unit,Optional Equipment,1,No,Typical equipment used by a vegetable farm business.
E01759,B0252,Fruit Farm,Agriculture,Farming,Tractor,Essential Equipment,1,Yes,Typical equipment used by a fruit farm business.
E01760,B0252,Fruit Farm,Agriculture,Farming,Irrigation pump,Essential Equipment,1,Yes,Typical equipment used by a fruit farm business.
E01761,B0252,Fruit Farm,Agriculture,Farming,Water tank,Essential Equipment,1,Yes,Typical equipment used by a fruit farm business.
E01762,B0252,Fruit Farm,Agriculture,Farming,Sprayer,Essential Equipment,1,Yes,Typical equipment used by a fruit farm business.
E01763,B0252,Fruit Farm,Agriculture,Farming,Soil testing kit,Essential Equipment,1,Yes,Typical equipment used by a fruit farm business.
E01764,B0252,Fruit Farm,Agriculture,Farming,Harvesting tools,Optional Equipment,1,No,Typical equipment used by a fruit farm business.
E01765,B0253,Organic Farm,Agriculture,Farming,Tractor,Essential Equipment,1,Yes,Typical equipment used by a organic farm business.
E01766,B0253,Organic Farm,Agriculture,Farming,Irrigation pump,Essential Equipment,1,Yes,Typical equipment used by a organic farm business.
E01767,B0253,Organic Farm,Agriculture,Farming,Water tank,Essential Equipment,1,Yes,Typical equipment used by a organic farm business.
E01768,B0253,Organic Farm,Agriculture,Farming,Sprayer,Essential Equipment,1,Yes,Typical equipment used by a organic farm business.
E01769,B0253,Organic Farm,Agriculture,Farming,Soil testing kit,Essential Equipment,1,Yes,Typical equipment used by a organic farm business.
E01770,B0253,Organic Farm,Agriculture,Farming,Harvesting tools,Optional Equipment,1,No,Typical equipment used by a organic farm business.
E01771,B0253,Organic Farm,Agriculture,Farming,Weighing scale,Optional Equipment,2,No,Typical equipment used by a organic farm business.
E01772,B0254,Greenhouse Farm,Agriculture,Farming,Tractor,Essential Equipment,1,Yes,Typical equipment used by a greenhouse farm business.
E01773,B0254,Greenhouse Farm,Agriculture,Farming,Irrigation pump,Essential Equipment,1,Yes,Typical equipment used by a greenhouse farm business.
E01774,B0254,Greenhouse Farm,Agriculture,Farming,Water tank,Essential Equipment,1,Yes,Typical equipment used by a greenhouse farm business.
E01775,B0254,Greenhouse Farm,Agriculture,Farming,Sprayer,Essential Equipment,1,Yes,Typical equipment used by a greenhouse farm business.
E01776,B0254,Greenhouse Farm,Agriculture,Farming,Soil testing kit,Essential Equipment,1,Yes,Typical equipment used by a greenhouse farm business.
E01777,B0254,Greenhouse Farm,Agriculture,Farming,Harvesting tools,Optional Equipment,1,No,Typical equipment used by a greenhouse farm business.
E01778,B0254,Greenhouse Farm,Agriculture,Farming,Weighing scale,Optional Equipment,2,No,Typical equipment used by a greenhouse farm business.
E01779,B0254,Greenhouse Farm,Agriculture,Farming,Cold storage unit,Optional Equipment,1,No,Typical equipment used by a greenhouse farm business.
E01780,B0255,Hydroponic Farm,Agriculture,Farming,Tractor,Essential Equipment,1,Yes,Typical equipment used by a hydroponic farm business.
E01781,B0255,Hydroponic Farm,Agriculture,Farming,Irrigation pump,Essential Equipment,1,Yes,Typical equipment used by a hydroponic farm business.
E01782,B0255,Hydroponic Farm,Agriculture,Farming,Water tank,Essential Equipment,1,Yes,Typical equipment used by a hydroponic farm business.
E01783,B0255,Hydroponic Farm,Agriculture,Farming,Sprayer,Essential Equipment,1,Yes,Typical equipment used by a hydroponic farm business.
E01784,B0255,Hydroponic Farm,Agriculture,Farming,Soil testing kit,Essential Equipment,1,Yes,Typical equipment used by a hydroponic farm business.
E01785,B0255,Hydroponic Farm,Agriculture,Farming,Harvesting tools,Optional Equipment,1,No,Typical equipment used by a hydroponic farm business.
E01786,B0256,Precision Agriculture Startup,Agriculture,AgriTech,Tractor,Essential Equipment,1,Yes,Typical equipment used by a precision agriculture startup business.
E01787,B0256,Precision Agriculture Startup,Agriculture,AgriTech,Irrigation pump,Essential Equipment,1,Yes,Typical equipment used by a precision agriculture startup business.
E01788,B0256,Precision Agriculture Startup,Agriculture,AgriTech,Water tank,Essential Equipment,1,Yes,Typical equipment used by a precision agriculture startup business.
E01789,B0256,Precision Agriculture Startup,Agriculture,AgriTech,Sprayer,Essential Equipment,1,Yes,Typical equipment used by a precision agriculture startup business.
E01790,B0256,Precision Agriculture Startup,Agriculture,AgriTech,Soil testing kit,Essential Equipment,1,Yes,Typical equipment used by a precision agriculture startup business.
E01791,B0256,Precision Agriculture Startup,Agriculture,AgriTech,Harvesting tools,Optional Equipment,1,No,Typical equipment used by a precision agriculture startup business.
E01792,B0256,Precision Agriculture Startup,Agriculture,AgriTech,Weighing scale,Optional Equipment,2,No,Typical equipment used by a precision agriculture startup business.
E01793,B0257,Farm Management Platform,Agriculture,AgriTech,Tractor,Essential Equipment,1,Yes,Typical equipment used by a farm management platform business.
E01794,B0257,Farm Management Platform,Agriculture,AgriTech,Irrigation pump,Essential Equipment,1,Yes,Typical equipment used by a farm management platform business.
E01795,B0257,Farm Management Platform,Agriculture,AgriTech,Water tank,Essential Equipment,1,Yes,Typical equipment used by a farm management platform business.
E01796,B0257,Farm Management Platform,Agriculture,AgriTech,Sprayer,Essential Equipment,1,Yes,Typical equipment used by a farm management platform business.
E01797,B0257,Farm Management Platform,Agriculture,AgriTech,Soil testing kit,Essential Equipment,1,Yes,Typical equipment used by a farm management platform business.
E01798,B0257,Farm Management Platform,Agriculture,AgriTech,Harvesting tools,Optional Equipment,1,No,Typical equipment used by a farm management platform business.
E01799,B0257,Farm Management Platform,Agriculture,AgriTech,Weighing scale,Optional Equipment,2,No,Typical equipment used by a farm management platform business.
E01800,B0257,Farm Management Platform,Agriculture,AgriTech,Cold storage unit,Optional Equipment,1,No,Typical equipment used by a farm management platform business.
E01801,B0258,Agricultural Drone Service,Agriculture,AgriTech,Tractor,Essential Equipment,1,Yes,Typical equipment used by a agricultural drone service business.
E01802,B0258,Agricultural Drone Service,Agriculture,AgriTech,Irrigation pump,Essential Equipment,1,Yes,Typical equipment used by a agricultural drone service business.
E01803,B0258,Agricultural Drone Service,Agriculture,AgriTech,Water tank,Essential Equipment,1,Yes,Typical equipment used by a agricultural drone service business.
E01804,B0258,Agricultural Drone Service,Agriculture,AgriTech,Sprayer,Essential Equipment,1,Yes,Typical equipment used by a agricultural drone service business.
E01805,B0258,Agricultural Drone Service,Agriculture,AgriTech,Soil testing kit,Essential Equipment,1,Yes,Typical equipment used by a agricultural drone service business.
E01806,B0258,Agricultural Drone Service,Agriculture,AgriTech,Harvesting tools,Optional Equipment,1,No,Typical equipment used by a agricultural drone service business.
E01807,B0259,Smart Irrigation Company,Agriculture,AgriTech,Tractor,Essential Equipment,1,Yes,Typical equipment used by a smart irrigation company business.
E01808,B0259,Smart Irrigation Company,Agriculture,AgriTech,Irrigation pump,Essential Equipment,1,Yes,Typical equipment used by a smart irrigation company business.
E01809,B0259,Smart Irrigation Company,Agriculture,AgriTech,Water tank,Essential Equipment,1,Yes,Typical equipment used by a smart irrigation company business.
E01810,B0259,Smart Irrigation Company,Agriculture,AgriTech,Sprayer,Essential Equipment,1,Yes,Typical equipment used by a smart irrigation company business.
E01811,B0259,Smart Irrigation Company,Agriculture,AgriTech,Soil testing kit,Essential Equipment,1,Yes,Typical equipment used by a smart irrigation company business.
E01812,B0259,Smart Irrigation Company,Agriculture,AgriTech,Harvesting tools,Optional Equipment,1,No,Typical equipment used by a smart irrigation company business.
E01813,B0259,Smart Irrigation Company,Agriculture,AgriTech,Weighing scale,Optional Equipment,2,No,Typical equipment used by a smart irrigation company business.
E01814,B0260,Farm IoT Company,Agriculture,AgriTech,Tractor,Essential Equipment,1,Yes,Typical equipment used by a farm iot company business.
E01815,B0260,Farm IoT Company,Agriculture,AgriTech,Irrigation pump,Essential Equipment,1,Yes,Typical equipment used by a farm iot company business.
E01816,B0260,Farm IoT Company,Agriculture,AgriTech,Water tank,Essential Equipment,1,Yes,Typical equipment used by a farm iot company business.
E01817,B0260,Farm IoT Company,Agriculture,AgriTech,Sprayer,Essential Equipment,1,Yes,Typical equipment used by a farm iot company business.
E01818,B0260,Farm IoT Company,Agriculture,AgriTech,Soil testing kit,Essential Equipment,1,Yes,Typical equipment used by a farm iot company business.
E01819,B0260,Farm IoT Company,Agriculture,AgriTech,Harvesting tools,Optional Equipment,1,No,Typical equipment used by a farm iot company business.
E01820,B0260,Farm IoT Company,Agriculture,AgriTech,Weighing scale,Optional Equipment,2,No,Typical equipment used by a farm iot company business.
E01821,B0260,Farm IoT Company,Agriculture,AgriTech,Cold storage unit,Optional Equipment,1,No,Typical equipment used by a farm iot company business.
E01822,B0261,Seed Production Unit,Agriculture,Seeds,Tractor,Essential Equipment,1,Yes,Typical equipment used by a seed production unit business.
E01823,B0261,Seed Production Unit,Agriculture,Seeds,Irrigation pump,Essential Equipment,1,Yes,Typical equipment used by a seed production unit business.
E01824,B0261,Seed Production Unit,Agriculture,Seeds,Water tank,Essential Equipment,1,Yes,Typical equipment used by a seed production unit business.
E01825,B0261,Seed Production Unit,Agriculture,Seeds,Sprayer,Essential Equipment,1,Yes,Typical equipment used by a seed production unit business.
E01826,B0261,Seed Production Unit,Agriculture,Seeds,Soil testing kit,Essential Equipment,1,Yes,Typical equipment used by a seed production unit business.
E01827,B0261,Seed Production Unit,Agriculture,Seeds,Harvesting tools,Optional Equipment,1,No,Typical equipment used by a seed production unit business.
E01828,B0262,Seed Processing Unit,Agriculture,Seeds,Tractor,Essential Equipment,1,Yes,Typical equipment used by a seed processing unit business.
E01829,B0262,Seed Processing Unit,Agriculture,Seeds,Irrigation pump,Essential Equipment,1,Yes,Typical equipment used by a seed processing unit business.
E01830,B0262,Seed Processing Unit,Agriculture,Seeds,Water tank,Essential Equipment,1,Yes,Typical equipment used by a seed processing unit business.
E01831,B0262,Seed Processing Unit,Agriculture,Seeds,Sprayer,Essential Equipment,1,Yes,Typical equipment used by a seed processing unit business.
E01832,B0262,Seed Processing Unit,Agriculture,Seeds,Soil testing kit,Essential Equipment,1,Yes,Typical equipment used by a seed processing unit business.
E01833,B0262,Seed Processing Unit,Agriculture,Seeds,Harvesting tools,Optional Equipment,1,No,Typical equipment used by a seed processing unit business.
E01834,B0262,Seed Processing Unit,Agriculture,Seeds,Weighing scale,Optional Equipment,2,No,Typical equipment used by a seed processing unit business.
E01835,B0263,Seed Distribution Business,Agriculture,Seeds,Tractor,Essential Equipment,1,Yes,Typical equipment used by a seed distribution business business.
E01836,B0263,Seed Distribution Business,Agriculture,Seeds,Irrigation pump,Essential Equipment,1,Yes,Typical equipment used by a seed distribution business business.
E01837,B0263,Seed Distribution Business,Agriculture,Seeds,Water tank,Essential Equipment,1,Yes,Typical equipment used by a seed distribution business business.
E01838,B0263,Seed Distribution Business,Agriculture,Seeds,Sprayer,Essential Equipment,1,Yes,Typical equipment used by a seed distribution business business.
E01839,B0263,Seed Distribution Business,Agriculture,Seeds,Soil testing kit,Essential Equipment,1,Yes,Typical equipment used by a seed distribution business business.
E01840,B0263,Seed Distribution Business,Agriculture,Seeds,Harvesting tools,Optional Equipment,1,No,Typical equipment used by a seed distribution business business.
E01841,B0263,Seed Distribution Business,Agriculture,Seeds,Weighing scale,Optional Equipment,2,No,Typical equipment used by a seed distribution business business.
E01842,B0263,Seed Distribution Business,Agriculture,Seeds,Cold storage unit,Optional Equipment,1,No,Typical equipment used by a seed distribution business business.
E01843,B0264,Nursery Business,Agriculture,Seeds,Tractor,Essential Equipment,1,Yes,Typical equipment used by a nursery business business.
E01844,B0264,Nursery Business,Agriculture,Seeds,Irrigation pump,Essential Equipment,1,Yes,Typical equipment used by a nursery business business.
E01845,B0264,Nursery Business,Agriculture,Seeds,Water tank,Essential Equipment,1,Yes,Typical equipment used by a nursery business business.
E01846,B0264,Nursery Business,Agriculture,Seeds,Sprayer,Essential Equipment,1,Yes,Typical equipment used by a nursery business business.
E01847,B0264,Nursery Business,Agriculture,Seeds,Soil testing kit,Essential Equipment,1,Yes,Typical equipment used by a nursery business business.
E01848,B0264,Nursery Business,Agriculture,Seeds,Harvesting tools,Optional Equipment,1,No,Typical equipment used by a nursery business business.
E01849,B0265,Hybrid Seed Company,Agriculture,Seeds,Tractor,Essential Equipment,1,Yes,Typical equipment used by a hybrid seed company business.
E01850,B0265,Hybrid Seed Company,Agriculture,Seeds,Irrigation pump,Essential Equipment,1,Yes,Typical equipment used by a hybrid seed company business.
E01851,B0265,Hybrid Seed Company,Agriculture,Seeds,Water tank,Essential Equipment,1,Yes,Typical equipment used by a hybrid seed company business.
E01852,B0265,Hybrid Seed Company,Agriculture,Seeds,Sprayer,Essential Equipment,1,Yes,Typical equipment used by a hybrid seed company business.
E01853,B0265,Hybrid Seed Company,Agriculture,Seeds,Soil testing kit,Essential Equipment,1,Yes,Typical equipment used by a hybrid seed company business.
E01854,B0265,Hybrid Seed Company,Agriculture,Seeds,Harvesting tools,Optional Equipment,1,No,Typical equipment used by a hybrid seed company business.
E01855,B0265,Hybrid Seed Company,Agriculture,Seeds,Weighing scale,Optional Equipment,2,No,Typical equipment used by a hybrid seed company business.
E01856,B0266,Fertilizer Distribution Business,Agriculture,Fertilizer,Tractor,Essential Equipment,1,Yes,Typical equipment used by a fertilizer distribution business business.
E01857,B0266,Fertilizer Distribution Business,Agriculture,Fertilizer,Irrigation pump,Essential Equipment,1,Yes,Typical equipment used by a fertilizer distribution business business.
E01858,B0266,Fertilizer Distribution Business,Agriculture,Fertilizer,Water tank,Essential Equipment,1,Yes,Typical equipment used by a fertilizer distribution business business.
E01859,B0266,Fertilizer Distribution Business,Agriculture,Fertilizer,Sprayer,Essential Equipment,1,Yes,Typical equipment used by a fertilizer distribution business business.
E01860,B0266,Fertilizer Distribution Business,Agriculture,Fertilizer,Soil testing kit,Essential Equipment,1,Yes,Typical equipment used by a fertilizer distribution business business.
E01861,B0266,Fertilizer Distribution Business,Agriculture,Fertilizer,Harvesting tools,Optional Equipment,1,No,Typical equipment used by a fertilizer distribution business business.
E01862,B0266,Fertilizer Distribution Business,Agriculture,Fertilizer,Weighing scale,Optional Equipment,2,No,Typical equipment used by a fertilizer distribution business business.
E01863,B0266,Fertilizer Distribution Business,Agriculture,Fertilizer,Cold storage unit,Optional Equipment,1,No,Typical equipment used by a fertilizer distribution business business.
E01864,B0267,Organic Fertilizer Unit,Agriculture,Fertilizer,Tractor,Essential Equipment,1,Yes,Typical equipment used by a organic fertilizer unit business.
E01865,B0267,Organic Fertilizer Unit,Agriculture,Fertilizer,Irrigation pump,Essential Equipment,1,Yes,Typical equipment used by a organic fertilizer unit business.
E01866,B0267,Organic Fertilizer Unit,Agriculture,Fertilizer,Water tank,Essential Equipment,1,Yes,Typical equipment used by a organic fertilizer unit business.
E01867,B0267,Organic Fertilizer Unit,Agriculture,Fertilizer,Sprayer,Essential Equipment,1,Yes,Typical equipment used by a organic fertilizer unit business.
E01868,B0267,Organic Fertilizer Unit,Agriculture,Fertilizer,Soil testing kit,Essential Equipment,1,Yes,Typical equipment used by a organic fertilizer unit business.
E01869,B0267,Organic Fertilizer Unit,Agriculture,Fertilizer,Harvesting tools,Optional Equipment,1,No,Typical equipment used by a organic fertilizer unit business.
E01870,B0268,Compost Production Unit,Agriculture,Fertilizer,Tractor,Essential Equipment,1,Yes,Typical equipment used by a compost production unit business.
E01871,B0268,Compost Production Unit,Agriculture,Fertilizer,Irrigation pump,Essential Equipment,1,Yes,Typical equipment used by a compost production unit business.
E01872,B0268,Compost Production Unit,Agriculture,Fertilizer,Water tank,Essential Equipment,1,Yes,Typical equipment used by a compost production unit business.
E01873,B0268,Compost Production Unit,Agriculture,Fertilizer,Sprayer,Essential Equipment,1,Yes,Typical equipment used by a compost production unit business.
E01874,B0268,Compost Production Unit,Agriculture,Fertilizer,Soil testing kit,Essential Equipment,1,Yes,Typical equipment used by a compost production unit business.
E01875,B0268,Compost Production Unit,Agriculture,Fertilizer,Harvesting tools,Optional Equipment,1,No,Typical equipment used by a compost production unit business.
E01876,B0268,Compost Production Unit,Agriculture,Fertilizer,Weighing scale,Optional Equipment,2,No,Typical equipment used by a compost production unit business.
E01877,B0269,Biofertilizer Unit,Agriculture,Fertilizer,Tractor,Essential Equipment,1,Yes,Typical equipment used by a biofertilizer unit business.
E01878,B0269,Biofertilizer Unit,Agriculture,Fertilizer,Irrigation pump,Essential Equipment,1,Yes,Typical equipment used by a biofertilizer unit business.
E01879,B0269,Biofertilizer Unit,Agriculture,Fertilizer,Water tank,Essential Equipment,1,Yes,Typical equipment used by a biofertilizer unit business.
E01880,B0269,Biofertilizer Unit,Agriculture,Fertilizer,Sprayer,Essential Equipment,1,Yes,Typical equipment used by a biofertilizer unit business.
E01881,B0269,Biofertilizer Unit,Agriculture,Fertilizer,Soil testing kit,Essential Equipment,1,Yes,Typical equipment used by a biofertilizer unit business.
E01882,B0269,Biofertilizer Unit,Agriculture,Fertilizer,Harvesting tools,Optional Equipment,1,No,Typical equipment used by a biofertilizer unit business.
E01883,B0269,Biofertilizer Unit,Agriculture,Fertilizer,Weighing scale,Optional Equipment,2,No,Typical equipment used by a biofertilizer unit business.
E01884,B0269,Biofertilizer Unit,Agriculture,Fertilizer,Cold storage unit,Optional Equipment,1,No,Typical equipment used by a biofertilizer unit business.
E01885,B0270,Soil Amendment Business,Agriculture,Fertilizer,Tractor,Essential Equipment,1,Yes,Typical equipment used by a soil amendment business business.
E01886,B0270,Soil Amendment Business,Agriculture,Fertilizer,Irrigation pump,Essential Equipment,1,Yes,Typical equipment used by a soil amendment business business.
E01887,B0270,Soil Amendment Business,Agriculture,Fertilizer,Water tank,Essential Equipment,1,Yes,Typical equipment used by a soil amendment business business.
E01888,B0270,Soil Amendment Business,Agriculture,Fertilizer,Sprayer,Essential Equipment,1,Yes,Typical equipment used by a soil amendment business business.
E01889,B0270,Soil Amendment Business,Agriculture,Fertilizer,Soil testing kit,Essential Equipment,1,Yes,Typical equipment used by a soil amendment business business.
E01890,B0270,Soil Amendment Business,Agriculture,Fertilizer,Harvesting tools,Optional Equipment,1,No,Typical equipment used by a soil amendment business business.
E01891,B0271,Dairy Farm,Agriculture,Dairy & Poultry,Tractor,Essential Equipment,1,Yes,Typical equipment used by a dairy farm business.
E01892,B0271,Dairy Farm,Agriculture,Dairy & Poultry,Irrigation pump,Essential Equipment,1,Yes,Typical equipment used by a dairy farm business.
E01893,B0271,Dairy Farm,Agriculture,Dairy & Poultry,Water tank,Essential Equipment,1,Yes,Typical equipment used by a dairy farm business.
E01894,B0271,Dairy Farm,Agriculture,Dairy & Poultry,Sprayer,Essential Equipment,1,Yes,Typical equipment used by a dairy farm business.
E01895,B0271,Dairy Farm,Agriculture,Dairy & Poultry,Soil testing kit,Essential Equipment,1,Yes,Typical equipment used by a dairy farm business.
E01896,B0271,Dairy Farm,Agriculture,Dairy & Poultry,Harvesting tools,Optional Equipment,1,No,Typical equipment used by a dairy farm business.
E01897,B0271,Dairy Farm,Agriculture,Dairy & Poultry,Weighing scale,Optional Equipment,2,No,Typical equipment used by a dairy farm business.
E01898,B0272,Milk Processing Unit,Agriculture,Dairy & Poultry,Tractor,Essential Equipment,1,Yes,Typical equipment used by a milk processing unit business.
E01899,B0272,Milk Processing Unit,Agriculture,Dairy & Poultry,Irrigation pump,Essential Equipment,1,Yes,Typical equipment used by a milk processing unit business.
E01900,B0272,Milk Processing Unit,Agriculture,Dairy & Poultry,Water tank,Essential Equipment,1,Yes,Typical equipment used by a milk processing unit business.
E01901,B0272,Milk Processing Unit,Agriculture,Dairy & Poultry,Sprayer,Essential Equipment,1,Yes,Typical equipment used by a milk processing unit business.
E01902,B0272,Milk Processing Unit,Agriculture,Dairy & Poultry,Soil testing kit,Essential Equipment,1,Yes,Typical equipment used by a milk processing unit business.
E01903,B0272,Milk Processing Unit,Agriculture,Dairy & Poultry,Harvesting tools,Optional Equipment,1,No,Typical equipment used by a milk processing unit business.
E01904,B0272,Milk Processing Unit,Agriculture,Dairy & Poultry,Weighing scale,Optional Equipment,2,No,Typical equipment used by a milk processing unit business.
E01905,B0272,Milk Processing Unit,Agriculture,Dairy & Poultry,Cold storage unit,Optional Equipment,1,No,Typical equipment used by a milk processing unit business.
E01906,B0273,Poultry Farm,Agriculture,Dairy & Poultry,Tractor,Essential Equipment,1,Yes,Typical equipment used by a poultry farm business.
E01907,B0273,Poultry Farm,Agriculture,Dairy & Poultry,Irrigation pump,Essential Equipment,1,Yes,Typical equipment used by a poultry farm business.
E01908,B0273,Poultry Farm,Agriculture,Dairy & Poultry,Water tank,Essential Equipment,1,Yes,Typical equipment used by a poultry farm business.
E01909,B0273,Poultry Farm,Agriculture,Dairy & Poultry,Sprayer,Essential Equipment,1,Yes,Typical equipment used by a poultry farm business.
E01910,B0273,Poultry Farm,Agriculture,Dairy & Poultry,Soil testing kit,Essential Equipment,1,Yes,Typical equipment used by a poultry farm business.
E01911,B0273,Poultry Farm,Agriculture,Dairy & Poultry,Harvesting tools,Optional Equipment,1,No,Typical equipment used by a poultry farm business.
E01912,B0274,Egg Production Unit,Agriculture,Dairy & Poultry,Tractor,Essential Equipment,1,Yes,Typical equipment used by a egg production unit business.
E01913,B0274,Egg Production Unit,Agriculture,Dairy & Poultry,Irrigation pump,Essential Equipment,1,Yes,Typical equipment used by a egg production unit business.
E01914,B0274,Egg Production Unit,Agriculture,Dairy & Poultry,Water tank,Essential Equipment,1,Yes,Typical equipment used by a egg production unit business.
E01915,B0274,Egg Production Unit,Agriculture,Dairy & Poultry,Sprayer,Essential Equipment,1,Yes,Typical equipment used by a egg production unit business.
E01916,B0274,Egg Production Unit,Agriculture,Dairy & Poultry,Soil testing kit,Essential Equipment,1,Yes,Typical equipment used by a egg production unit business.
E01917,B0274,Egg Production Unit,Agriculture,Dairy & Poultry,Harvesting tools,Optional Equipment,1,No,Typical equipment used by a egg production unit business.
E01918,B0274,Egg Production Unit,Agriculture,Dairy & Poultry,Weighing scale,Optional Equipment,2,No,Typical equipment used by a egg production unit business.
E01919,B0275,Animal Feed Business,Agriculture,Dairy & Poultry,Tractor,Essential Equipment,1,Yes,Typical equipment used by a animal feed business business.
E01920,B0275,Animal Feed Business,Agriculture,Dairy & Poultry,Irrigation pump,Essential Equipment,1,Yes,Typical equipment used by a animal feed business business.
E01921,B0275,Animal Feed Business,Agriculture,Dairy & Poultry,Water tank,Essential Equipment,1,Yes,Typical equipment used by a animal feed business business.
E01922,B0275,Animal Feed Business,Agriculture,Dairy & Poultry,Sprayer,Essential Equipment,1,Yes,Typical equipment used by a animal feed business business.
E01923,B0275,Animal Feed Business,Agriculture,Dairy & Poultry,Soil testing kit,Essential Equipment,1,Yes,Typical equipment used by a animal feed business business.
E01924,B0275,Animal Feed Business,Agriculture,Dairy & Poultry,Harvesting tools,Optional Equipment,1,No,Typical equipment used by a animal feed business business.
E01925,B0275,Animal Feed Business,Agriculture,Dairy & Poultry,Weighing scale,Optional Equipment,2,No,Typical equipment used by a animal feed business business.
E01926,B0275,Animal Feed Business,Agriculture,Dairy & Poultry,Cold storage unit,Optional Equipment,1,No,Typical equipment used by a animal feed business business.
E01927,B0276,Unisex Salon,Beauty,Salon,Salon chair,Essential Equipment,1,Yes,Typical equipment used by a unisex salon business.
E01928,B0276,Unisex Salon,Beauty,Salon,Hair dryer,Essential Equipment,1,Yes,Typical equipment used by a unisex salon business.
E01929,B0276,Unisex Salon,Beauty,Salon,Shampoo station,Essential Equipment,1,Yes,Typical equipment used by a unisex salon business.
E01930,B0276,Unisex Salon,Beauty,Salon,Facial steamer,Essential Equipment,1,Yes,Typical equipment used by a unisex salon business.
E01931,B0276,Unisex Salon,Beauty,Salon,Sterilizer,Essential Equipment,1,Yes,Typical equipment used by a unisex salon business.
E01932,B0276,Unisex Salon,Beauty,Salon,Mirror station,Optional Equipment,1,No,Typical equipment used by a unisex salon business.
E01933,B0277,Ladies Salon,Beauty,Salon,Salon chair,Essential Equipment,1,Yes,Typical equipment used by a ladies salon business.
E01934,B0277,Ladies Salon,Beauty,Salon,Hair dryer,Essential Equipment,1,Yes,Typical equipment used by a ladies salon business.
E01935,B0277,Ladies Salon,Beauty,Salon,Shampoo station,Essential Equipment,1,Yes,Typical equipment used by a ladies salon business.
E01936,B0277,Ladies Salon,Beauty,Salon,Facial steamer,Essential Equipment,1,Yes,Typical equipment used by a ladies salon business.
E01937,B0277,Ladies Salon,Beauty,Salon,Sterilizer,Essential Equipment,1,Yes,Typical equipment used by a ladies salon business.
E01938,B0277,Ladies Salon,Beauty,Salon,Mirror station,Optional Equipment,1,No,Typical equipment used by a ladies salon business.
E01939,B0277,Ladies Salon,Beauty,Salon,Towel warmer,Optional Equipment,2,No,Typical equipment used by a ladies salon business.
E01940,B0278,Gents Salon,Beauty,Salon,Salon chair,Essential Equipment,1,Yes,Typical equipment used by a gents salon business.
E01941,B0278,Gents Salon,Beauty,Salon,Hair dryer,Essential Equipment,1,Yes,Typical equipment used by a gents salon business.
E01942,B0278,Gents Salon,Beauty,Salon,Shampoo station,Essential Equipment,1,Yes,Typical equipment used by a gents salon business.
E01943,B0278,Gents Salon,Beauty,Salon,Facial steamer,Essential Equipment,1,Yes,Typical equipment used by a gents salon business.
E01944,B0278,Gents Salon,Beauty,Salon,Sterilizer,Essential Equipment,1,Yes,Typical equipment used by a gents salon business.
E01945,B0278,Gents Salon,Beauty,Salon,Mirror station,Optional Equipment,1,No,Typical equipment used by a gents salon business.
E01946,B0278,Gents Salon,Beauty,Salon,Towel warmer,Optional Equipment,2,No,Typical equipment used by a gents salon business.
E01947,B0278,Gents Salon,Beauty,Salon,POS terminal,Optional Equipment,1,No,Typical equipment used by a gents salon business.
E01948,B0279,Hair Studio,Beauty,Salon,Salon chair,Essential Equipment,1,Yes,Typical equipment used by a hair studio business.
E01949,B0279,Hair Studio,Beauty,Salon,Hair dryer,Essential Equipment,1,Yes,Typical equipment used by a hair studio business.
E01950,B0279,Hair Studio,Beauty,Salon,Shampoo station,Essential Equipment,1,Yes,Typical equipment used by a hair studio business.
E01951,B0279,Hair Studio,Beauty,Salon,Facial steamer,Essential Equipment,1,Yes,Typical equipment used by a hair studio business.
E01952,B0279,Hair Studio,Beauty,Salon,Sterilizer,Essential Equipment,1,Yes,Typical equipment used by a hair studio business.
E01953,B0279,Hair Studio,Beauty,Salon,Mirror station,Optional Equipment,1,No,Typical equipment used by a hair studio business.
E01954,B0280,Premium Salon,Beauty,Salon,Salon chair,Essential Equipment,1,Yes,Typical equipment used by a premium salon business.
E01955,B0280,Premium Salon,Beauty,Salon,Hair dryer,Essential Equipment,1,Yes,Typical equipment used by a premium salon business.
E01956,B0280,Premium Salon,Beauty,Salon,Shampoo station,Essential Equipment,1,Yes,Typical equipment used by a premium salon business.
E01957,B0280,Premium Salon,Beauty,Salon,Facial steamer,Essential Equipment,1,Yes,Typical equipment used by a premium salon business.
E01958,B0280,Premium Salon,Beauty,Salon,Sterilizer,Essential Equipment,1,Yes,Typical equipment used by a premium salon business.
E01959,B0280,Premium Salon,Beauty,Salon,Mirror station,Optional Equipment,1,No,Typical equipment used by a premium salon business.
E01960,B0280,Premium Salon,Beauty,Salon,Towel warmer,Optional Equipment,2,No,Typical equipment used by a premium salon business.
E01961,B0281,Day Spa,Beauty,Spa,Salon chair,Essential Equipment,1,Yes,Typical equipment used by a day spa business.
E01962,B0281,Day Spa,Beauty,Spa,Hair dryer,Essential Equipment,1,Yes,Typical equipment used by a day spa business.
E01963,B0281,Day Spa,Beauty,Spa,Shampoo station,Essential Equipment,1,Yes,Typical equipment used by a day spa business.
E01964,B0281,Day Spa,Beauty,Spa,Facial steamer,Essential Equipment,1,Yes,Typical equipment used by a day spa business.
E01965,B0281,Day Spa,Beauty,Spa,Sterilizer,Essential Equipment,1,Yes,Typical equipment used by a day spa business.
E01966,B0281,Day Spa,Beauty,Spa,Mirror station,Optional Equipment,1,No,Typical equipment used by a day spa business.
E01967,B0281,Day Spa,Beauty,Spa,Towel warmer,Optional Equipment,2,No,Typical equipment used by a day spa business.
E01968,B0281,Day Spa,Beauty,Spa,POS terminal,Optional Equipment,1,No,Typical equipment used by a day spa business.
E01969,B0282,Wellness Spa,Beauty,Spa,Salon chair,Essential Equipment,1,Yes,Typical equipment used by a wellness spa business.
E01970,B0282,Wellness Spa,Beauty,Spa,Hair dryer,Essential Equipment,1,Yes,Typical equipment used by a wellness spa business.
E01971,B0282,Wellness Spa,Beauty,Spa,Shampoo station,Essential Equipment,1,Yes,Typical equipment used by a wellness spa business.
E01972,B0282,Wellness Spa,Beauty,Spa,Facial steamer,Essential Equipment,1,Yes,Typical equipment used by a wellness spa business.
E01973,B0282,Wellness Spa,Beauty,Spa,Sterilizer,Essential Equipment,1,Yes,Typical equipment used by a wellness spa business.
E01974,B0282,Wellness Spa,Beauty,Spa,Mirror station,Optional Equipment,1,No,Typical equipment used by a wellness spa business.
E01975,B0283,Ayurvedic Spa,Beauty,Spa,Salon chair,Essential Equipment,1,Yes,Typical equipment used by a ayurvedic spa business.
E01976,B0283,Ayurvedic Spa,Beauty,Spa,Hair dryer,Essential Equipment,1,Yes,Typical equipment used by a ayurvedic spa business.
E01977,B0283,Ayurvedic Spa,Beauty,Spa,Shampoo station,Essential Equipment,1,Yes,Typical equipment used by a ayurvedic spa business.
E01978,B0283,Ayurvedic Spa,Beauty,Spa,Facial steamer,Essential Equipment,1,Yes,Typical equipment used by a ayurvedic spa business.
E01979,B0283,Ayurvedic Spa,Beauty,Spa,Sterilizer,Essential Equipment,1,Yes,Typical equipment used by a ayurvedic spa business.
E01980,B0283,Ayurvedic Spa,Beauty,Spa,Mirror station,Optional Equipment,1,No,Typical equipment used by a ayurvedic spa business.
E01981,B0283,Ayurvedic Spa,Beauty,Spa,Towel warmer,Optional Equipment,2,No,Typical equipment used by a ayurvedic spa business.
E01982,B0284,Massage Center,Beauty,Spa,Salon chair,Essential Equipment,1,Yes,Typical equipment used by a massage center business.
E01983,B0284,Massage Center,Beauty,Spa,Hair dryer,Essential Equipment,1,Yes,Typical equipment used by a massage center business.
E01984,B0284,Massage Center,Beauty,Spa,Shampoo station,Essential Equipment,1,Yes,Typical equipment used by a massage center business.
E01985,B0284,Massage Center,Beauty,Spa,Facial steamer,Essential Equipment,1,Yes,Typical equipment used by a massage center business.
E01986,B0284,Massage Center,Beauty,Spa,Sterilizer,Essential Equipment,1,Yes,Typical equipment used by a massage center business.
E01987,B0284,Massage Center,Beauty,Spa,Mirror station,Optional Equipment,1,No,Typical equipment used by a massage center business.
E01988,B0284,Massage Center,Beauty,Spa,Towel warmer,Optional Equipment,2,No,Typical equipment used by a massage center business.
E01989,B0284,Massage Center,Beauty,Spa,POS terminal,Optional Equipment,1,No,Typical equipment used by a massage center business.
E01990,B0285,Luxury Spa,Beauty,Spa,Salon chair,Essential Equipment,1,Yes,Typical equipment used by a luxury spa business.
E01991,B0285,Luxury Spa,Beauty,Spa,Hair dryer,Essential Equipment,1,Yes,Typical equipment used by a luxury spa business.
E01992,B0285,Luxury Spa,Beauty,Spa,Shampoo station,Essential Equipment,1,Yes,Typical equipment used by a luxury spa business.
E01993,B0285,Luxury Spa,Beauty,Spa,Facial steamer,Essential Equipment,1,Yes,Typical equipment used by a luxury spa business.
E01994,B0285,Luxury Spa,Beauty,Spa,Sterilizer,Essential Equipment,1,Yes,Typical equipment used by a luxury spa business.
E01995,B0285,Luxury Spa,Beauty,Spa,Mirror station,Optional Equipment,1,No,Typical equipment used by a luxury spa business.
E01996,B0286,Makeup Studio,Beauty,Makeup,Salon chair,Essential Equipment,1,Yes,Typical equipment used by a makeup studio business.
E01997,B0286,Makeup Studio,Beauty,Makeup,Hair dryer,Essential Equipment,1,Yes,Typical equipment used by a makeup studio business.
E01998,B0286,Makeup Studio,Beauty,Makeup,Shampoo station,Essential Equipment,1,Yes,Typical equipment used by a makeup studio business.
E01999,B0286,Makeup Studio,Beauty,Makeup,Facial steamer,Essential Equipment,1,Yes,Typical equipment used by a makeup studio business.
E02000,B0286,Makeup Studio,Beauty,Makeup,Sterilizer,Essential Equipment,1,Yes,Typical equipment used by a makeup studio business.
E02001,B0286,Makeup Studio,Beauty,Makeup,Mirror station,Optional Equipment,1,No,Typical equipment used by a makeup studio business.
E02002,B0286,Makeup Studio,Beauty,Makeup,Towel warmer,Optional Equipment,2,No,Typical equipment used by a makeup studio business.
E02003,B0287,Bridal Makeup Studio,Beauty,Makeup,Salon chair,Essential Equipment,1,Yes,Typical equipment used by a bridal makeup studio business.
E02004,B0287,Bridal Makeup Studio,Beauty,Makeup,Hair dryer,Essential Equipment,1,Yes,Typical equipment used by a bridal makeup studio business.
E02005,B0287,Bridal Makeup Studio,Beauty,Makeup,Shampoo station,Essential Equipment,1,Yes,Typical equipment used by a bridal makeup studio business.
E02006,B0287,Bridal Makeup Studio,Beauty,Makeup,Facial steamer,Essential Equipment,1,Yes,Typical equipment used by a bridal makeup studio business.
E02007,B0287,Bridal Makeup Studio,Beauty,Makeup,Sterilizer,Essential Equipment,1,Yes,Typical equipment used by a bridal makeup studio business.
E02008,B0287,Bridal Makeup Studio,Beauty,Makeup,Mirror station,Optional Equipment,1,No,Typical equipment used by a bridal makeup studio business.
E02009,B0287,Bridal Makeup Studio,Beauty,Makeup,Towel warmer,Optional Equipment,2,No,Typical equipment used by a bridal makeup studio business.
E02010,B0287,Bridal Makeup Studio,Beauty,Makeup,POS terminal,Optional Equipment,1,No,Typical equipment used by a bridal makeup studio business.
E02011,B0288,Makeup Academy,Beauty,Makeup,Salon chair,Essential Equipment,1,Yes,Typical equipment used by a makeup academy business.
E02012,B0288,Makeup Academy,Beauty,Makeup,Hair dryer,Essential Equipment,1,Yes,Typical equipment used by a makeup academy business.
E02013,B0288,Makeup Academy,Beauty,Makeup,Shampoo station,Essential Equipment,1,Yes,Typical equipment used by a makeup academy business.
E02014,B0288,Makeup Academy,Beauty,Makeup,Facial steamer,Essential Equipment,1,Yes,Typical equipment used by a makeup academy business.
E02015,B0288,Makeup Academy,Beauty,Makeup,Sterilizer,Essential Equipment,1,Yes,Typical equipment used by a makeup academy business.
E02016,B0288,Makeup Academy,Beauty,Makeup,Mirror station,Optional Equipment,1,No,Typical equipment used by a makeup academy business.
E02017,B0289,Freelance Makeup Service,Beauty,Makeup,Salon chair,Essential Equipment,1,Yes,Typical equipment used by a freelance makeup service business.
E02018,B0289,Freelance Makeup Service,Beauty,Makeup,Hair dryer,Essential Equipment,1,Yes,Typical equipment used by a freelance makeup service business.
E02019,B0289,Freelance Makeup Service,Beauty,Makeup,Shampoo station,Essential Equipment,1,Yes,Typical equipment used by a freelance makeup service business.
E02020,B0289,Freelance Makeup Service,Beauty,Makeup,Facial steamer,Essential Equipment,1,Yes,Typical equipment used by a freelance makeup service business.
E02021,B0289,Freelance Makeup Service,Beauty,Makeup,Sterilizer,Essential Equipment,1,Yes,Typical equipment used by a freelance makeup service business.
E02022,B0289,Freelance Makeup Service,Beauty,Makeup,Mirror station,Optional Equipment,1,No,Typical equipment used by a freelance makeup service business.
E02023,B0289,Freelance Makeup Service,Beauty,Makeup,Towel warmer,Optional Equipment,2,No,Typical equipment used by a freelance makeup service business.
E02024,B0290,Beauty Training Studio,Beauty,Makeup,Salon chair,Essential Equipment,1,Yes,Typical equipment used by a beauty training studio business.
E02025,B0290,Beauty Training Studio,Beauty,Makeup,Hair dryer,Essential Equipment,1,Yes,Typical equipment used by a beauty training studio business.
E02026,B0290,Beauty Training Studio,Beauty,Makeup,Shampoo station,Essential Equipment,1,Yes,Typical equipment used by a beauty training studio business.
E02027,B0290,Beauty Training Studio,Beauty,Makeup,Facial steamer,Essential Equipment,1,Yes,Typical equipment used by a beauty training studio business.
E02028,B0290,Beauty Training Studio,Beauty,Makeup,Sterilizer,Essential Equipment,1,Yes,Typical equipment used by a beauty training studio business.
E02029,B0290,Beauty Training Studio,Beauty,Makeup,Mirror station,Optional Equipment,1,No,Typical equipment used by a beauty training studio business.
E02030,B0290,Beauty Training Studio,Beauty,Makeup,Towel warmer,Optional Equipment,2,No,Typical equipment used by a beauty training studio business.
E02031,B0290,Beauty Training Studio,Beauty,Makeup,POS terminal,Optional Equipment,1,No,Typical equipment used by a beauty training studio business.
E02032,B0291,Skincare Clinic,Beauty,Skincare,Salon chair,Essential Equipment,1,Yes,Typical equipment used by a skincare clinic business.
E02033,B0291,Skincare Clinic,Beauty,Skincare,Hair dryer,Essential Equipment,1,Yes,Typical equipment used by a skincare clinic business.
E02034,B0291,Skincare Clinic,Beauty,Skincare,Shampoo station,Essential Equipment,1,Yes,Typical equipment used by a skincare clinic business.
E02035,B0291,Skincare Clinic,Beauty,Skincare,Facial steamer,Essential Equipment,1,Yes,Typical equipment used by a skincare clinic business.
E02036,B0291,Skincare Clinic,Beauty,Skincare,Sterilizer,Essential Equipment,1,Yes,Typical equipment used by a skincare clinic business.
E02037,B0291,Skincare Clinic,Beauty,Skincare,Mirror station,Optional Equipment,1,No,Typical equipment used by a skincare clinic business.
E02038,B0292,Facial Studio,Beauty,Skincare,Salon chair,Essential Equipment,1,Yes,Typical equipment used by a facial studio business.
E02039,B0292,Facial Studio,Beauty,Skincare,Hair dryer,Essential Equipment,1,Yes,Typical equipment used by a facial studio business.
E02040,B0292,Facial Studio,Beauty,Skincare,Shampoo station,Essential Equipment,1,Yes,Typical equipment used by a facial studio business.
E02041,B0292,Facial Studio,Beauty,Skincare,Facial steamer,Essential Equipment,1,Yes,Typical equipment used by a facial studio business.
E02042,B0292,Facial Studio,Beauty,Skincare,Sterilizer,Essential Equipment,1,Yes,Typical equipment used by a facial studio business.
E02043,B0292,Facial Studio,Beauty,Skincare,Mirror station,Optional Equipment,1,No,Typical equipment used by a facial studio business.
E02044,B0292,Facial Studio,Beauty,Skincare,Towel warmer,Optional Equipment,2,No,Typical equipment used by a facial studio business.
E02045,B0293,Skin Treatment Center,Beauty,Skincare,Salon chair,Essential Equipment,1,Yes,Typical equipment used by a skin treatment center business.
E02046,B0293,Skin Treatment Center,Beauty,Skincare,Hair dryer,Essential Equipment,1,Yes,Typical equipment used by a skin treatment center business.
E02047,B0293,Skin Treatment Center,Beauty,Skincare,Shampoo station,Essential Equipment,1,Yes,Typical equipment used by a skin treatment center business.
E02048,B0293,Skin Treatment Center,Beauty,Skincare,Facial steamer,Essential Equipment,1,Yes,Typical equipment used by a skin treatment center business.
E02049,B0293,Skin Treatment Center,Beauty,Skincare,Sterilizer,Essential Equipment,1,Yes,Typical equipment used by a skin treatment center business.
E02050,B0293,Skin Treatment Center,Beauty,Skincare,Mirror station,Optional Equipment,1,No,Typical equipment used by a skin treatment center business.
E02051,B0293,Skin Treatment Center,Beauty,Skincare,Towel warmer,Optional Equipment,2,No,Typical equipment used by a skin treatment center business.
E02052,B0293,Skin Treatment Center,Beauty,Skincare,POS terminal,Optional Equipment,1,No,Typical equipment used by a skin treatment center business.
E02053,B0294,Skincare Product Brand,Beauty,Skincare,Salon chair,Essential Equipment,1,Yes,Typical equipment used by a skincare product brand business.
E02054,B0294,Skincare Product Brand,Beauty,Skincare,Hair dryer,Essential Equipment,1,Yes,Typical equipment used by a skincare product brand business.
E02055,B0294,Skincare Product Brand,Beauty,Skincare,Shampoo station,Essential Equipment,1,Yes,Typical equipment used by a skincare product brand business.
E02056,B0294,Skincare Product Brand,Beauty,Skincare,Facial steamer,Essential Equipment,1,Yes,Typical equipment used by a skincare product brand business.
E02057,B0294,Skincare Product Brand,Beauty,Skincare,Sterilizer,Essential Equipment,1,Yes,Typical equipment used by a skincare product brand business.
E02058,B0294,Skincare Product Brand,Beauty,Skincare,Mirror station,Optional Equipment,1,No,Typical equipment used by a skincare product brand business.
E02059,B0295,Aesthetic Beauty Studio,Beauty,Skincare,Salon chair,Essential Equipment,1,Yes,Typical equipment used by a aesthetic beauty studio business.
E02060,B0295,Aesthetic Beauty Studio,Beauty,Skincare,Hair dryer,Essential Equipment,1,Yes,Typical equipment used by a aesthetic beauty studio business.
E02061,B0295,Aesthetic Beauty Studio,Beauty,Skincare,Shampoo station,Essential Equipment,1,Yes,Typical equipment used by a aesthetic beauty studio business.
E02062,B0295,Aesthetic Beauty Studio,Beauty,Skincare,Facial steamer,Essential Equipment,1,Yes,Typical equipment used by a aesthetic beauty studio business.
E02063,B0295,Aesthetic Beauty Studio,Beauty,Skincare,Sterilizer,Essential Equipment,1,Yes,Typical equipment used by a aesthetic beauty studio business.
E02064,B0295,Aesthetic Beauty Studio,Beauty,Skincare,Mirror station,Optional Equipment,1,No,Typical equipment used by a aesthetic beauty studio business.
E02065,B0295,Aesthetic Beauty Studio,Beauty,Skincare,Towel warmer,Optional Equipment,2,No,Typical equipment used by a aesthetic beauty studio business.
E02066,B0296,Hair Treatment Center,Beauty,Haircare,Salon chair,Essential Equipment,1,Yes,Typical equipment used by a hair treatment center business.
E02067,B0296,Hair Treatment Center,Beauty,Haircare,Hair dryer,Essential Equipment,1,Yes,Typical equipment used by a hair treatment center business.
E02068,B0296,Hair Treatment Center,Beauty,Haircare,Shampoo station,Essential Equipment,1,Yes,Typical equipment used by a hair treatment center business.
E02069,B0296,Hair Treatment Center,Beauty,Haircare,Facial steamer,Essential Equipment,1,Yes,Typical equipment used by a hair treatment center business.
E02070,B0296,Hair Treatment Center,Beauty,Haircare,Sterilizer,Essential Equipment,1,Yes,Typical equipment used by a hair treatment center business.
E02071,B0296,Hair Treatment Center,Beauty,Haircare,Mirror station,Optional Equipment,1,No,Typical equipment used by a hair treatment center business.
E02072,B0296,Hair Treatment Center,Beauty,Haircare,Towel warmer,Optional Equipment,2,No,Typical equipment used by a hair treatment center business.
E02073,B0296,Hair Treatment Center,Beauty,Haircare,POS terminal,Optional Equipment,1,No,Typical equipment used by a hair treatment center business.
E02074,B0297,Hair Transplant Clinic,Beauty,Haircare,Salon chair,Essential Equipment,1,Yes,Typical equipment used by a hair transplant clinic business.
E02075,B0297,Hair Transplant Clinic,Beauty,Haircare,Hair dryer,Essential Equipment,1,Yes,Typical equipment used by a hair transplant clinic business.
E02076,B0297,Hair Transplant Clinic,Beauty,Haircare,Shampoo station,Essential Equipment,1,Yes,Typical equipment used by a hair transplant clinic business.
E02077,B0297,Hair Transplant Clinic,Beauty,Haircare,Facial steamer,Essential Equipment,1,Yes,Typical equipment used by a hair transplant clinic business.
E02078,B0297,Hair Transplant Clinic,Beauty,Haircare,Sterilizer,Essential Equipment,1,Yes,Typical equipment used by a hair transplant clinic business.
E02079,B0297,Hair Transplant Clinic,Beauty,Haircare,Mirror station,Optional Equipment,1,No,Typical equipment used by a hair transplant clinic business.
E02080,B0298,Haircare Product Brand,Beauty,Haircare,Salon chair,Essential Equipment,1,Yes,Typical equipment used by a haircare product brand business.
E02081,B0298,Haircare Product Brand,Beauty,Haircare,Hair dryer,Essential Equipment,1,Yes,Typical equipment used by a haircare product brand business.
E02082,B0298,Haircare Product Brand,Beauty,Haircare,Shampoo station,Essential Equipment,1,Yes,Typical equipment used by a haircare product brand business.
E02083,B0298,Haircare Product Brand,Beauty,Haircare,Facial steamer,Essential Equipment,1,Yes,Typical equipment used by a haircare product brand business.
E02084,B0298,Haircare Product Brand,Beauty,Haircare,Sterilizer,Essential Equipment,1,Yes,Typical equipment used by a haircare product brand business.
E02085,B0298,Haircare Product Brand,Beauty,Haircare,Mirror station,Optional Equipment,1,No,Typical equipment used by a haircare product brand business.
E02086,B0298,Haircare Product Brand,Beauty,Haircare,Towel warmer,Optional Equipment,2,No,Typical equipment used by a haircare product brand business.
E02087,B0299,Scalp Care Studio,Beauty,Haircare,Salon chair,Essential Equipment,1,Yes,Typical equipment used by a scalp care studio business.
E02088,B0299,Scalp Care Studio,Beauty,Haircare,Hair dryer,Essential Equipment,1,Yes,Typical equipment used by a scalp care studio business.
E02089,B0299,Scalp Care Studio,Beauty,Haircare,Shampoo station,Essential Equipment,1,Yes,Typical equipment used by a scalp care studio business.
E02090,B0299,Scalp Care Studio,Beauty,Haircare,Facial steamer,Essential Equipment,1,Yes,Typical equipment used by a scalp care studio business.
E02091,B0299,Scalp Care Studio,Beauty,Haircare,Sterilizer,Essential Equipment,1,Yes,Typical equipment used by a scalp care studio business.
E02092,B0299,Scalp Care Studio,Beauty,Haircare,Mirror station,Optional Equipment,1,No,Typical equipment used by a scalp care studio business.
E02093,B0299,Scalp Care Studio,Beauty,Haircare,Towel warmer,Optional Equipment,2,No,Typical equipment used by a scalp care studio business.
E02094,B0299,Scalp Care Studio,Beauty,Haircare,POS terminal,Optional Equipment,1,No,Typical equipment used by a scalp care studio business.
E02095,B0300,Hair Extension Studio,Beauty,Haircare,Salon chair,Essential Equipment,1,Yes,Typical equipment used by a hair extension studio business.
E02096,B0300,Hair Extension Studio,Beauty,Haircare,Hair dryer,Essential Equipment,1,Yes,Typical equipment used by a hair extension studio business.
E02097,B0300,Hair Extension Studio,Beauty,Haircare,Shampoo station,Essential Equipment,1,Yes,Typical equipment used by a hair extension studio business.
E02098,B0300,Hair Extension Studio,Beauty,Haircare,Facial steamer,Essential Equipment,1,Yes,Typical equipment used by a hair extension studio business.
E02099,B0300,Hair Extension Studio,Beauty,Haircare,Sterilizer,Essential Equipment,1,Yes,Typical equipment used by a hair extension studio business.
E02100,B0300,Hair Extension Studio,Beauty,Haircare,Mirror station,Optional Equipment,1,No,Typical equipment used by a hair extension studio business.
E02101,B0301,Commercial Gym,Fitness,Gym,Treadmill,Essential Equipment,1,Yes,Typical equipment used by a commercial gym business.
E02102,B0301,Commercial Gym,Fitness,Gym,Exercise bike,Essential Equipment,1,Yes,Typical equipment used by a commercial gym business.
E02103,B0301,Commercial Gym,Fitness,Gym,Weight machine,Essential Equipment,1,Yes,Typical equipment used by a commercial gym business.
E02104,B0301,Commercial Gym,Fitness,Gym,Dumbbell set,Essential Equipment,1,Yes,Typical equipment used by a commercial gym business.
E02105,B0301,Commercial Gym,Fitness,Gym,Power rack,Essential Equipment,1,Yes,Typical equipment used by a commercial gym business.
E02106,B0301,Commercial Gym,Fitness,Gym,Exercise mats,Optional Equipment,1,No,Typical equipment used by a commercial gym business.
E02107,B0301,Commercial Gym,Fitness,Gym,Locker system,Optional Equipment,2,No,Typical equipment used by a commercial gym business.
E02108,B0302,Boutique Gym,Fitness,Gym,Treadmill,Essential Equipment,1,Yes,Typical equipment used by a boutique gym business.
E02109,B0302,Boutique Gym,Fitness,Gym,Exercise bike,Essential Equipment,1,Yes,Typical equipment used by a boutique gym business.
E02110,B0302,Boutique Gym,Fitness,Gym,Weight machine,Essential Equipment,1,Yes,Typical equipment used by a boutique gym business.
E02111,B0302,Boutique Gym,Fitness,Gym,Dumbbell set,Essential Equipment,1,Yes,Typical equipment used by a boutique gym business.
E02112,B0302,Boutique Gym,Fitness,Gym,Power rack,Essential Equipment,1,Yes,Typical equipment used by a boutique gym business.
E02113,B0302,Boutique Gym,Fitness,Gym,Exercise mats,Optional Equipment,1,No,Typical equipment used by a boutique gym business.
E02114,B0302,Boutique Gym,Fitness,Gym,Locker system,Optional Equipment,2,No,Typical equipment used by a boutique gym business.
E02115,B0302,Boutique Gym,Fitness,Gym,Reception computer,Optional Equipment,1,No,Typical equipment used by a boutique gym business.
E02116,B0303,Ladies Gym,Fitness,Gym,Treadmill,Essential Equipment,1,Yes,Typical equipment used by a ladies gym business.
E02117,B0303,Ladies Gym,Fitness,Gym,Exercise bike,Essential Equipment,1,Yes,Typical equipment used by a ladies gym business.
E02118,B0303,Ladies Gym,Fitness,Gym,Weight machine,Essential Equipment,1,Yes,Typical equipment used by a ladies gym business.
E02119,B0303,Ladies Gym,Fitness,Gym,Dumbbell set,Essential Equipment,1,Yes,Typical equipment used by a ladies gym business.
E02120,B0303,Ladies Gym,Fitness,Gym,Power rack,Essential Equipment,1,Yes,Typical equipment used by a ladies gym business.
E02121,B0303,Ladies Gym,Fitness,Gym,Exercise mats,Optional Equipment,1,No,Typical equipment used by a ladies gym business.
E02122,B0304,CrossFit Gym,Fitness,Gym,Treadmill,Essential Equipment,1,Yes,Typical equipment used by a crossfit gym business.
E02123,B0304,CrossFit Gym,Fitness,Gym,Exercise bike,Essential Equipment,1,Yes,Typical equipment used by a crossfit gym business.
E02124,B0304,CrossFit Gym,Fitness,Gym,Weight machine,Essential Equipment,1,Yes,Typical equipment used by a crossfit gym business.
E02125,B0304,CrossFit Gym,Fitness,Gym,Dumbbell set,Essential Equipment,1,Yes,Typical equipment used by a crossfit gym business.
E02126,B0304,CrossFit Gym,Fitness,Gym,Power rack,Essential Equipment,1,Yes,Typical equipment used by a crossfit gym business.
E02127,B0304,CrossFit Gym,Fitness,Gym,Exercise mats,Optional Equipment,1,No,Typical equipment used by a crossfit gym business.
E02128,B0304,CrossFit Gym,Fitness,Gym,Locker system,Optional Equipment,2,No,Typical equipment used by a crossfit gym business.
E02129,B0305,Strength Training Center,Fitness,Gym,Treadmill,Essential Equipment,1,Yes,Typical equipment used by a strength training center business.
E02130,B0305,Strength Training Center,Fitness,Gym,Exercise bike,Essential Equipment,1,Yes,Typical equipment used by a strength training center business.
E02131,B0305,Strength Training Center,Fitness,Gym,Weight machine,Essential Equipment,1,Yes,Typical equipment used by a strength training center business.
E02132,B0305,Strength Training Center,Fitness,Gym,Dumbbell set,Essential Equipment,1,Yes,Typical equipment used by a strength training center business.
E02133,B0305,Strength Training Center,Fitness,Gym,Power rack,Essential Equipment,1,Yes,Typical equipment used by a strength training center business.
E02134,B0305,Strength Training Center,Fitness,Gym,Exercise mats,Optional Equipment,1,No,Typical equipment used by a strength training center business.
E02135,B0305,Strength Training Center,Fitness,Gym,Locker system,Optional Equipment,2,No,Typical equipment used by a strength training center business.
E02136,B0305,Strength Training Center,Fitness,Gym,Reception computer,Optional Equipment,1,No,Typical equipment used by a strength training center business.
E02137,B0306,Yoga Studio,Fitness,Yoga,Treadmill,Essential Equipment,1,Yes,Typical equipment used by a yoga studio business.
E02138,B0306,Yoga Studio,Fitness,Yoga,Exercise bike,Essential Equipment,1,Yes,Typical equipment used by a yoga studio business.
E02139,B0306,Yoga Studio,Fitness,Yoga,Weight machine,Essential Equipment,1,Yes,Typical equipment used by a yoga studio business.
E02140,B0306,Yoga Studio,Fitness,Yoga,Dumbbell set,Essential Equipment,1,Yes,Typical equipment used by a yoga studio business.
E02141,B0306,Yoga Studio,Fitness,Yoga,Power rack,Essential Equipment,1,Yes,Typical equipment used by a yoga studio business.
E02142,B0306,Yoga Studio,Fitness,Yoga,Exercise mats,Optional Equipment,1,No,Typical equipment used by a yoga studio business.
E02143,B0307,Meditation Center,Fitness,Yoga,Treadmill,Essential Equipment,1,Yes,Typical equipment used by a meditation center business.
E02144,B0307,Meditation Center,Fitness,Yoga,Exercise bike,Essential Equipment,1,Yes,Typical equipment used by a meditation center business.
E02145,B0307,Meditation Center,Fitness,Yoga,Weight machine,Essential Equipment,1,Yes,Typical equipment used by a meditation center business.
E02146,B0307,Meditation Center,Fitness,Yoga,Dumbbell set,Essential Equipment,1,Yes,Typical equipment used by a meditation center business.
E02147,B0307,Meditation Center,Fitness,Yoga,Power rack,Essential Equipment,1,Yes,Typical equipment used by a meditation center business.
E02148,B0307,Meditation Center,Fitness,Yoga,Exercise mats,Optional Equipment,1,No,Typical equipment used by a meditation center business.
E02149,B0307,Meditation Center,Fitness,Yoga,Locker system,Optional Equipment,2,No,Typical equipment used by a meditation center business.
E02150,B0308,Online Yoga Studio,Fitness,Yoga,Treadmill,Essential Equipment,1,Yes,Typical equipment used by a online yoga studio business.
E02151,B0308,Online Yoga Studio,Fitness,Yoga,Exercise bike,Essential Equipment,1,Yes,Typical equipment used by a online yoga studio business.
E02152,B0308,Online Yoga Studio,Fitness,Yoga,Weight machine,Essential Equipment,1,Yes,Typical equipment used by a online yoga studio business.
E02153,B0308,Online Yoga Studio,Fitness,Yoga,Dumbbell set,Essential Equipment,1,Yes,Typical equipment used by a online yoga studio business.
E02154,B0308,Online Yoga Studio,Fitness,Yoga,Power rack,Essential Equipment,1,Yes,Typical equipment used by a online yoga studio business.
E02155,B0308,Online Yoga Studio,Fitness,Yoga,Exercise mats,Optional Equipment,1,No,Typical equipment used by a online yoga studio business.
E02156,B0308,Online Yoga Studio,Fitness,Yoga,Locker system,Optional Equipment,2,No,Typical equipment used by a online yoga studio business.
E02157,B0308,Online Yoga Studio,Fitness,Yoga,Reception computer,Optional Equipment,1,No,Typical equipment used by a online yoga studio business.
E02158,B0309,Prenatal Yoga Center,Fitness,Yoga,Treadmill,Essential Equipment,1,Yes,Typical equipment used by a prenatal yoga center business.
E02159,B0309,Prenatal Yoga Center,Fitness,Yoga,Exercise bike,Essential Equipment,1,Yes,Typical equipment used by a prenatal yoga center business.
E02160,B0309,Prenatal Yoga Center,Fitness,Yoga,Weight machine,Essential Equipment,1,Yes,Typical equipment used by a prenatal yoga center business.
E02161,B0309,Prenatal Yoga Center,Fitness,Yoga,Dumbbell set,Essential Equipment,1,Yes,Typical equipment used by a prenatal yoga center business.
E02162,B0309,Prenatal Yoga Center,Fitness,Yoga,Power rack,Essential Equipment,1,Yes,Typical equipment used by a prenatal yoga center business.
E02163,B0309,Prenatal Yoga Center,Fitness,Yoga,Exercise mats,Optional Equipment,1,No,Typical equipment used by a prenatal yoga center business.
E02164,B0310,Yoga Retreat Center,Fitness,Yoga,Treadmill,Essential Equipment,1,Yes,Typical equipment used by a yoga retreat center business.
E02165,B0310,Yoga Retreat Center,Fitness,Yoga,Exercise bike,Essential Equipment,1,Yes,Typical equipment used by a yoga retreat center business.
E02166,B0310,Yoga Retreat Center,Fitness,Yoga,Weight machine,Essential Equipment,1,Yes,Typical equipment used by a yoga retreat center business.
E02167,B0310,Yoga Retreat Center,Fitness,Yoga,Dumbbell set,Essential Equipment,1,Yes,Typical equipment used by a yoga retreat center business.
E02168,B0310,Yoga Retreat Center,Fitness,Yoga,Power rack,Essential Equipment,1,Yes,Typical equipment used by a yoga retreat center business.
E02169,B0310,Yoga Retreat Center,Fitness,Yoga,Exercise mats,Optional Equipment,1,No,Typical equipment used by a yoga retreat center business.
E02170,B0310,Yoga Retreat Center,Fitness,Yoga,Locker system,Optional Equipment,2,No,Typical equipment used by a yoga retreat center business.
E02171,B0311,Cricket Academy,Fitness,Sports Academy,Treadmill,Essential Equipment,1,Yes,Typical equipment used by a cricket academy business.
E02172,B0311,Cricket Academy,Fitness,Sports Academy,Exercise bike,Essential Equipment,1,Yes,Typical equipment used by a cricket academy business.
E02173,B0311,Cricket Academy,Fitness,Sports Academy,Weight machine,Essential Equipment,1,Yes,Typical equipment used by a cricket academy business.
E02174,B0311,Cricket Academy,Fitness,Sports Academy,Dumbbell set,Essential Equipment,1,Yes,Typical equipment used by a cricket academy business.
E02175,B0311,Cricket Academy,Fitness,Sports Academy,Power rack,Essential Equipment,1,Yes,Typical equipment used by a cricket academy business.
E02176,B0311,Cricket Academy,Fitness,Sports Academy,Exercise mats,Optional Equipment,1,No,Typical equipment used by a cricket academy business.
E02177,B0311,Cricket Academy,Fitness,Sports Academy,Locker system,Optional Equipment,2,No,Typical equipment used by a cricket academy business.
E02178,B0311,Cricket Academy,Fitness,Sports Academy,Reception computer,Optional Equipment,1,No,Typical equipment used by a cricket academy business.
E02179,B0312,Football Academy,Fitness,Sports Academy,Treadmill,Essential Equipment,1,Yes,Typical equipment used by a football academy business.
E02180,B0312,Football Academy,Fitness,Sports Academy,Exercise bike,Essential Equipment,1,Yes,Typical equipment used by a football academy business.
E02181,B0312,Football Academy,Fitness,Sports Academy,Weight machine,Essential Equipment,1,Yes,Typical equipment used by a football academy business.
E02182,B0312,Football Academy,Fitness,Sports Academy,Dumbbell set,Essential Equipment,1,Yes,Typical equipment used by a football academy business.
E02183,B0312,Football Academy,Fitness,Sports Academy,Power rack,Essential Equipment,1,Yes,Typical equipment used by a football academy business.
E02184,B0312,Football Academy,Fitness,Sports Academy,Exercise mats,Optional Equipment,1,No,Typical equipment used by a football academy business.
E02185,B0313,Badminton Academy,Fitness,Sports Academy,Treadmill,Essential Equipment,1,Yes,Typical equipment used by a badminton academy business.
E02186,B0313,Badminton Academy,Fitness,Sports Academy,Exercise bike,Essential Equipment,1,Yes,Typical equipment used by a badminton academy business.
E02187,B0313,Badminton Academy,Fitness,Sports Academy,Weight machine,Essential Equipment,1,Yes,Typical equipment used by a badminton academy business.
E02188,B0313,Badminton Academy,Fitness,Sports Academy,Dumbbell set,Essential Equipment,1,Yes,Typical equipment used by a badminton academy business.
E02189,B0313,Badminton Academy,Fitness,Sports Academy,Power rack,Essential Equipment,1,Yes,Typical equipment used by a badminton academy business.
E02190,B0313,Badminton Academy,Fitness,Sports Academy,Exercise mats,Optional Equipment,1,No,Typical equipment used by a badminton academy business.
E02191,B0313,Badminton Academy,Fitness,Sports Academy,Locker system,Optional Equipment,2,No,Typical equipment used by a badminton academy business.
E02192,B0314,Tennis Academy,Fitness,Sports Academy,Treadmill,Essential Equipment,1,Yes,Typical equipment used by a tennis academy business.
E02193,B0314,Tennis Academy,Fitness,Sports Academy,Exercise bike,Essential Equipment,1,Yes,Typical equipment used by a tennis academy business.
E02194,B0314,Tennis Academy,Fitness,Sports Academy,Weight machine,Essential Equipment,1,Yes,Typical equipment used by a tennis academy business.
E02195,B0314,Tennis Academy,Fitness,Sports Academy,Dumbbell set,Essential Equipment,1,Yes,Typical equipment used by a tennis academy business.
E02196,B0314,Tennis Academy,Fitness,Sports Academy,Power rack,Essential Equipment,1,Yes,Typical equipment used by a tennis academy business.
E02197,B0314,Tennis Academy,Fitness,Sports Academy,Exercise mats,Optional Equipment,1,No,Typical equipment used by a tennis academy business.
E02198,B0314,Tennis Academy,Fitness,Sports Academy,Locker system,Optional Equipment,2,No,Typical equipment used by a tennis academy business.
E02199,B0314,Tennis Academy,Fitness,Sports Academy,Reception computer,Optional Equipment,1,No,Typical equipment used by a tennis academy business.
E02200,B0315,Swimming Academy,Fitness,Sports Academy,Treadmill,Essential Equipment,1,Yes,Typical equipment used by a swimming academy business.
E02201,B0315,Swimming Academy,Fitness,Sports Academy,Exercise bike,Essential Equipment,1,Yes,Typical equipment used by a swimming academy business.
E02202,B0315,Swimming Academy,Fitness,Sports Academy,Weight machine,Essential Equipment,1,Yes,Typical equipment used by a swimming academy business.
E02203,B0315,Swimming Academy,Fitness,Sports Academy,Dumbbell set,Essential Equipment,1,Yes,Typical equipment used by a swimming academy business.
E02204,B0315,Swimming Academy,Fitness,Sports Academy,Power rack,Essential Equipment,1,Yes,Typical equipment used by a swimming academy business.
E02205,B0315,Swimming Academy,Fitness,Sports Academy,Exercise mats,Optional Equipment,1,No,Typical equipment used by a swimming academy business.
E02206,B0316,Personal Training Studio,Fitness,Fitness Center,Treadmill,Essential Equipment,1,Yes,Typical equipment used by a personal training studio business.
E02207,B0316,Personal Training Studio,Fitness,Fitness Center,Exercise bike,Essential Equipment,1,Yes,Typical equipment used by a personal training studio business.
E02208,B0316,Personal Training Studio,Fitness,Fitness Center,Weight machine,Essential Equipment,1,Yes,Typical equipment used by a personal training studio business.
E02209,B0316,Personal Training Studio,Fitness,Fitness Center,Dumbbell set,Essential Equipment,1,Yes,Typical equipment used by a personal training studio business.
E02210,B0316,Personal Training Studio,Fitness,Fitness Center,Power rack,Essential Equipment,1,Yes,Typical equipment used by a personal training studio business.
E02211,B0316,Personal Training Studio,Fitness,Fitness Center,Exercise mats,Optional Equipment,1,No,Typical equipment used by a personal training studio business.
E02212,B0316,Personal Training Studio,Fitness,Fitness Center,Locker system,Optional Equipment,2,No,Typical equipment used by a personal training studio business.
E02213,B0317,Functional Fitness Center,Fitness,Fitness Center,Treadmill,Essential Equipment,1,Yes,Typical equipment used by a functional fitness center business.
E02214,B0317,Functional Fitness Center,Fitness,Fitness Center,Exercise bike,Essential Equipment,1,Yes,Typical equipment used by a functional fitness center business.
E02215,B0317,Functional Fitness Center,Fitness,Fitness Center,Weight machine,Essential Equipment,1,Yes,Typical equipment used by a functional fitness center business.
E02216,B0317,Functional Fitness Center,Fitness,Fitness Center,Dumbbell set,Essential Equipment,1,Yes,Typical equipment used by a functional fitness center business.
E02217,B0317,Functional Fitness Center,Fitness,Fitness Center,Power rack,Essential Equipment,1,Yes,Typical equipment used by a functional fitness center business.
E02218,B0317,Functional Fitness Center,Fitness,Fitness Center,Exercise mats,Optional Equipment,1,No,Typical equipment used by a functional fitness center business.
E02219,B0317,Functional Fitness Center,Fitness,Fitness Center,Locker system,Optional Equipment,2,No,Typical equipment used by a functional fitness center business.
E02220,B0317,Functional Fitness Center,Fitness,Fitness Center,Reception computer,Optional Equipment,1,No,Typical equipment used by a functional fitness center business.
E02221,B0318,Fitness Club,Fitness,Fitness Center,Treadmill,Essential Equipment,1,Yes,Typical equipment used by a fitness club business.
E02222,B0318,Fitness Club,Fitness,Fitness Center,Exercise bike,Essential Equipment,1,Yes,Typical equipment used by a fitness club business.
E02223,B0318,Fitness Club,Fitness,Fitness Center,Weight machine,Essential Equipment,1,Yes,Typical equipment used by a fitness club business.
E02224,B0318,Fitness Club,Fitness,Fitness Center,Dumbbell set,Essential Equipment,1,Yes,Typical equipment used by a fitness club business.
E02225,B0318,Fitness Club,Fitness,Fitness Center,Power rack,Essential Equipment,1,Yes,Typical equipment used by a fitness club business.
E02226,B0318,Fitness Club,Fitness,Fitness Center,Exercise mats,Optional Equipment,1,No,Typical equipment used by a fitness club business.
E02227,B0319,Senior Fitness Center,Fitness,Fitness Center,Treadmill,Essential Equipment,1,Yes,Typical equipment used by a senior fitness center business.
E02228,B0319,Senior Fitness Center,Fitness,Fitness Center,Exercise bike,Essential Equipment,1,Yes,Typical equipment used by a senior fitness center business.
E02229,B0319,Senior Fitness Center,Fitness,Fitness Center,Weight machine,Essential Equipment,1,Yes,Typical equipment used by a senior fitness center business.
E02230,B0319,Senior Fitness Center,Fitness,Fitness Center,Dumbbell set,Essential Equipment,1,Yes,Typical equipment used by a senior fitness center business.
E02231,B0319,Senior Fitness Center,Fitness,Fitness Center,Power rack,Essential Equipment,1,Yes,Typical equipment used by a senior fitness center business.
E02232,B0319,Senior Fitness Center,Fitness,Fitness Center,Exercise mats,Optional Equipment,1,No,Typical equipment used by a senior fitness center business.
E02233,B0319,Senior Fitness Center,Fitness,Fitness Center,Locker system,Optional Equipment,2,No,Typical equipment used by a senior fitness center business.
E02234,B0320,Rehabilitation Fitness Center,Fitness,Fitness Center,Treadmill,Essential Equipment,1,Yes,Typical equipment used by a rehabilitation fitness center business.
E02235,B0320,Rehabilitation Fitness Center,Fitness,Fitness Center,Exercise bike,Essential Equipment,1,Yes,Typical equipment used by a rehabilitation fitness center business.
E02236,B0320,Rehabilitation Fitness Center,Fitness,Fitness Center,Weight machine,Essential Equipment,1,Yes,Typical equipment used by a rehabilitation fitness center business.
E02237,B0320,Rehabilitation Fitness Center,Fitness,Fitness Center,Dumbbell set,Essential Equipment,1,Yes,Typical equipment used by a rehabilitation fitness center business.
E02238,B0320,Rehabilitation Fitness Center,Fitness,Fitness Center,Power rack,Essential Equipment,1,Yes,Typical equipment used by a rehabilitation fitness center business.
E02239,B0320,Rehabilitation Fitness Center,Fitness,Fitness Center,Exercise mats,Optional Equipment,1,No,Typical equipment used by a rehabilitation fitness center business.
E02240,B0320,Rehabilitation Fitness Center,Fitness,Fitness Center,Locker system,Optional Equipment,2,No,Typical equipment used by a rehabilitation fitness center business.
E02241,B0320,Rehabilitation Fitness Center,Fitness,Fitness Center,Reception computer,Optional Equipment,1,No,Typical equipment used by a rehabilitation fitness center business.
E02242,B0321,Sports Equipment Store,Fitness,Sports Equipment,Treadmill,Essential Equipment,1,Yes,Typical equipment used by a sports equipment store business.
E02243,B0321,Sports Equipment Store,Fitness,Sports Equipment,Exercise bike,Essential Equipment,1,Yes,Typical equipment used by a sports equipment store business.
E02244,B0321,Sports Equipment Store,Fitness,Sports Equipment,Weight machine,Essential Equipment,1,Yes,Typical equipment used by a sports equipment store business.
E02245,B0321,Sports Equipment Store,Fitness,Sports Equipment,Dumbbell set,Essential Equipment,1,Yes,Typical equipment used by a sports equipment store business.
E02246,B0321,Sports Equipment Store,Fitness,Sports Equipment,Power rack,Essential Equipment,1,Yes,Typical equipment used by a sports equipment store business.
E02247,B0321,Sports Equipment Store,Fitness,Sports Equipment,Exercise mats,Optional Equipment,1,No,Typical equipment used by a sports equipment store business.
E02248,B0322,Fitness Equipment Store,Fitness,Sports Equipment,Treadmill,Essential Equipment,1,Yes,Typical equipment used by a fitness equipment store business.
E02249,B0322,Fitness Equipment Store,Fitness,Sports Equipment,Exercise bike,Essential Equipment,1,Yes,Typical equipment used by a fitness equipment store business.
E02250,B0322,Fitness Equipment Store,Fitness,Sports Equipment,Weight machine,Essential Equipment,1,Yes,Typical equipment used by a fitness equipment store business.
E02251,B0322,Fitness Equipment Store,Fitness,Sports Equipment,Dumbbell set,Essential Equipment,1,Yes,Typical equipment used by a fitness equipment store business.
E02252,B0322,Fitness Equipment Store,Fitness,Sports Equipment,Power rack,Essential Equipment,1,Yes,Typical equipment used by a fitness equipment store business.
E02253,B0322,Fitness Equipment Store,Fitness,Sports Equipment,Exercise mats,Optional Equipment,1,No,Typical equipment used by a fitness equipment store business.
E02254,B0322,Fitness Equipment Store,Fitness,Sports Equipment,Locker system,Optional Equipment,2,No,Typical equipment used by a fitness equipment store business.
E02255,B0323,Sports Gear Brand,Fitness,Sports Equipment,Treadmill,Essential Equipment,1,Yes,Typical equipment used by a sports gear brand business.
E02256,B0323,Sports Gear Brand,Fitness,Sports Equipment,Exercise bike,Essential Equipment,1,Yes,Typical equipment used by a sports gear brand business.
E02257,B0323,Sports Gear Brand,Fitness,Sports Equipment,Weight machine,Essential Equipment,1,Yes,Typical equipment used by a sports gear brand business.
E02258,B0323,Sports Gear Brand,Fitness,Sports Equipment,Dumbbell set,Essential Equipment,1,Yes,Typical equipment used by a sports gear brand business.
E02259,B0323,Sports Gear Brand,Fitness,Sports Equipment,Power rack,Essential Equipment,1,Yes,Typical equipment used by a sports gear brand business.
E02260,B0323,Sports Gear Brand,Fitness,Sports Equipment,Exercise mats,Optional Equipment,1,No,Typical equipment used by a sports gear brand business.
E02261,B0323,Sports Gear Brand,Fitness,Sports Equipment,Locker system,Optional Equipment,2,No,Typical equipment used by a sports gear brand business.
E02262,B0323,Sports Gear Brand,Fitness,Sports Equipment,Reception computer,Optional Equipment,1,No,Typical equipment used by a sports gear brand business.
E02263,B0324,Gym Equipment Dealer,Fitness,Sports Equipment,Treadmill,Essential Equipment,1,Yes,Typical equipment used by a gym equipment dealer business.
E02264,B0324,Gym Equipment Dealer,Fitness,Sports Equipment,Exercise bike,Essential Equipment,1,Yes,Typical equipment used by a gym equipment dealer business.
E02265,B0324,Gym Equipment Dealer,Fitness,Sports Equipment,Weight machine,Essential Equipment,1,Yes,Typical equipment used by a gym equipment dealer business.
E02266,B0324,Gym Equipment Dealer,Fitness,Sports Equipment,Dumbbell set,Essential Equipment,1,Yes,Typical equipment used by a gym equipment dealer business.
E02267,B0324,Gym Equipment Dealer,Fitness,Sports Equipment,Power rack,Essential Equipment,1,Yes,Typical equipment used by a gym equipment dealer business.
E02268,B0324,Gym Equipment Dealer,Fitness,Sports Equipment,Exercise mats,Optional Equipment,1,No,Typical equipment used by a gym equipment dealer business.
E02269,B0325,Athletic Equipment Rental,Fitness,Sports Equipment,Treadmill,Essential Equipment,1,Yes,Typical equipment used by a athletic equipment rental business.
E02270,B0325,Athletic Equipment Rental,Fitness,Sports Equipment,Exercise bike,Essential Equipment,1,Yes,Typical equipment used by a athletic equipment rental business.
E02271,B0325,Athletic Equipment Rental,Fitness,Sports Equipment,Weight machine,Essential Equipment,1,Yes,Typical equipment used by a athletic equipment rental business.
E02272,B0325,Athletic Equipment Rental,Fitness,Sports Equipment,Dumbbell set,Essential Equipment,1,Yes,Typical equipment used by a athletic equipment rental business.
E02273,B0325,Athletic Equipment Rental,Fitness,Sports Equipment,Power rack,Essential Equipment,1,Yes,Typical equipment used by a athletic equipment rental business.
E02274,B0325,Athletic Equipment Rental,Fitness,Sports Equipment,Exercise mats,Optional Equipment,1,No,Typical equipment used by a athletic equipment rental business.
E02275,B0325,Athletic Equipment Rental,Fitness,Sports Equipment,Locker system,Optional Equipment,2,No,Typical equipment used by a athletic equipment rental business.
E02276,B0326,Budget Hotel,Travel,Hotel,Hotel beds/furniture,Essential Equipment,1,Yes,Typical equipment used by a budget hotel business.
E02277,B0326,Budget Hotel,Travel,Hotel,Reception computer,Essential Equipment,1,Yes,Typical equipment used by a budget hotel business.
E02278,B0326,Budget Hotel,Travel,Hotel,POS terminal,Essential Equipment,1,Yes,Typical equipment used by a budget hotel business.
E02279,B0326,Budget Hotel,Travel,Hotel,CCTV system,Essential Equipment,1,Yes,Typical equipment used by a budget hotel business.
E02280,B0326,Budget Hotel,Travel,Hotel,Wi-Fi router,Essential Equipment,1,Yes,Typical equipment used by a budget hotel business.
E02281,B0326,Budget Hotel,Travel,Hotel,Laundry machine,Optional Equipment,1,No,Typical equipment used by a budget hotel business.
E02282,B0326,Budget Hotel,Travel,Hotel,Kitchen equipment,Optional Equipment,2,No,Typical equipment used by a budget hotel business.
E02283,B0326,Budget Hotel,Travel,Hotel,Backup power system,Optional Equipment,1,No,Typical equipment used by a budget hotel business.
E02284,B0327,Business Hotel,Travel,Hotel,Hotel beds/furniture,Essential Equipment,1,Yes,Typical equipment used by a business hotel business.
E02285,B0327,Business Hotel,Travel,Hotel,Reception computer,Essential Equipment,1,Yes,Typical equipment used by a business hotel business.
E02286,B0327,Business Hotel,Travel,Hotel,POS terminal,Essential Equipment,1,Yes,Typical equipment used by a business hotel business.
E02287,B0327,Business Hotel,Travel,Hotel,CCTV system,Essential Equipment,1,Yes,Typical equipment used by a business hotel business.
E02288,B0327,Business Hotel,Travel,Hotel,Wi-Fi router,Essential Equipment,1,Yes,Typical equipment used by a business hotel business.
E02289,B0327,Business Hotel,Travel,Hotel,Laundry machine,Optional Equipment,1,No,Typical equipment used by a business hotel business.
E02290,B0328,Boutique Hotel,Travel,Hotel,Hotel beds/furniture,Essential Equipment,1,Yes,Typical equipment used by a boutique hotel business.
E02291,B0328,Boutique Hotel,Travel,Hotel,Reception computer,Essential Equipment,1,Yes,Typical equipment used by a boutique hotel business.
E02292,B0328,Boutique Hotel,Travel,Hotel,POS terminal,Essential Equipment,1,Yes,Typical equipment used by a boutique hotel business.
E02293,B0328,Boutique Hotel,Travel,Hotel,CCTV system,Essential Equipment,1,Yes,Typical equipment used by a boutique hotel business.
E02294,B0328,Boutique Hotel,Travel,Hotel,Wi-Fi router,Essential Equipment,1,Yes,Typical equipment used by a boutique hotel business.
E02295,B0328,Boutique Hotel,Travel,Hotel,Laundry machine,Optional Equipment,1,No,Typical equipment used by a boutique hotel business.
E02296,B0328,Boutique Hotel,Travel,Hotel,Kitchen equipment,Optional Equipment,2,No,Typical equipment used by a boutique hotel business.
E02297,B0329,Resort,Travel,Hotel,Hotel beds/furniture,Essential Equipment,1,Yes,Typical equipment used by a resort business.
E02298,B0329,Resort,Travel,Hotel,Reception computer,Essential Equipment,1,Yes,Typical equipment used by a resort business.
E02299,B0329,Resort,Travel,Hotel,POS terminal,Essential Equipment,1,Yes,Typical equipment used by a resort business.
E02300,B0329,Resort,Travel,Hotel,CCTV system,Essential Equipment,1,Yes,Typical equipment used by a resort business.
E02301,B0329,Resort,Travel,Hotel,Wi-Fi router,Essential Equipment,1,Yes,Typical equipment used by a resort business.
E02302,B0329,Resort,Travel,Hotel,Laundry machine,Optional Equipment,1,No,Typical equipment used by a resort business.
E02303,B0329,Resort,Travel,Hotel,Kitchen equipment,Optional Equipment,2,No,Typical equipment used by a resort business.
E02304,B0329,Resort,Travel,Hotel,Backup power system,Optional Equipment,1,No,Typical equipment used by a resort business.
E02305,B0330,Luxury Hotel,Travel,Hotel,Hotel beds/furniture,Essential Equipment,1,Yes,Typical equipment used by a luxury hotel business.
E02306,B0330,Luxury Hotel,Travel,Hotel,Reception computer,Essential Equipment,1,Yes,Typical equipment used by a luxury hotel business.
E02307,B0330,Luxury Hotel,Travel,Hotel,POS terminal,Essential Equipment,1,Yes,Typical equipment used by a luxury hotel business.
E02308,B0330,Luxury Hotel,Travel,Hotel,CCTV system,Essential Equipment,1,Yes,Typical equipment used by a luxury hotel business.
E02309,B0330,Luxury Hotel,Travel,Hotel,Wi-Fi router,Essential Equipment,1,Yes,Typical equipment used by a luxury hotel business.
E02310,B0330,Luxury Hotel,Travel,Hotel,Laundry machine,Optional Equipment,1,No,Typical equipment used by a luxury hotel business.
E02311,B0331,Tour Operator,Travel,Tourism,Hotel beds/furniture,Essential Equipment,1,Yes,Typical equipment used by a tour operator business.
E02312,B0331,Tour Operator,Travel,Tourism,Reception computer,Essential Equipment,1,Yes,Typical equipment used by a tour operator business.
E02313,B0331,Tour Operator,Travel,Tourism,POS terminal,Essential Equipment,1,Yes,Typical equipment used by a tour operator business.
E02314,B0331,Tour Operator,Travel,Tourism,CCTV system,Essential Equipment,1,Yes,Typical equipment used by a tour operator business.
E02315,B0331,Tour Operator,Travel,Tourism,Wi-Fi router,Essential Equipment,1,Yes,Typical equipment used by a tour operator business.
E02316,B0331,Tour Operator,Travel,Tourism,Laundry machine,Optional Equipment,1,No,Typical equipment used by a tour operator business.
E02317,B0331,Tour Operator,Travel,Tourism,Kitchen equipment,Optional Equipment,2,No,Typical equipment used by a tour operator business.
E02318,B0332,Local Tourism Company,Travel,Tourism,Hotel beds/furniture,Essential Equipment,1,Yes,Typical equipment used by a local tourism company business.
E02319,B0332,Local Tourism Company,Travel,Tourism,Reception computer,Essential Equipment,1,Yes,Typical equipment used by a local tourism company business.
E02320,B0332,Local Tourism Company,Travel,Tourism,POS terminal,Essential Equipment,1,Yes,Typical equipment used by a local tourism company business.
E02321,B0332,Local Tourism Company,Travel,Tourism,CCTV system,Essential Equipment,1,Yes,Typical equipment used by a local tourism company business.
E02322,B0332,Local Tourism Company,Travel,Tourism,Wi-Fi router,Essential Equipment,1,Yes,Typical equipment used by a local tourism company business.
E02323,B0332,Local Tourism Company,Travel,Tourism,Laundry machine,Optional Equipment,1,No,Typical equipment used by a local tourism company business.
E02324,B0332,Local Tourism Company,Travel,Tourism,Kitchen equipment,Optional Equipment,2,No,Typical equipment used by a local tourism company business.
E02325,B0332,Local Tourism Company,Travel,Tourism,Backup power system,Optional Equipment,1,No,Typical equipment used by a local tourism company business.
E02326,B0333,Adventure Tourism Company,Travel,Tourism,Hotel beds/furniture,Essential Equipment,1,Yes,Typical equipment used by a adventure tourism company business.
E02327,B0333,Adventure Tourism Company,Travel,Tourism,Reception computer,Essential Equipment,1,Yes,Typical equipment used by a adventure tourism company business.
E02328,B0333,Adventure Tourism Company,Travel,Tourism,POS terminal,Essential Equipment,1,Yes,Typical equipment used by a adventure tourism company business.
E02329,B0333,Adventure Tourism Company,Travel,Tourism,CCTV system,Essential Equipment,1,Yes,Typical equipment used by a adventure tourism company business.
E02330,B0333,Adventure Tourism Company,Travel,Tourism,Wi-Fi router,Essential Equipment,1,Yes,Typical equipment used by a adventure tourism company business.
E02331,B0333,Adventure Tourism Company,Travel,Tourism,Laundry machine,Optional Equipment,1,No,Typical equipment used by a adventure tourism company business.
E02332,B0334,Eco Tourism Company,Travel,Tourism,Hotel beds/furniture,Essential Equipment,1,Yes,Typical equipment used by a eco tourism company business.
E02333,B0334,Eco Tourism Company,Travel,Tourism,Reception computer,Essential Equipment,1,Yes,Typical equipment used by a eco tourism company business.
E02334,B0334,Eco Tourism Company,Travel,Tourism,POS terminal,Essential Equipment,1,Yes,Typical equipment used by a eco tourism company business.
E02335,B0334,Eco Tourism Company,Travel,Tourism,CCTV system,Essential Equipment,1,Yes,Typical equipment used by a eco tourism company business.
E02336,B0334,Eco Tourism Company,Travel,Tourism,Wi-Fi router,Essential Equipment,1,Yes,Typical equipment used by a eco tourism company business.
E02337,B0334,Eco Tourism Company,Travel,Tourism,Laundry machine,Optional Equipment,1,No,Typical equipment used by a eco tourism company business.
E02338,B0334,Eco Tourism Company,Travel,Tourism,Kitchen equipment,Optional Equipment,2,No,Typical equipment used by a eco tourism company business.
E02339,B0335,Pilgrimage Tour Company,Travel,Tourism,Hotel beds/furniture,Essential Equipment,1,Yes,Typical equipment used by a pilgrimage tour company business.
E02340,B0335,Pilgrimage Tour Company,Travel,Tourism,Reception computer,Essential Equipment,1,Yes,Typical equipment used by a pilgrimage tour company business.
E02341,B0335,Pilgrimage Tour Company,Travel,Tourism,POS terminal,Essential Equipment,1,Yes,Typical equipment used by a pilgrimage tour company business.
E02342,B0335,Pilgrimage Tour Company,Travel,Tourism,CCTV system,Essential Equipment,1,Yes,Typical equipment used by a pilgrimage tour company business.
E02343,B0335,Pilgrimage Tour Company,Travel,Tourism,Wi-Fi router,Essential Equipment,1,Yes,Typical equipment used by a pilgrimage tour company business.
E02344,B0335,Pilgrimage Tour Company,Travel,Tourism,Laundry machine,Optional Equipment,1,No,Typical equipment used by a pilgrimage tour company business.
E02345,B0335,Pilgrimage Tour Company,Travel,Tourism,Kitchen equipment,Optional Equipment,2,No,Typical equipment used by a pilgrimage tour company business.
E02346,B0335,Pilgrimage Tour Company,Travel,Tourism,Backup power system,Optional Equipment,1,No,Typical equipment used by a pilgrimage tour company business.
E02347,B0336,Corporate Travel Agency,Travel,Travel Agency,Hotel beds/furniture,Essential Equipment,1,Yes,Typical equipment used by a corporate travel agency business.
E02348,B0336,Corporate Travel Agency,Travel,Travel Agency,Reception computer,Essential Equipment,1,Yes,Typical equipment used by a corporate travel agency business.
E02349,B0336,Corporate Travel Agency,Travel,Travel Agency,POS terminal,Essential Equipment,1,Yes,Typical equipment used by a corporate travel agency business.
E02350,B0336,Corporate Travel Agency,Travel,Travel Agency,CCTV system,Essential Equipment,1,Yes,Typical equipment used by a corporate travel agency business.
E02351,B0336,Corporate Travel Agency,Travel,Travel Agency,Wi-Fi router,Essential Equipment,1,Yes,Typical equipment used by a corporate travel agency business.
E02352,B0336,Corporate Travel Agency,Travel,Travel Agency,Laundry machine,Optional Equipment,1,No,Typical equipment used by a corporate travel agency business.
E02353,B0337,Leisure Travel Agency,Travel,Travel Agency,Hotel beds/furniture,Essential Equipment,1,Yes,Typical equipment used by a leisure travel agency business.
E02354,B0337,Leisure Travel Agency,Travel,Travel Agency,Reception computer,Essential Equipment,1,Yes,Typical equipment used by a leisure travel agency business.
E02355,B0337,Leisure Travel Agency,Travel,Travel Agency,POS terminal,Essential Equipment,1,Yes,Typical equipment used by a leisure travel agency business.
E02356,B0337,Leisure Travel Agency,Travel,Travel Agency,CCTV system,Essential Equipment,1,Yes,Typical equipment used by a leisure travel agency business.
E02357,B0337,Leisure Travel Agency,Travel,Travel Agency,Wi-Fi router,Essential Equipment,1,Yes,Typical equipment used by a leisure travel agency business.
E02358,B0337,Leisure Travel Agency,Travel,Travel Agency,Laundry machine,Optional Equipment,1,No,Typical equipment used by a leisure travel agency business.
E02359,B0337,Leisure Travel Agency,Travel,Travel Agency,Kitchen equipment,Optional Equipment,2,No,Typical equipment used by a leisure travel agency business.
E02360,B0338,Online Travel Agency,Travel,Travel Agency,Hotel beds/furniture,Essential Equipment,1,Yes,Typical equipment used by a online travel agency business.
E02361,B0338,Online Travel Agency,Travel,Travel Agency,Reception computer,Essential Equipment,1,Yes,Typical equipment used by a online travel agency business.
E02362,B0338,Online Travel Agency,Travel,Travel Agency,POS terminal,Essential Equipment,1,Yes,Typical equipment used by a online travel agency business.
E02363,B0338,Online Travel Agency,Travel,Travel Agency,CCTV system,Essential Equipment,1,Yes,Typical equipment used by a online travel agency business.
E02364,B0338,Online Travel Agency,Travel,Travel Agency,Wi-Fi router,Essential Equipment,1,Yes,Typical equipment used by a online travel agency business.
E02365,B0338,Online Travel Agency,Travel,Travel Agency,Laundry machine,Optional Equipment,1,No,Typical equipment used by a online travel agency business.
E02366,B0338,Online Travel Agency,Travel,Travel Agency,Kitchen equipment,Optional Equipment,2,No,Typical equipment used by a online travel agency business.
E02367,B0338,Online Travel Agency,Travel,Travel Agency,Backup power system,Optional Equipment,1,No,Typical equipment used by a online travel agency business.
E02368,B0339,Visa Consultancy,Travel,Travel Agency,Hotel beds/furniture,Essential Equipment,1,Yes,Typical equipment used by a visa consultancy business.
E02369,B0339,Visa Consultancy,Travel,Travel Agency,Reception computer,Essential Equipment,1,Yes,Typical equipment used by a visa consultancy business.
E02370,B0339,Visa Consultancy,Travel,Travel Agency,POS terminal,Essential Equipment,1,Yes,Typical equipment used by a visa consultancy business.
E02371,B0339,Visa Consultancy,Travel,Travel Agency,CCTV system,Essential Equipment,1,Yes,Typical equipment used by a visa consultancy business.
E02372,B0339,Visa Consultancy,Travel,Travel Agency,Wi-Fi router,Essential Equipment,1,Yes,Typical equipment used by a visa consultancy business.
E02373,B0339,Visa Consultancy,Travel,Travel Agency,Laundry machine,Optional Equipment,1,No,Typical equipment used by a visa consultancy business.
E02374,B0340,Ticketing Agency,Travel,Travel Agency,Hotel beds/furniture,Essential Equipment,1,Yes,Typical equipment used by a ticketing agency business.
E02375,B0340,Ticketing Agency,Travel,Travel Agency,Reception computer,Essential Equipment,1,Yes,Typical equipment used by a ticketing agency business.
E02376,B0340,Ticketing Agency,Travel,Travel Agency,POS terminal,Essential Equipment,1,Yes,Typical equipment used by a ticketing agency business.
E02377,B0340,Ticketing Agency,Travel,Travel Agency,CCTV system,Essential Equipment,1,Yes,Typical equipment used by a ticketing agency business.
E02378,B0340,Ticketing Agency,Travel,Travel Agency,Wi-Fi router,Essential Equipment,1,Yes,Typical equipment used by a ticketing agency business.
E02379,B0340,Ticketing Agency,Travel,Travel Agency,Laundry machine,Optional Equipment,1,No,Typical equipment used by a ticketing agency business.
E02380,B0340,Ticketing Agency,Travel,Travel Agency,Kitchen equipment,Optional Equipment,2,No,Typical equipment used by a ticketing agency business.
E02381,B0341,Family Homestay,Travel,Homestay,Hotel beds/furniture,Essential Equipment,1,Yes,Typical equipment used by a family homestay business.
E02382,B0341,Family Homestay,Travel,Homestay,Reception computer,Essential Equipment,1,Yes,Typical equipment used by a family homestay business.
E02383,B0341,Family Homestay,Travel,Homestay,POS terminal,Essential Equipment,1,Yes,Typical equipment used by a family homestay business.
E02384,B0341,Family Homestay,Travel,Homestay,CCTV system,Essential Equipment,1,Yes,Typical equipment used by a family homestay business.
E02385,B0341,Family Homestay,Travel,Homestay,Wi-Fi router,Essential Equipment,1,Yes,Typical equipment used by a family homestay business.
E02386,B0341,Family Homestay,Travel,Homestay,Laundry machine,Optional Equipment,1,No,Typical equipment used by a family homestay business.
E02387,B0341,Family Homestay,Travel,Homestay,Kitchen equipment,Optional Equipment,2,No,Typical equipment used by a family homestay business.
E02388,B0341,Family Homestay,Travel,Homestay,Backup power system,Optional Equipment,1,No,Typical equipment used by a family homestay business.
E02389,B0342,Farm Homestay,Travel,Homestay,Hotel beds/furniture,Essential Equipment,1,Yes,Typical equipment used by a farm homestay business.
E02390,B0342,Farm Homestay,Travel,Homestay,Reception computer,Essential Equipment,1,Yes,Typical equipment used by a farm homestay business.
E02391,B0342,Farm Homestay,Travel,Homestay,POS terminal,Essential Equipment,1,Yes,Typical equipment used by a farm homestay business.
E02392,B0342,Farm Homestay,Travel,Homestay,CCTV system,Essential Equipment,1,Yes,Typical equipment used by a farm homestay business.
E02393,B0342,Farm Homestay,Travel,Homestay,Wi-Fi router,Essential Equipment,1,Yes,Typical equipment used by a farm homestay business.
E02394,B0342,Farm Homestay,Travel,Homestay,Laundry machine,Optional Equipment,1,No,Typical equipment used by a farm homestay business.
E02395,B0343,Heritage Homestay,Travel,Homestay,Hotel beds/furniture,Essential Equipment,1,Yes,Typical equipment used by a heritage homestay business.
E02396,B0343,Heritage Homestay,Travel,Homestay,Reception computer,Essential Equipment,1,Yes,Typical equipment used by a heritage homestay business.
E02397,B0343,Heritage Homestay,Travel,Homestay,POS terminal,Essential Equipment,1,Yes,Typical equipment used by a heritage homestay business.
E02398,B0343,Heritage Homestay,Travel,Homestay,CCTV system,Essential Equipment,1,Yes,Typical equipment used by a heritage homestay business.
E02399,B0343,Heritage Homestay,Travel,Homestay,Wi-Fi router,Essential Equipment,1,Yes,Typical equipment used by a heritage homestay business.
E02400,B0343,Heritage Homestay,Travel,Homestay,Laundry machine,Optional Equipment,1,No,Typical equipment used by a heritage homestay business.
E02401,B0343,Heritage Homestay,Travel,Homestay,Kitchen equipment,Optional Equipment,2,No,Typical equipment used by a heritage homestay business.
E02402,B0344,Luxury Homestay,Travel,Homestay,Hotel beds/furniture,Essential Equipment,1,Yes,Typical equipment used by a luxury homestay business.
E02403,B0344,Luxury Homestay,Travel,Homestay,Reception computer,Essential Equipment,1,Yes,Typical equipment used by a luxury homestay business.
E02404,B0344,Luxury Homestay,Travel,Homestay,POS terminal,Essential Equipment,1,Yes,Typical equipment used by a luxury homestay business.
E02405,B0344,Luxury Homestay,Travel,Homestay,CCTV system,Essential Equipment,1,Yes,Typical equipment used by a luxury homestay business.
E02406,B0344,Luxury Homestay,Travel,Homestay,Wi-Fi router,Essential Equipment,1,Yes,Typical equipment used by a luxury homestay business.
E02407,B0344,Luxury Homestay,Travel,Homestay,Laundry machine,Optional Equipment,1,No,Typical equipment used by a luxury homestay business.
E02408,B0344,Luxury Homestay,Travel,Homestay,Kitchen equipment,Optional Equipment,2,No,Typical equipment used by a luxury homestay business.
E02409,B0344,Luxury Homestay,Travel,Homestay,Backup power system,Optional Equipment,1,No,Typical equipment used by a luxury homestay business.
E02410,B0345,Backpacker Homestay,Travel,Homestay,Hotel beds/furniture,Essential Equipment,1,Yes,Typical equipment used by a backpacker homestay business.
E02411,B0345,Backpacker Homestay,Travel,Homestay,Reception computer,Essential Equipment,1,Yes,Typical equipment used by a backpacker homestay business.
E02412,B0345,Backpacker Homestay,Travel,Homestay,POS terminal,Essential Equipment,1,Yes,Typical equipment used by a backpacker homestay business.
E02413,B0345,Backpacker Homestay,Travel,Homestay,CCTV system,Essential Equipment,1,Yes,Typical equipment used by a backpacker homestay business.
E02414,B0345,Backpacker Homestay,Travel,Homestay,Wi-Fi router,Essential Equipment,1,Yes,Typical equipment used by a backpacker homestay business.
E02415,B0345,Backpacker Homestay,Travel,Homestay,Laundry machine,Optional Equipment,1,No,Typical equipment used by a backpacker homestay business.
E02416,B0346,Destination Management Company,Travel,Events & Tours,Hotel beds/furniture,Essential Equipment,1,Yes,Typical equipment used by a destination management company business.
E02417,B0346,Destination Management Company,Travel,Events & Tours,Reception computer,Essential Equipment,1,Yes,Typical equipment used by a destination management company business.
E02418,B0346,Destination Management Company,Travel,Events & Tours,POS terminal,Essential Equipment,1,Yes,Typical equipment used by a destination management company business.
E02419,B0346,Destination Management Company,Travel,Events & Tours,CCTV system,Essential Equipment,1,Yes,Typical equipment used by a destination management company business.
E02420,B0346,Destination Management Company,Travel,Events & Tours,Wi-Fi router,Essential Equipment,1,Yes,Typical equipment used by a destination management company business.
E02421,B0346,Destination Management Company,Travel,Events & Tours,Laundry machine,Optional Equipment,1,No,Typical equipment used by a destination management company business.
E02422,B0346,Destination Management Company,Travel,Events & Tours,Kitchen equipment,Optional Equipment,2,No,Typical equipment used by a destination management company business.
E02423,B0347,Travel Experience Company,Travel,Events & Tours,Hotel beds/furniture,Essential Equipment,1,Yes,Typical equipment used by a travel experience company business.
E02424,B0347,Travel Experience Company,Travel,Events & Tours,Reception computer,Essential Equipment,1,Yes,Typical equipment used by a travel experience company business.
E02425,B0347,Travel Experience Company,Travel,Events & Tours,POS terminal,Essential Equipment,1,Yes,Typical equipment used by a travel experience company business.
E02426,B0347,Travel Experience Company,Travel,Events & Tours,CCTV system,Essential Equipment,1,Yes,Typical equipment used by a travel experience company business.
E02427,B0347,Travel Experience Company,Travel,Events & Tours,Wi-Fi router,Essential Equipment,1,Yes,Typical equipment used by a travel experience company business.
E02428,B0347,Travel Experience Company,Travel,Events & Tours,Laundry machine,Optional Equipment,1,No,Typical equipment used by a travel experience company business.
E02429,B0347,Travel Experience Company,Travel,Events & Tours,Kitchen equipment,Optional Equipment,2,No,Typical equipment used by a travel experience company business.
E02430,B0347,Travel Experience Company,Travel,Events & Tours,Backup power system,Optional Equipment,1,No,Typical equipment used by a travel experience company business.
E02431,B0348,Adventure Tour Organizer,Travel,Events & Tours,Hotel beds/furniture,Essential Equipment,1,Yes,Typical equipment used by a adventure tour organizer business.
E02432,B0348,Adventure Tour Organizer,Travel,Events & Tours,Reception computer,Essential Equipment,1,Yes,Typical equipment used by a adventure tour organizer business.
E02433,B0348,Adventure Tour Organizer,Travel,Events & Tours,POS terminal,Essential Equipment,1,Yes,Typical equipment used by a adventure tour organizer business.
E02434,B0348,Adventure Tour Organizer,Travel,Events & Tours,CCTV system,Essential Equipment,1,Yes,Typical equipment used by a adventure tour organizer business.
E02435,B0348,Adventure Tour Organizer,Travel,Events & Tours,Wi-Fi router,Essential Equipment,1,Yes,Typical equipment used by a adventure tour organizer business.
E02436,B0348,Adventure Tour Organizer,Travel,Events & Tours,Laundry machine,Optional Equipment,1,No,Typical equipment used by a adventure tour organizer business.
E02437,B0349,Cruise Tour Agency,Travel,Events & Tours,Hotel beds/furniture,Essential Equipment,1,Yes,Typical equipment used by a cruise tour agency business.
E02438,B0349,Cruise Tour Agency,Travel,Events & Tours,Reception computer,Essential Equipment,1,Yes,Typical equipment used by a cruise tour agency business.
E02439,B0349,Cruise Tour Agency,Travel,Events & Tours,POS terminal,Essential Equipment,1,Yes,Typical equipment used by a cruise tour agency business.
E02440,B0349,Cruise Tour Agency,Travel,Events & Tours,CCTV system,Essential Equipment,1,Yes,Typical equipment used by a cruise tour agency business.
E02441,B0349,Cruise Tour Agency,Travel,Events & Tours,Wi-Fi router,Essential Equipment,1,Yes,Typical equipment used by a cruise tour agency business.
E02442,B0349,Cruise Tour Agency,Travel,Events & Tours,Laundry machine,Optional Equipment,1,No,Typical equipment used by a cruise tour agency business.
E02443,B0349,Cruise Tour Agency,Travel,Events & Tours,Kitchen equipment,Optional Equipment,2,No,Typical equipment used by a cruise tour agency business.
E02444,B0350,Group Tour Organizer,Travel,Events & Tours,Hotel beds/furniture,Essential Equipment,1,Yes,Typical equipment used by a group tour organizer business.
E02445,B0350,Group Tour Organizer,Travel,Events & Tours,Reception computer,Essential Equipment,1,Yes,Typical equipment used by a group tour organizer business.
E02446,B0350,Group Tour Organizer,Travel,Events & Tours,POS terminal,Essential Equipment,1,Yes,Typical equipment used by a group tour organizer business.
E02447,B0350,Group Tour Organizer,Travel,Events & Tours,CCTV system,Essential Equipment,1,Yes,Typical equipment used by a group tour organizer business.
E02448,B0350,Group Tour Organizer,Travel,Events & Tours,Wi-Fi router,Essential Equipment,1,Yes,Typical equipment used by a group tour organizer business.
E02449,B0350,Group Tour Organizer,Travel,Events & Tours,Laundry machine,Optional Equipment,1,No,Typical equipment used by a group tour organizer business.
E02450,B0350,Group Tour Organizer,Travel,Events & Tours,Kitchen equipment,Optional Equipment,2,No,Typical equipment used by a group tour organizer business.
E02451,B0350,Group Tour Organizer,Travel,Events & Tours,Backup power system,Optional Equipment,1,No,Typical equipment used by a group tour organizer business.
E02452,B0351,Car Service Center,Automotive,Car Service,Vehicle lift,Essential Equipment,1,Yes,Typical equipment used by a car service center business.
E02453,B0351,Car Service Center,Automotive,Car Service,Air compressor,Essential Equipment,1,Yes,Typical equipment used by a car service center business.
E02454,B0351,Car Service Center,Automotive,Car Service,Diagnostic scanner,Essential Equipment,1,Yes,Typical equipment used by a car service center business.
E02455,B0351,Car Service Center,Automotive,Car Service,Battery charger,Essential Equipment,1,Yes,Typical equipment used by a car service center business.
E02456,B0351,Car Service Center,Automotive,Car Service,Tyre changer,Essential Equipment,1,Yes,Typical equipment used by a car service center business.
E02457,B0351,Car Service Center,Automotive,Car Service,Wheel balancer,Optional Equipment,1,No,Typical equipment used by a car service center business.
E02458,B0352,Multi-Brand Garage,Automotive,Car Service,Vehicle lift,Essential Equipment,1,Yes,Typical equipment used by a multi-brand garage business.
E02459,B0352,Multi-Brand Garage,Automotive,Car Service,Air compressor,Essential Equipment,1,Yes,Typical equipment used by a multi-brand garage business.
E02460,B0352,Multi-Brand Garage,Automotive,Car Service,Diagnostic scanner,Essential Equipment,1,Yes,Typical equipment used by a multi-brand garage business.
E02461,B0352,Multi-Brand Garage,Automotive,Car Service,Battery charger,Essential Equipment,1,Yes,Typical equipment used by a multi-brand garage business.
E02462,B0352,Multi-Brand Garage,Automotive,Car Service,Tyre changer,Essential Equipment,1,Yes,Typical equipment used by a multi-brand garage business.
E02463,B0352,Multi-Brand Garage,Automotive,Car Service,Wheel balancer,Optional Equipment,1,No,Typical equipment used by a multi-brand garage business.
E02464,B0352,Multi-Brand Garage,Automotive,Car Service,Pressure washer,Optional Equipment,2,No,Typical equipment used by a multi-brand garage business.
E02465,B0353,Premium Car Service,Automotive,Car Service,Vehicle lift,Essential Equipment,1,Yes,Typical equipment used by a premium car service business.
E02466,B0353,Premium Car Service,Automotive,Car Service,Air compressor,Essential Equipment,1,Yes,Typical equipment used by a premium car service business.
E02467,B0353,Premium Car Service,Automotive,Car Service,Diagnostic scanner,Essential Equipment,1,Yes,Typical equipment used by a premium car service business.
E02468,B0353,Premium Car Service,Automotive,Car Service,Battery charger,Essential Equipment,1,Yes,Typical equipment used by a premium car service business.
E02469,B0353,Premium Car Service,Automotive,Car Service,Tyre changer,Essential Equipment,1,Yes,Typical equipment used by a premium car service business.
E02470,B0353,Premium Car Service,Automotive,Car Service,Wheel balancer,Optional Equipment,1,No,Typical equipment used by a premium car service business.
E02471,B0353,Premium Car Service,Automotive,Car Service,Pressure washer,Optional Equipment,2,No,Typical equipment used by a premium car service business.
E02472,B0353,Premium Car Service,Automotive,Car Service,Tool cabinet,Optional Equipment,1,No,Typical equipment used by a premium car service business.
E02473,B0354,Engine Repair Center,Automotive,Car Service,Vehicle lift,Essential Equipment,1,Yes,Typical equipment used by a engine repair center business.
E02474,B0354,Engine Repair Center,Automotive,Car Service,Air compressor,Essential Equipment,1,Yes,Typical equipment used by a engine repair center business.
E02475,B0354,Engine Repair Center,Automotive,Car Service,Diagnostic scanner,Essential Equipment,1,Yes,Typical equipment used by a engine repair center business.
E02476,B0354,Engine Repair Center,Automotive,Car Service,Battery charger,Essential Equipment,1,Yes,Typical equipment used by a engine repair center business.
E02477,B0354,Engine Repair Center,Automotive,Car Service,Tyre changer,Essential Equipment,1,Yes,Typical equipment used by a engine repair center business.
E02478,B0354,Engine Repair Center,Automotive,Car Service,Wheel balancer,Optional Equipment,1,No,Typical equipment used by a engine repair center business.
E02479,B0355,Auto Electrical Workshop,Automotive,Car Service,Vehicle lift,Essential Equipment,1,Yes,Typical equipment used by a auto electrical workshop business.
E02480,B0355,Auto Electrical Workshop,Automotive,Car Service,Air compressor,Essential Equipment,1,Yes,Typical equipment used by a auto electrical workshop business.
E02481,B0355,Auto Electrical Workshop,Automotive,Car Service,Diagnostic scanner,Essential Equipment,1,Yes,Typical equipment used by a auto electrical workshop business.
E02482,B0355,Auto Electrical Workshop,Automotive,Car Service,Battery charger,Essential Equipment,1,Yes,Typical equipment used by a auto electrical workshop business.
E02483,B0355,Auto Electrical Workshop,Automotive,Car Service,Tyre changer,Essential Equipment,1,Yes,Typical equipment used by a auto electrical workshop business.
E02484,B0355,Auto Electrical Workshop,Automotive,Car Service,Wheel balancer,Optional Equipment,1,No,Typical equipment used by a auto electrical workshop business.
E02485,B0355,Auto Electrical Workshop,Automotive,Car Service,Pressure washer,Optional Equipment,2,No,Typical equipment used by a auto electrical workshop business.
E02486,B0356,General Garage,Automotive,Garage,Vehicle lift,Essential Equipment,1,Yes,Typical equipment used by a general garage business.
E02487,B0356,General Garage,Automotive,Garage,Air compressor,Essential Equipment,1,Yes,Typical equipment used by a general garage business.
E02488,B0356,General Garage,Automotive,Garage,Diagnostic scanner,Essential Equipment,1,Yes,Typical equipment used by a general garage business.
E02489,B0356,General Garage,Automotive,Garage,Battery charger,Essential Equipment,1,Yes,Typical equipment used by a general garage business.
E02490,B0356,General Garage,Automotive,Garage,Tyre changer,Essential Equipment,1,Yes,Typical equipment used by a general garage business.
E02491,B0356,General Garage,Automotive,Garage,Wheel balancer,Optional Equipment,1,No,Typical equipment used by a general garage business.
E02492,B0356,General Garage,Automotive,Garage,Pressure washer,Optional Equipment,2,No,Typical equipment used by a general garage business.
E02493,B0356,General Garage,Automotive,Garage,Tool cabinet,Optional Equipment,1,No,Typical equipment used by a general garage business.
E02494,B0357,Two-Wheeler Garage,Automotive,Garage,Vehicle lift,Essential Equipment,1,Yes,Typical equipment used by a two-wheeler garage business.
E02495,B0357,Two-Wheeler Garage,Automotive,Garage,Air compressor,Essential Equipment,1,Yes,Typical equipment used by a two-wheeler garage business.
E02496,B0357,Two-Wheeler Garage,Automotive,Garage,Diagnostic scanner,Essential Equipment,1,Yes,Typical equipment used by a two-wheeler garage business.
E02497,B0357,Two-Wheeler Garage,Automotive,Garage,Battery charger,Essential Equipment,1,Yes,Typical equipment used by a two-wheeler garage business.
E02498,B0357,Two-Wheeler Garage,Automotive,Garage,Tyre changer,Essential Equipment,1,Yes,Typical equipment used by a two-wheeler garage business.
E02499,B0357,Two-Wheeler Garage,Automotive,Garage,Wheel balancer,Optional Equipment,1,No,Typical equipment used by a two-wheeler garage business.
E02500,B0358,Heavy Vehicle Garage,Automotive,Garage,Vehicle lift,Essential Equipment,1,Yes,Typical equipment used by a heavy vehicle garage business.
E02501,B0358,Heavy Vehicle Garage,Automotive,Garage,Air compressor,Essential Equipment,1,Yes,Typical equipment used by a heavy vehicle garage business.
E02502,B0358,Heavy Vehicle Garage,Automotive,Garage,Diagnostic scanner,Essential Equipment,1,Yes,Typical equipment used by a heavy vehicle garage business.
E02503,B0358,Heavy Vehicle Garage,Automotive,Garage,Battery charger,Essential Equipment,1,Yes,Typical equipment used by a heavy vehicle garage business.
E02504,B0358,Heavy Vehicle Garage,Automotive,Garage,Tyre changer,Essential Equipment,1,Yes,Typical equipment used by a heavy vehicle garage business.
E02505,B0358,Heavy Vehicle Garage,Automotive,Garage,Wheel balancer,Optional Equipment,1,No,Typical equipment used by a heavy vehicle garage business.
E02506,B0358,Heavy Vehicle Garage,Automotive,Garage,Pressure washer,Optional Equipment,2,No,Typical equipment used by a heavy vehicle garage business.
E02507,B0359,EV Garage,Automotive,Garage,Vehicle lift,Essential Equipment,1,Yes,Typical equipment used by a ev garage business.
E02508,B0359,EV Garage,Automotive,Garage,Air compressor,Essential Equipment,1,Yes,Typical equipment used by a ev garage business.
E02509,B0359,EV Garage,Automotive,Garage,Diagnostic scanner,Essential Equipment,1,Yes,Typical equipment used by a ev garage business.
E02510,B0359,EV Garage,Automotive,Garage,Battery charger,Essential Equipment,1,Yes,Typical equipment used by a ev garage business.
E02511,B0359,EV Garage,Automotive,Garage,Tyre changer,Essential Equipment,1,Yes,Typical equipment used by a ev garage business.
E02512,B0359,EV Garage,Automotive,Garage,Wheel balancer,Optional Equipment,1,No,Typical equipment used by a ev garage business.
E02513,B0359,EV Garage,Automotive,Garage,Pressure washer,Optional Equipment,2,No,Typical equipment used by a ev garage business.
E02514,B0359,EV Garage,Automotive,Garage,Tool cabinet,Optional Equipment,1,No,Typical equipment used by a ev garage business.
E02515,B0360,Performance Garage,Automotive,Garage,Vehicle lift,Essential Equipment,1,Yes,Typical equipment used by a performance garage business.
E02516,B0360,Performance Garage,Automotive,Garage,Air compressor,Essential Equipment,1,Yes,Typical equipment used by a performance garage business.
E02517,B0360,Performance Garage,Automotive,Garage,Diagnostic scanner,Essential Equipment,1,Yes,Typical equipment used by a performance garage business.
E02518,B0360,Performance Garage,Automotive,Garage,Battery charger,Essential Equipment,1,Yes,Typical equipment used by a performance garage business.
E02519,B0360,Performance Garage,Automotive,Garage,Tyre changer,Essential Equipment,1,Yes,Typical equipment used by a performance garage business.
E02520,B0360,Performance Garage,Automotive,Garage,Wheel balancer,Optional Equipment,1,No,Typical equipment used by a performance garage business.
E02521,B0361,Auto Parts Store,Automotive,Parts,Vehicle lift,Essential Equipment,1,Yes,Typical equipment used by a auto parts store business.
E02522,B0361,Auto Parts Store,Automotive,Parts,Air compressor,Essential Equipment,1,Yes,Typical equipment used by a auto parts store business.
E02523,B0361,Auto Parts Store,Automotive,Parts,Diagnostic scanner,Essential Equipment,1,Yes,Typical equipment used by a auto parts store business.
E02524,B0361,Auto Parts Store,Automotive,Parts,Battery charger,Essential Equipment,1,Yes,Typical equipment used by a auto parts store business.
E02525,B0361,Auto Parts Store,Automotive,Parts,Tyre changer,Essential Equipment,1,Yes,Typical equipment used by a auto parts store business.
E02526,B0361,Auto Parts Store,Automotive,Parts,Wheel balancer,Optional Equipment,1,No,Typical equipment used by a auto parts store business.
E02527,B0361,Auto Parts Store,Automotive,Parts,Pressure washer,Optional Equipment,2,No,Typical equipment used by a auto parts store business.
E02528,B0362,Spare Parts Distributor,Automotive,Parts,Vehicle lift,Essential Equipment,1,Yes,Typical equipment used by a spare parts distributor business.
E02529,B0362,Spare Parts Distributor,Automotive,Parts,Air compressor,Essential Equipment,1,Yes,Typical equipment used by a spare parts distributor business.
E02530,B0362,Spare Parts Distributor,Automotive,Parts,Diagnostic scanner,Essential Equipment,1,Yes,Typical equipment used by a spare parts distributor business.
E02531,B0362,Spare Parts Distributor,Automotive,Parts,Battery charger,Essential Equipment,1,Yes,Typical equipment used by a spare parts distributor business.
E02532,B0362,Spare Parts Distributor,Automotive,Parts,Tyre changer,Essential Equipment,1,Yes,Typical equipment used by a spare parts distributor business.
E02533,B0362,Spare Parts Distributor,Automotive,Parts,Wheel balancer,Optional Equipment,1,No,Typical equipment used by a spare parts distributor business.
E02534,B0362,Spare Parts Distributor,Automotive,Parts,Pressure washer,Optional Equipment,2,No,Typical equipment used by a spare parts distributor business.
E02535,B0362,Spare Parts Distributor,Automotive,Parts,Tool cabinet,Optional Equipment,1,No,Typical equipment used by a spare parts distributor business.
E02536,B0363,EV Parts Store,Automotive,Parts,Vehicle lift,Essential Equipment,1,Yes,Typical equipment used by a ev parts store business.
E02537,B0363,EV Parts Store,Automotive,Parts,Air compressor,Essential Equipment,1,Yes,Typical equipment used by a ev parts store business.
E02538,B0363,EV Parts Store,Automotive,Parts,Diagnostic scanner,Essential Equipment,1,Yes,Typical equipment used by a ev parts store business.
E02539,B0363,EV Parts Store,Automotive,Parts,Battery charger,Essential Equipment,1,Yes,Typical equipment used by a ev parts store business.
E02540,B0363,EV Parts Store,Automotive,Parts,Tyre changer,Essential Equipment,1,Yes,Typical equipment used by a ev parts store business.
E02541,B0363,EV Parts Store,Automotive,Parts,Wheel balancer,Optional Equipment,1,No,Typical equipment used by a ev parts store business.
E02542,B0364,Tyre Store,Automotive,Parts,Vehicle lift,Essential Equipment,1,Yes,Typical equipment used by a tyre store business.
E02543,B0364,Tyre Store,Automotive,Parts,Air compressor,Essential Equipment,1,Yes,Typical equipment used by a tyre store business.
E02544,B0364,Tyre Store,Automotive,Parts,Diagnostic scanner,Essential Equipment,1,Yes,Typical equipment used by a tyre store business.
E02545,B0364,Tyre Store,Automotive,Parts,Battery charger,Essential Equipment,1,Yes,Typical equipment used by a tyre store business.
E02546,B0364,Tyre Store,Automotive,Parts,Tyre changer,Essential Equipment,1,Yes,Typical equipment used by a tyre store business.
E02547,B0364,Tyre Store,Automotive,Parts,Wheel balancer,Optional Equipment,1,No,Typical equipment used by a tyre store business.
E02548,B0364,Tyre Store,Automotive,Parts,Pressure washer,Optional Equipment,2,No,Typical equipment used by a tyre store business.
E02549,B0365,Battery Store,Automotive,Parts,Vehicle lift,Essential Equipment,1,Yes,Typical equipment used by a battery store business.
E02550,B0365,Battery Store,Automotive,Parts,Air compressor,Essential Equipment,1,Yes,Typical equipment used by a battery store business.
E02551,B0365,Battery Store,Automotive,Parts,Diagnostic scanner,Essential Equipment,1,Yes,Typical equipment used by a battery store business.
E02552,B0365,Battery Store,Automotive,Parts,Battery charger,Essential Equipment,1,Yes,Typical equipment used by a battery store business.
E02553,B0365,Battery Store,Automotive,Parts,Tyre changer,Essential Equipment,1,Yes,Typical equipment used by a battery store business.
E02554,B0365,Battery Store,Automotive,Parts,Wheel balancer,Optional Equipment,1,No,Typical equipment used by a battery store business.
E02555,B0365,Battery Store,Automotive,Parts,Pressure washer,Optional Equipment,2,No,Typical equipment used by a battery store business.
E02556,B0365,Battery Store,Automotive,Parts,Tool cabinet,Optional Equipment,1,No,Typical equipment used by a battery store business.
E02557,B0366,Automatic Car Wash,Automotive,Car Wash,Vehicle lift,Essential Equipment,1,Yes,Typical equipment used by a automatic car wash business.
E02558,B0366,Automatic Car Wash,Automotive,Car Wash,Air compressor,Essential Equipment,1,Yes,Typical equipment used by a automatic car wash business.
E02559,B0366,Automatic Car Wash,Automotive,Car Wash,Diagnostic scanner,Essential Equipment,1,Yes,Typical equipment used by a automatic car wash business.
E02560,B0366,Automatic Car Wash,Automotive,Car Wash,Battery charger,Essential Equipment,1,Yes,Typical equipment used by a automatic car wash business.
E02561,B0366,Automatic Car Wash,Automotive,Car Wash,Tyre changer,Essential Equipment,1,Yes,Typical equipment used by a automatic car wash business.
E02562,B0366,Automatic Car Wash,Automotive,Car Wash,Wheel balancer,Optional Equipment,1,No,Typical equipment used by a automatic car wash business.
E02563,B0367,Manual Car Wash,Automotive,Car Wash,Vehicle lift,Essential Equipment,1,Yes,Typical equipment used by a manual car wash business.
E02564,B0367,Manual Car Wash,Automotive,Car Wash,Air compressor,Essential Equipment,1,Yes,Typical equipment used by a manual car wash business.
E02565,B0367,Manual Car Wash,Automotive,Car Wash,Diagnostic scanner,Essential Equipment,1,Yes,Typical equipment used by a manual car wash business.
E02566,B0367,Manual Car Wash,Automotive,Car Wash,Battery charger,Essential Equipment,1,Yes,Typical equipment used by a manual car wash business.
E02567,B0367,Manual Car Wash,Automotive,Car Wash,Tyre changer,Essential Equipment,1,Yes,Typical equipment used by a manual car wash business.
E02568,B0367,Manual Car Wash,Automotive,Car Wash,Wheel balancer,Optional Equipment,1,No,Typical equipment used by a manual car wash business.
E02569,B0367,Manual Car Wash,Automotive,Car Wash,Pressure washer,Optional Equipment,2,No,Typical equipment used by a manual car wash business.
E02570,B0368,Detailing Center,Automotive,Car Wash,Vehicle lift,Essential Equipment,1,Yes,Typical equipment used by a detailing center business.
E02571,B0368,Detailing Center,Automotive,Car Wash,Air compressor,Essential Equipment,1,Yes,Typical equipment used by a detailing center business.
E02572,B0368,Detailing Center,Automotive,Car Wash,Diagnostic scanner,Essential Equipment,1,Yes,Typical equipment used by a detailing center business.
E02573,B0368,Detailing Center,Automotive,Car Wash,Battery charger,Essential Equipment,1,Yes,Typical equipment used by a detailing center business.
E02574,B0368,Detailing Center,Automotive,Car Wash,Tyre changer,Essential Equipment,1,Yes,Typical equipment used by a detailing center business.
E02575,B0368,Detailing Center,Automotive,Car Wash,Wheel balancer,Optional Equipment,1,No,Typical equipment used by a detailing center business.
E02576,B0368,Detailing Center,Automotive,Car Wash,Pressure washer,Optional Equipment,2,No,Typical equipment used by a detailing center business.
E02577,B0368,Detailing Center,Automotive,Car Wash,Tool cabinet,Optional Equipment,1,No,Typical equipment used by a detailing center business.
E02578,B0369,Mobile Car Wash,Automotive,Car Wash,Vehicle lift,Essential Equipment,1,Yes,Typical equipment used by a mobile car wash business.
E02579,B0369,Mobile Car Wash,Automotive,Car Wash,Air compressor,Essential Equipment,1,Yes,Typical equipment used by a mobile car wash business.
E02580,B0369,Mobile Car Wash,Automotive,Car Wash,Diagnostic scanner,Essential Equipment,1,Yes,Typical equipment used by a mobile car wash business.
E02581,B0369,Mobile Car Wash,Automotive,Car Wash,Battery charger,Essential Equipment,1,Yes,Typical equipment used by a mobile car wash business.
E02582,B0369,Mobile Car Wash,Automotive,Car Wash,Tyre changer,Essential Equipment,1,Yes,Typical equipment used by a mobile car wash business.
E02583,B0369,Mobile Car Wash,Automotive,Car Wash,Wheel balancer,Optional Equipment,1,No,Typical equipment used by a mobile car wash business.
E02584,B0370,Eco Car Wash,Automotive,Car Wash,Vehicle lift,Essential Equipment,1,Yes,Typical equipment used by a eco car wash business.
E02585,B0370,Eco Car Wash,Automotive,Car Wash,Air compressor,Essential Equipment,1,Yes,Typical equipment used by a eco car wash business.
E02586,B0370,Eco Car Wash,Automotive,Car Wash,Diagnostic scanner,Essential Equipment,1,Yes,Typical equipment used by a eco car wash business.
E02587,B0370,Eco Car Wash,Automotive,Car Wash,Battery charger,Essential Equipment,1,Yes,Typical equipment used by a eco car wash business.
E02588,B0370,Eco Car Wash,Automotive,Car Wash,Tyre changer,Essential Equipment,1,Yes,Typical equipment used by a eco car wash business.
E02589,B0370,Eco Car Wash,Automotive,Car Wash,Wheel balancer,Optional Equipment,1,No,Typical equipment used by a eco car wash business.
E02590,B0370,Eco Car Wash,Automotive,Car Wash,Pressure washer,Optional Equipment,2,No,Typical equipment used by a eco car wash business.
E02591,B0371,EV Charging Station,Automotive,EV Charging,Vehicle lift,Essential Equipment,1,Yes,Typical equipment used by a ev charging station business.
E02592,B0371,EV Charging Station,Automotive,EV Charging,Air compressor,Essential Equipment,1,Yes,Typical equipment used by a ev charging station business.
E02593,B0371,EV Charging Station,Automotive,EV Charging,Diagnostic scanner,Essential Equipment,1,Yes,Typical equipment used by a ev charging station business.
E02594,B0371,EV Charging Station,Automotive,EV Charging,Battery charger,Essential Equipment,1,Yes,Typical equipment used by a ev charging station business.
E02595,B0371,EV Charging Station,Automotive,EV Charging,Tyre changer,Essential Equipment,1,Yes,Typical equipment used by a ev charging station business.
E02596,B0371,EV Charging Station,Automotive,EV Charging,Wheel balancer,Optional Equipment,1,No,Typical equipment used by a ev charging station business.
E02597,B0371,EV Charging Station,Automotive,EV Charging,Pressure washer,Optional Equipment,2,No,Typical equipment used by a ev charging station business.
E02598,B0371,EV Charging Station,Automotive,EV Charging,Tool cabinet,Optional Equipment,1,No,Typical equipment used by a ev charging station business.
E02599,B0372,Fast Charging Hub,Automotive,EV Charging,Vehicle lift,Essential Equipment,1,Yes,Typical equipment used by a fast charging hub business.
E02600,B0372,Fast Charging Hub,Automotive,EV Charging,Air compressor,Essential Equipment,1,Yes,Typical equipment used by a fast charging hub business.
E02601,B0372,Fast Charging Hub,Automotive,EV Charging,Diagnostic scanner,Essential Equipment,1,Yes,Typical equipment used by a fast charging hub business.
E02602,B0372,Fast Charging Hub,Automotive,EV Charging,Battery charger,Essential Equipment,1,Yes,Typical equipment used by a fast charging hub business.
E02603,B0372,Fast Charging Hub,Automotive,EV Charging,Tyre changer,Essential Equipment,1,Yes,Typical equipment used by a fast charging hub business.
E02604,B0372,Fast Charging Hub,Automotive,EV Charging,Wheel balancer,Optional Equipment,1,No,Typical equipment used by a fast charging hub business.
E02605,B0373,Fleet Charging Center,Automotive,EV Charging,Vehicle lift,Essential Equipment,1,Yes,Typical equipment used by a fleet charging center business.
E02606,B0373,Fleet Charging Center,Automotive,EV Charging,Air compressor,Essential Equipment,1,Yes,Typical equipment used by a fleet charging center business.
E02607,B0373,Fleet Charging Center,Automotive,EV Charging,Diagnostic scanner,Essential Equipment,1,Yes,Typical equipment used by a fleet charging center business.
E02608,B0373,Fleet Charging Center,Automotive,EV Charging,Battery charger,Essential Equipment,1,Yes,Typical equipment used by a fleet charging center business.
E02609,B0373,Fleet Charging Center,Automotive,EV Charging,Tyre changer,Essential Equipment,1,Yes,Typical equipment used by a fleet charging center business.
E02610,B0373,Fleet Charging Center,Automotive,EV Charging,Wheel balancer,Optional Equipment,1,No,Typical equipment used by a fleet charging center business.
E02611,B0373,Fleet Charging Center,Automotive,EV Charging,Pressure washer,Optional Equipment,2,No,Typical equipment used by a fleet charging center business.
E02612,B0374,Apartment EV Charging Service,Automotive,EV Charging,Vehicle lift,Essential Equipment,1,Yes,Typical equipment used by a apartment ev charging service business.
E02613,B0374,Apartment EV Charging Service,Automotive,EV Charging,Air compressor,Essential Equipment,1,Yes,Typical equipment used by a apartment ev charging service business.
E02614,B0374,Apartment EV Charging Service,Automotive,EV Charging,Diagnostic scanner,Essential Equipment,1,Yes,Typical equipment used by a apartment ev charging service business.
E02615,B0374,Apartment EV Charging Service,Automotive,EV Charging,Battery charger,Essential Equipment,1,Yes,Typical equipment used by a apartment ev charging service business.
E02616,B0374,Apartment EV Charging Service,Automotive,EV Charging,Tyre changer,Essential Equipment,1,Yes,Typical equipment used by a apartment ev charging service business.
E02617,B0374,Apartment EV Charging Service,Automotive,EV Charging,Wheel balancer,Optional Equipment,1,No,Typical equipment used by a apartment ev charging service business.
E02618,B0374,Apartment EV Charging Service,Automotive,EV Charging,Pressure washer,Optional Equipment,2,No,Typical equipment used by a apartment ev charging service business.
E02619,B0374,Apartment EV Charging Service,Automotive,EV Charging,Tool cabinet,Optional Equipment,1,No,Typical equipment used by a apartment ev charging service business.
E02620,B0375,Highway EV Charging Station,Automotive,EV Charging,Vehicle lift,Essential Equipment,1,Yes,Typical equipment used by a highway ev charging station business.
E02621,B0375,Highway EV Charging Station,Automotive,EV Charging,Air compressor,Essential Equipment,1,Yes,Typical equipment used by a highway ev charging station business.
E02622,B0375,Highway EV Charging Station,Automotive,EV Charging,Diagnostic scanner,Essential Equipment,1,Yes,Typical equipment used by a highway ev charging station business.
E02623,B0375,Highway EV Charging Station,Automotive,EV Charging,Battery charger,Essential Equipment,1,Yes,Typical equipment used by a highway ev charging station business.
E02624,B0375,Highway EV Charging Station,Automotive,EV Charging,Tyre changer,Essential Equipment,1,Yes,Typical equipment used by a highway ev charging station business.
E02625,B0375,Highway EV Charging Station,Automotive,EV Charging,Wheel balancer,Optional Equipment,1,No,Typical equipment used by a highway ev charging station business.
E02626,B0376,Pet Supplies Store,Pet,Pet Store,Grooming table,Essential Equipment,1,Yes,Typical equipment used by a pet supplies store business.
E02627,B0376,Pet Supplies Store,Pet,Pet Store,Pet clippers,Essential Equipment,1,Yes,Typical equipment used by a pet supplies store business.
E02628,B0376,Pet Supplies Store,Pet,Pet Store,Animal examination table,Essential Equipment,1,Yes,Typical equipment used by a pet supplies store business.
E02629,B0376,Pet Supplies Store,Pet,Pet Store,Pet scale,Essential Equipment,1,Yes,Typical equipment used by a pet supplies store business.
E02630,B0376,Pet Supplies Store,Pet,Pet Store,Kennel/cage system,Essential Equipment,1,Yes,Typical equipment used by a pet supplies store business.
E02631,B0376,Pet Supplies Store,Pet,Pet Store,Sterilizer,Optional Equipment,1,No,Typical equipment used by a pet supplies store business.
E02632,B0376,Pet Supplies Store,Pet,Pet Store,Refrigerator,Optional Equipment,2,No,Typical equipment used by a pet supplies store business.
E02633,B0377,Pet Food Store,Pet,Pet Store,Grooming table,Essential Equipment,1,Yes,Typical equipment used by a pet food store business.
E02634,B0377,Pet Food Store,Pet,Pet Store,Pet clippers,Essential Equipment,1,Yes,Typical equipment used by a pet food store business.
E02635,B0377,Pet Food Store,Pet,Pet Store,Animal examination table,Essential Equipment,1,Yes,Typical equipment used by a pet food store business.
E02636,B0377,Pet Food Store,Pet,Pet Store,Pet scale,Essential Equipment,1,Yes,Typical equipment used by a pet food store business.
E02637,B0377,Pet Food Store,Pet,Pet Store,Kennel/cage system,Essential Equipment,1,Yes,Typical equipment used by a pet food store business.
E02638,B0377,Pet Food Store,Pet,Pet Store,Sterilizer,Optional Equipment,1,No,Typical equipment used by a pet food store business.
E02639,B0377,Pet Food Store,Pet,Pet Store,Refrigerator,Optional Equipment,2,No,Typical equipment used by a pet food store business.
E02640,B0377,Pet Food Store,Pet,Pet Store,POS terminal,Optional Equipment,1,No,Typical equipment used by a pet food store business.
E02641,B0378,Pet Accessories Store,Pet,Pet Store,Grooming table,Essential Equipment,1,Yes,Typical equipment used by a pet accessories store business.
E02642,B0378,Pet Accessories Store,Pet,Pet Store,Pet clippers,Essential Equipment,1,Yes,Typical equipment used by a pet accessories store business.
E02643,B0378,Pet Accessories Store,Pet,Pet Store,Animal examination table,Essential Equipment,1,Yes,Typical equipment used by a pet accessories store business.
E02644,B0378,Pet Accessories Store,Pet,Pet Store,Pet scale,Essential Equipment,1,Yes,Typical equipment used by a pet accessories store business.
E02645,B0378,Pet Accessories Store,Pet,Pet Store,Kennel/cage system,Essential Equipment,1,Yes,Typical equipment used by a pet accessories store business.
E02646,B0378,Pet Accessories Store,Pet,Pet Store,Sterilizer,Optional Equipment,1,No,Typical equipment used by a pet accessories store business.
E02647,B0379,Aquarium Store,Pet,Pet Store,Grooming table,Essential Equipment,1,Yes,Typical equipment used by a aquarium store business.
E02648,B0379,Aquarium Store,Pet,Pet Store,Pet clippers,Essential Equipment,1,Yes,Typical equipment used by a aquarium store business.
E02649,B0379,Aquarium Store,Pet,Pet Store,Animal examination table,Essential Equipment,1,Yes,Typical equipment used by a aquarium store business.
E02650,B0379,Aquarium Store,Pet,Pet Store,Pet scale,Essential Equipment,1,Yes,Typical equipment used by a aquarium store business.
E02651,B0379,Aquarium Store,Pet,Pet Store,Kennel/cage system,Essential Equipment,1,Yes,Typical equipment used by a aquarium store business.
E02652,B0379,Aquarium Store,Pet,Pet Store,Sterilizer,Optional Equipment,1,No,Typical equipment used by a aquarium store business.
E02653,B0379,Aquarium Store,Pet,Pet Store,Refrigerator,Optional Equipment,2,No,Typical equipment used by a aquarium store business.
E02654,B0380,Pet Product E-commerce,Pet,Pet Store,Grooming table,Essential Equipment,1,Yes,Typical equipment used by a pet product e-commerce business.
E02655,B0380,Pet Product E-commerce,Pet,Pet Store,Pet clippers,Essential Equipment,1,Yes,Typical equipment used by a pet product e-commerce business.
E02656,B0380,Pet Product E-commerce,Pet,Pet Store,Animal examination table,Essential Equipment,1,Yes,Typical equipment used by a pet product e-commerce business.
E02657,B0380,Pet Product E-commerce,Pet,Pet Store,Pet scale,Essential Equipment,1,Yes,Typical equipment used by a pet product e-commerce business.
E02658,B0380,Pet Product E-commerce,Pet,Pet Store,Kennel/cage system,Essential Equipment,1,Yes,Typical equipment used by a pet product e-commerce business.
E02659,B0380,Pet Product E-commerce,Pet,Pet Store,Sterilizer,Optional Equipment,1,No,Typical equipment used by a pet product e-commerce business.
E02660,B0380,Pet Product E-commerce,Pet,Pet Store,Refrigerator,Optional Equipment,2,No,Typical equipment used by a pet product e-commerce business.
E02661,B0380,Pet Product E-commerce,Pet,Pet Store,POS terminal,Optional Equipment,1,No,Typical equipment used by a pet product e-commerce business.
E02662,B0381,Veterinary Clinic,Pet,Veterinary,Grooming table,Essential Equipment,1,Yes,Typical equipment used by a veterinary clinic business.
E02663,B0381,Veterinary Clinic,Pet,Veterinary,Pet clippers,Essential Equipment,1,Yes,Typical equipment used by a veterinary clinic business.
E02664,B0381,Veterinary Clinic,Pet,Veterinary,Animal examination table,Essential Equipment,1,Yes,Typical equipment used by a veterinary clinic business.
E02665,B0381,Veterinary Clinic,Pet,Veterinary,Pet scale,Essential Equipment,1,Yes,Typical equipment used by a veterinary clinic business.
E02666,B0381,Veterinary Clinic,Pet,Veterinary,Kennel/cage system,Essential Equipment,1,Yes,Typical equipment used by a veterinary clinic business.
E02667,B0381,Veterinary Clinic,Pet,Veterinary,Sterilizer,Optional Equipment,1,No,Typical equipment used by a veterinary clinic business.
E02668,B0382,Animal Hospital,Pet,Veterinary,Grooming table,Essential Equipment,1,Yes,Typical equipment used by a animal hospital business.
E02669,B0382,Animal Hospital,Pet,Veterinary,Pet clippers,Essential Equipment,1,Yes,Typical equipment used by a animal hospital business.
E02670,B0382,Animal Hospital,Pet,Veterinary,Animal examination table,Essential Equipment,1,Yes,Typical equipment used by a animal hospital business.
E02671,B0382,Animal Hospital,Pet,Veterinary,Pet scale,Essential Equipment,1,Yes,Typical equipment used by a animal hospital business.
E02672,B0382,Animal Hospital,Pet,Veterinary,Kennel/cage system,Essential Equipment,1,Yes,Typical equipment used by a animal hospital business.
E02673,B0382,Animal Hospital,Pet,Veterinary,Sterilizer,Optional Equipment,1,No,Typical equipment used by a animal hospital business.
E02674,B0382,Animal Hospital,Pet,Veterinary,Refrigerator,Optional Equipment,2,No,Typical equipment used by a animal hospital business.
E02675,B0383,Pet Vaccination Center,Pet,Veterinary,Grooming table,Essential Equipment,1,Yes,Typical equipment used by a pet vaccination center business.
E02676,B0383,Pet Vaccination Center,Pet,Veterinary,Pet clippers,Essential Equipment,1,Yes,Typical equipment used by a pet vaccination center business.
E02677,B0383,Pet Vaccination Center,Pet,Veterinary,Animal examination table,Essential Equipment,1,Yes,Typical equipment used by a pet vaccination center business.
E02678,B0383,Pet Vaccination Center,Pet,Veterinary,Pet scale,Essential Equipment,1,Yes,Typical equipment used by a pet vaccination center business.
E02679,B0383,Pet Vaccination Center,Pet,Veterinary,Kennel/cage system,Essential Equipment,1,Yes,Typical equipment used by a pet vaccination center business.
E02680,B0383,Pet Vaccination Center,Pet,Veterinary,Sterilizer,Optional Equipment,1,No,Typical equipment used by a pet vaccination center business.
E02681,B0383,Pet Vaccination Center,Pet,Veterinary,Refrigerator,Optional Equipment,2,No,Typical equipment used by a pet vaccination center business.
E02682,B0383,Pet Vaccination Center,Pet,Veterinary,POS terminal,Optional Equipment,1,No,Typical equipment used by a pet vaccination center business.
E02683,B0384,Veterinary Diagnostics Center,Pet,Veterinary,Grooming table,Essential Equipment,1,Yes,Typical equipment used by a veterinary diagnostics center business.
E02684,B0384,Veterinary Diagnostics Center,Pet,Veterinary,Pet clippers,Essential Equipment,1,Yes,Typical equipment used by a veterinary diagnostics center business.
E02685,B0384,Veterinary Diagnostics Center,Pet,Veterinary,Animal examination table,Essential Equipment,1,Yes,Typical equipment used by a veterinary diagnostics center business.
E02686,B0384,Veterinary Diagnostics Center,Pet,Veterinary,Pet scale,Essential Equipment,1,Yes,Typical equipment used by a veterinary diagnostics center business.
E02687,B0384,Veterinary Diagnostics Center,Pet,Veterinary,Kennel/cage system,Essential Equipment,1,Yes,Typical equipment used by a veterinary diagnostics center business.
E02688,B0384,Veterinary Diagnostics Center,Pet,Veterinary,Sterilizer,Optional Equipment,1,No,Typical equipment used by a veterinary diagnostics center business.
E02689,B0385,Mobile Veterinary Service,Pet,Veterinary,Grooming table,Essential Equipment,1,Yes,Typical equipment used by a mobile veterinary service business.
E02690,B0385,Mobile Veterinary Service,Pet,Veterinary,Pet clippers,Essential Equipment,1,Yes,Typical equipment used by a mobile veterinary service business.
E02691,B0385,Mobile Veterinary Service,Pet,Veterinary,Animal examination table,Essential Equipment,1,Yes,Typical equipment used by a mobile veterinary service business.
E02692,B0385,Mobile Veterinary Service,Pet,Veterinary,Pet scale,Essential Equipment,1,Yes,Typical equipment used by a mobile veterinary service business.
E02693,B0385,Mobile Veterinary Service,Pet,Veterinary,Kennel/cage system,Essential Equipment,1,Yes,Typical equipment used by a mobile veterinary service business.
E02694,B0385,Mobile Veterinary Service,Pet,Veterinary,Sterilizer,Optional Equipment,1,No,Typical equipment used by a mobile veterinary service business.
E02695,B0385,Mobile Veterinary Service,Pet,Veterinary,Refrigerator,Optional Equipment,2,No,Typical equipment used by a mobile veterinary service business.
E02696,B0386,Pet Grooming Salon,Pet,Grooming,Grooming table,Essential Equipment,1,Yes,Typical equipment used by a pet grooming salon business.
E02697,B0386,Pet Grooming Salon,Pet,Grooming,Pet clippers,Essential Equipment,1,Yes,Typical equipment used by a pet grooming salon business.
E02698,B0386,Pet Grooming Salon,Pet,Grooming,Animal examination table,Essential Equipment,1,Yes,Typical equipment used by a pet grooming salon business.
E02699,B0386,Pet Grooming Salon,Pet,Grooming,Pet scale,Essential Equipment,1,Yes,Typical equipment used by a pet grooming salon business.
E02700,B0386,Pet Grooming Salon,Pet,Grooming,Kennel/cage system,Essential Equipment,1,Yes,Typical equipment used by a pet grooming salon business.
E02701,B0386,Pet Grooming Salon,Pet,Grooming,Sterilizer,Optional Equipment,1,No,Typical equipment used by a pet grooming salon business.
E02702,B0386,Pet Grooming Salon,Pet,Grooming,Refrigerator,Optional Equipment,2,No,Typical equipment used by a pet grooming salon business.
E02703,B0386,Pet Grooming Salon,Pet,Grooming,POS terminal,Optional Equipment,1,No,Typical equipment used by a pet grooming salon business.
E02704,B0387,Mobile Pet Grooming,Pet,Grooming,Grooming table,Essential Equipment,1,Yes,Typical equipment used by a mobile pet grooming business.
E02705,B0387,Mobile Pet Grooming,Pet,Grooming,Pet clippers,Essential Equipment,1,Yes,Typical equipment used by a mobile pet grooming business.
E02706,B0387,Mobile Pet Grooming,Pet,Grooming,Animal examination table,Essential Equipment,1,Yes,Typical equipment used by a mobile pet grooming business.
E02707,B0387,Mobile Pet Grooming,Pet,Grooming,Pet scale,Essential Equipment,1,Yes,Typical equipment used by a mobile pet grooming business.
E02708,B0387,Mobile Pet Grooming,Pet,Grooming,Kennel/cage system,Essential Equipment,1,Yes,Typical equipment used by a mobile pet grooming business.
E02709,B0387,Mobile Pet Grooming,Pet,Grooming,Sterilizer,Optional Equipment,1,No,Typical equipment used by a mobile pet grooming business.
E02710,B0388,Dog Grooming Studio,Pet,Grooming,Grooming table,Essential Equipment,1,Yes,Typical equipment used by a dog grooming studio business.
E02711,B0388,Dog Grooming Studio,Pet,Grooming,Pet clippers,Essential Equipment,1,Yes,Typical equipment used by a dog grooming studio business.
E02712,B0388,Dog Grooming Studio,Pet,Grooming,Animal examination table,Essential Equipment,1,Yes,Typical equipment used by a dog grooming studio business.
E02713,B0388,Dog Grooming Studio,Pet,Grooming,Pet scale,Essential Equipment,1,Yes,Typical equipment used by a dog grooming studio business.
E02714,B0388,Dog Grooming Studio,Pet,Grooming,Kennel/cage system,Essential Equipment,1,Yes,Typical equipment used by a dog grooming studio business.
E02715,B0388,Dog Grooming Studio,Pet,Grooming,Sterilizer,Optional Equipment,1,No,Typical equipment used by a dog grooming studio business.
E02716,B0388,Dog Grooming Studio,Pet,Grooming,Refrigerator,Optional Equipment,2,No,Typical equipment used by a dog grooming studio business.
E02717,B0389,Cat Grooming Studio,Pet,Grooming,Grooming table,Essential Equipment,1,Yes,Typical equipment used by a cat grooming studio business.
E02718,B0389,Cat Grooming Studio,Pet,Grooming,Pet clippers,Essential Equipment,1,Yes,Typical equipment used by a cat grooming studio business.
E02719,B0389,Cat Grooming Studio,Pet,Grooming,Animal examination table,Essential Equipment,1,Yes,Typical equipment used by a cat grooming studio business.
E02720,B0389,Cat Grooming Studio,Pet,Grooming,Pet scale,Essential Equipment,1,Yes,Typical equipment used by a cat grooming studio business.
E02721,B0389,Cat Grooming Studio,Pet,Grooming,Kennel/cage system,Essential Equipment,1,Yes,Typical equipment used by a cat grooming studio business.
E02722,B0389,Cat Grooming Studio,Pet,Grooming,Sterilizer,Optional Equipment,1,No,Typical equipment used by a cat grooming studio business.
E02723,B0389,Cat Grooming Studio,Pet,Grooming,Refrigerator,Optional Equipment,2,No,Typical equipment used by a cat grooming studio business.
E02724,B0389,Cat Grooming Studio,Pet,Grooming,POS terminal,Optional Equipment,1,No,Typical equipment used by a cat grooming studio business.
E02725,B0390,Pet Spa,Pet,Grooming,Grooming table,Essential Equipment,1,Yes,Typical equipment used by a pet spa business.
E02726,B0390,Pet Spa,Pet,Grooming,Pet clippers,Essential Equipment,1,Yes,Typical equipment used by a pet spa business.
E02727,B0390,Pet Spa,Pet,Grooming,Animal examination table,Essential Equipment,1,Yes,Typical equipment used by a pet spa business.
E02728,B0390,Pet Spa,Pet,Grooming,Pet scale,Essential Equipment,1,Yes,Typical equipment used by a pet spa business.
E02729,B0390,Pet Spa,Pet,Grooming,Kennel/cage system,Essential Equipment,1,Yes,Typical equipment used by a pet spa business.
E02730,B0390,Pet Spa,Pet,Grooming,Sterilizer,Optional Equipment,1,No,Typical equipment used by a pet spa business.
E02731,B0391,Pet Food Brand,Pet,Pet Food,Grooming table,Essential Equipment,1,Yes,Typical equipment used by a pet food brand business.
E02732,B0391,Pet Food Brand,Pet,Pet Food,Pet clippers,Essential Equipment,1,Yes,Typical equipment used by a pet food brand business.
E02733,B0391,Pet Food Brand,Pet,Pet Food,Animal examination table,Essential Equipment,1,Yes,Typical equipment used by a pet food brand business.
E02734,B0391,Pet Food Brand,Pet,Pet Food,Pet scale,Essential Equipment,1,Yes,Typical equipment used by a pet food brand business.
E02735,B0391,Pet Food Brand,Pet,Pet Food,Kennel/cage system,Essential Equipment,1,Yes,Typical equipment used by a pet food brand business.
E02736,B0391,Pet Food Brand,Pet,Pet Food,Sterilizer,Optional Equipment,1,No,Typical equipment used by a pet food brand business.
E02737,B0391,Pet Food Brand,Pet,Pet Food,Refrigerator,Optional Equipment,2,No,Typical equipment used by a pet food brand business.
E02738,B0392,Pet Treats Manufacturer,Pet,Pet Food,Grooming table,Essential Equipment,1,Yes,Typical equipment used by a pet treats manufacturer business.
E02739,B0392,Pet Treats Manufacturer,Pet,Pet Food,Pet clippers,Essential Equipment,1,Yes,Typical equipment used by a pet treats manufacturer business.
E02740,B0392,Pet Treats Manufacturer,Pet,Pet Food,Animal examination table,Essential Equipment,1,Yes,Typical equipment used by a pet treats manufacturer business.
E02741,B0392,Pet Treats Manufacturer,Pet,Pet Food,Pet scale,Essential Equipment,1,Yes,Typical equipment used by a pet treats manufacturer business.
E02742,B0392,Pet Treats Manufacturer,Pet,Pet Food,Kennel/cage system,Essential Equipment,1,Yes,Typical equipment used by a pet treats manufacturer business.
E02743,B0392,Pet Treats Manufacturer,Pet,Pet Food,Sterilizer,Optional Equipment,1,No,Typical equipment used by a pet treats manufacturer business.
E02744,B0392,Pet Treats Manufacturer,Pet,Pet Food,Refrigerator,Optional Equipment,2,No,Typical equipment used by a pet treats manufacturer business.
E02745,B0392,Pet Treats Manufacturer,Pet,Pet Food,POS terminal,Optional Equipment,1,No,Typical equipment used by a pet treats manufacturer business.
E02746,B0393,Raw Pet Food Business,Pet,Pet Food,Grooming table,Essential Equipment,1,Yes,Typical equipment used by a raw pet food business business.
E02747,B0393,Raw Pet Food Business,Pet,Pet Food,Pet clippers,Essential Equipment,1,Yes,Typical equipment used by a raw pet food business business.
E02748,B0393,Raw Pet Food Business,Pet,Pet Food,Animal examination table,Essential Equipment,1,Yes,Typical equipment used by a raw pet food business business.
E02749,B0393,Raw Pet Food Business,Pet,Pet Food,Pet scale,Essential Equipment,1,Yes,Typical equipment used by a raw pet food business business.
E02750,B0393,Raw Pet Food Business,Pet,Pet Food,Kennel/cage system,Essential Equipment,1,Yes,Typical equipment used by a raw pet food business business.
E02751,B0393,Raw Pet Food Business,Pet,Pet Food,Sterilizer,Optional Equipment,1,No,Typical equipment used by a raw pet food business business.
E02752,B0394,Pet Nutrition Service,Pet,Pet Food,Grooming table,Essential Equipment,1,Yes,Typical equipment used by a pet nutrition service business.
E02753,B0394,Pet Nutrition Service,Pet,Pet Food,Pet clippers,Essential Equipment,1,Yes,Typical equipment used by a pet nutrition service business.
E02754,B0394,Pet Nutrition Service,Pet,Pet Food,Animal examination table,Essential Equipment,1,Yes,Typical equipment used by a pet nutrition service business.
E02755,B0394,Pet Nutrition Service,Pet,Pet Food,Pet scale,Essential Equipment,1,Yes,Typical equipment used by a pet nutrition service business.
E02756,B0394,Pet Nutrition Service,Pet,Pet Food,Kennel/cage system,Essential Equipment,1,Yes,Typical equipment used by a pet nutrition service business.
E02757,B0394,Pet Nutrition Service,Pet,Pet Food,Sterilizer,Optional Equipment,1,No,Typical equipment used by a pet nutrition service business.
E02758,B0394,Pet Nutrition Service,Pet,Pet Food,Refrigerator,Optional Equipment,2,No,Typical equipment used by a pet nutrition service business.
E02759,B0395,Pet Food Distributor,Pet,Pet Food,Grooming table,Essential Equipment,1,Yes,Typical equipment used by a pet food distributor business.
E02760,B0395,Pet Food Distributor,Pet,Pet Food,Pet clippers,Essential Equipment,1,Yes,Typical equipment used by a pet food distributor business.
E02761,B0395,Pet Food Distributor,Pet,Pet Food,Animal examination table,Essential Equipment,1,Yes,Typical equipment used by a pet food distributor business.
E02762,B0395,Pet Food Distributor,Pet,Pet Food,Pet scale,Essential Equipment,1,Yes,Typical equipment used by a pet food distributor business.
E02763,B0395,Pet Food Distributor,Pet,Pet Food,Kennel/cage system,Essential Equipment,1,Yes,Typical equipment used by a pet food distributor business.
E02764,B0395,Pet Food Distributor,Pet,Pet Food,Sterilizer,Optional Equipment,1,No,Typical equipment used by a pet food distributor business.
E02765,B0395,Pet Food Distributor,Pet,Pet Food,Refrigerator,Optional Equipment,2,No,Typical equipment used by a pet food distributor business.
E02766,B0395,Pet Food Distributor,Pet,Pet Food,POS terminal,Optional Equipment,1,No,Typical equipment used by a pet food distributor business.
E02767,B0396,Pet Boarding Center,Pet,Pet Boarding,Grooming table,Essential Equipment,1,Yes,Typical equipment used by a pet boarding center business.
E02768,B0396,Pet Boarding Center,Pet,Pet Boarding,Pet clippers,Essential Equipment,1,Yes,Typical equipment used by a pet boarding center business.
E02769,B0396,Pet Boarding Center,Pet,Pet Boarding,Animal examination table,Essential Equipment,1,Yes,Typical equipment used by a pet boarding center business.
E02770,B0396,Pet Boarding Center,Pet,Pet Boarding,Pet scale,Essential Equipment,1,Yes,Typical equipment used by a pet boarding center business.
E02771,B0396,Pet Boarding Center,Pet,Pet Boarding,Kennel/cage system,Essential Equipment,1,Yes,Typical equipment used by a pet boarding center business.
E02772,B0396,Pet Boarding Center,Pet,Pet Boarding,Sterilizer,Optional Equipment,1,No,Typical equipment used by a pet boarding center business.
E02773,B0397,Dog Daycare,Pet,Pet Boarding,Grooming table,Essential Equipment,1,Yes,Typical equipment used by a dog daycare business.
E02774,B0397,Dog Daycare,Pet,Pet Boarding,Pet clippers,Essential Equipment,1,Yes,Typical equipment used by a dog daycare business.
E02775,B0397,Dog Daycare,Pet,Pet Boarding,Animal examination table,Essential Equipment,1,Yes,Typical equipment used by a dog daycare business.
E02776,B0397,Dog Daycare,Pet,Pet Boarding,Pet scale,Essential Equipment,1,Yes,Typical equipment used by a dog daycare business.
E02777,B0397,Dog Daycare,Pet,Pet Boarding,Kennel/cage system,Essential Equipment,1,Yes,Typical equipment used by a dog daycare business.
E02778,B0397,Dog Daycare,Pet,Pet Boarding,Sterilizer,Optional Equipment,1,No,Typical equipment used by a dog daycare business.
E02779,B0397,Dog Daycare,Pet,Pet Boarding,Refrigerator,Optional Equipment,2,No,Typical equipment used by a dog daycare business.
E02780,B0398,Cat Boarding Center,Pet,Pet Boarding,Grooming table,Essential Equipment,1,Yes,Typical equipment used by a cat boarding center business.
E02781,B0398,Cat Boarding Center,Pet,Pet Boarding,Pet clippers,Essential Equipment,1,Yes,Typical equipment used by a cat boarding center business.
E02782,B0398,Cat Boarding Center,Pet,Pet Boarding,Animal examination table,Essential Equipment,1,Yes,Typical equipment used by a cat boarding center business.
E02783,B0398,Cat Boarding Center,Pet,Pet Boarding,Pet scale,Essential Equipment,1,Yes,Typical equipment used by a cat boarding center business.
E02784,B0398,Cat Boarding Center,Pet,Pet Boarding,Kennel/cage system,Essential Equipment,1,Yes,Typical equipment used by a cat boarding center business.
E02785,B0398,Cat Boarding Center,Pet,Pet Boarding,Sterilizer,Optional Equipment,1,No,Typical equipment used by a cat boarding center business.
E02786,B0398,Cat Boarding Center,Pet,Pet Boarding,Refrigerator,Optional Equipment,2,No,Typical equipment used by a cat boarding center business.
E02787,B0398,Cat Boarding Center,Pet,Pet Boarding,POS terminal,Optional Equipment,1,No,Typical equipment used by a cat boarding center business.
E02788,B0399,Pet Resort,Pet,Pet Boarding,Grooming table,Essential Equipment,1,Yes,Typical equipment used by a pet resort business.
E02789,B0399,Pet Resort,Pet,Pet Boarding,Pet clippers,Essential Equipment,1,Yes,Typical equipment used by a pet resort business.
E02790,B0399,Pet Resort,Pet,Pet Boarding,Animal examination table,Essential Equipment,1,Yes,Typical equipment used by a pet resort business.
E02791,B0399,Pet Resort,Pet,Pet Boarding,Pet scale,Essential Equipment,1,Yes,Typical equipment used by a pet resort business.
E02792,B0399,Pet Resort,Pet,Pet Boarding,Kennel/cage system,Essential Equipment,1,Yes,Typical equipment used by a pet resort business.
E02793,B0399,Pet Resort,Pet,Pet Boarding,Sterilizer,Optional Equipment,1,No,Typical equipment used by a pet resort business.
E02794,B0400,Pet Sitting Service,Pet,Pet Boarding,Grooming table,Essential Equipment,1,Yes,Typical equipment used by a pet sitting service business.
E02795,B0400,Pet Sitting Service,Pet,Pet Boarding,Pet clippers,Essential Equipment,1,Yes,Typical equipment used by a pet sitting service business.
E02796,B0400,Pet Sitting Service,Pet,Pet Boarding,Animal examination table,Essential Equipment,1,Yes,Typical equipment used by a pet sitting service business.
E02797,B0400,Pet Sitting Service,Pet,Pet Boarding,Pet scale,Essential Equipment,1,Yes,Typical equipment used by a pet sitting service business.
E02798,B0400,Pet Sitting Service,Pet,Pet Boarding,Kennel/cage system,Essential Equipment,1,Yes,Typical equipment used by a pet sitting service business.
E02799,B0400,Pet Sitting Service,Pet,Pet Boarding,Sterilizer,Optional Equipment,1,No,Typical equipment used by a pet sitting service business.
E02800,B0400,Pet Sitting Service,Pet,Pet Boarding,Refrigerator,Optional Equipment,2,No,Typical equipment used by a pet sitting service business.
E02801,B0401,Business Consulting Firm,Professional Services,Consulting,Business laptops,Essential Equipment,1,Yes,Typical equipment used by a business consulting firm business.
E02802,B0401,Business Consulting Firm,Professional Services,Consulting,Multi-function printer,Essential Equipment,1,Yes,Typical equipment used by a business consulting firm business.
E02803,B0401,Business Consulting Firm,Professional Services,Consulting,Document scanner,Essential Equipment,1,Yes,Typical equipment used by a business consulting firm business.
E02804,B0401,Business Consulting Firm,Professional Services,Consulting,Conference display,Essential Equipment,1,Yes,Typical equipment used by a business consulting firm business.
E02805,B0401,Business Consulting Firm,Professional Services,Consulting,Wi-Fi router,Essential Equipment,1,Yes,Typical equipment used by a business consulting firm business.
E02806,B0401,Business Consulting Firm,Professional Services,Consulting,UPS,Optional Equipment,1,No,Typical equipment used by a business consulting firm business.
E02807,B0401,Business Consulting Firm,Professional Services,Consulting,CCTV system,Optional Equipment,2,No,Typical equipment used by a business consulting firm business.
E02808,B0401,Business Consulting Firm,Professional Services,Consulting,Secure storage cabinet,Optional Equipment,1,No,Typical equipment used by a business consulting firm business.
E02809,B0402,IT Consulting Firm,Professional Services,Consulting,Business laptops,Essential Equipment,1,Yes,Typical equipment used by a it consulting firm business.
E02810,B0402,IT Consulting Firm,Professional Services,Consulting,Multi-function printer,Essential Equipment,1,Yes,Typical equipment used by a it consulting firm business.
E02811,B0402,IT Consulting Firm,Professional Services,Consulting,Document scanner,Essential Equipment,1,Yes,Typical equipment used by a it consulting firm business.
E02812,B0402,IT Consulting Firm,Professional Services,Consulting,Conference display,Essential Equipment,1,Yes,Typical equipment used by a it consulting firm business.
E02813,B0402,IT Consulting Firm,Professional Services,Consulting,Wi-Fi router,Essential Equipment,1,Yes,Typical equipment used by a it consulting firm business.
E02814,B0402,IT Consulting Firm,Professional Services,Consulting,UPS,Optional Equipment,1,No,Typical equipment used by a it consulting firm business.
E02815,B0403,Management Consulting Firm,Professional Services,Consulting,Business laptops,Essential Equipment,1,Yes,Typical equipment used by a management consulting firm business.
E02816,B0403,Management Consulting Firm,Professional Services,Consulting,Multi-function printer,Essential Equipment,1,Yes,Typical equipment used by a management consulting firm business.
E02817,B0403,Management Consulting Firm,Professional Services,Consulting,Document scanner,Essential Equipment,1,Yes,Typical equipment used by a management consulting firm business.
E02818,B0403,Management Consulting Firm,Professional Services,Consulting,Conference display,Essential Equipment,1,Yes,Typical equipment used by a management consulting firm business.
E02819,B0403,Management Consulting Firm,Professional Services,Consulting,Wi-Fi router,Essential Equipment,1,Yes,Typical equipment used by a management consulting firm business.
E02820,B0403,Management Consulting Firm,Professional Services,Consulting,UPS,Optional Equipment,1,No,Typical equipment used by a management consulting firm business.
E02821,B0403,Management Consulting Firm,Professional Services,Consulting,CCTV system,Optional Equipment,2,No,Typical equipment used by a management consulting firm business.
E02822,B0404,Strategy Consulting Firm,Professional Services,Consulting,Business laptops,Essential Equipment,1,Yes,Typical equipment used by a strategy consulting firm business.
E02823,B0404,Strategy Consulting Firm,Professional Services,Consulting,Multi-function printer,Essential Equipment,1,Yes,Typical equipment used by a strategy consulting firm business.
E02824,B0404,Strategy Consulting Firm,Professional Services,Consulting,Document scanner,Essential Equipment,1,Yes,Typical equipment used by a strategy consulting firm business.
E02825,B0404,Strategy Consulting Firm,Professional Services,Consulting,Conference display,Essential Equipment,1,Yes,Typical equipment used by a strategy consulting firm business.
E02826,B0404,Strategy Consulting Firm,Professional Services,Consulting,Wi-Fi router,Essential Equipment,1,Yes,Typical equipment used by a strategy consulting firm business.
E02827,B0404,Strategy Consulting Firm,Professional Services,Consulting,UPS,Optional Equipment,1,No,Typical equipment used by a strategy consulting firm business.
E02828,B0404,Strategy Consulting Firm,Professional Services,Consulting,CCTV system,Optional Equipment,2,No,Typical equipment used by a strategy consulting firm business.
E02829,B0404,Strategy Consulting Firm,Professional Services,Consulting,Secure storage cabinet,Optional Equipment,1,No,Typical equipment used by a strategy consulting firm business.
E02830,B0405,Operations Consulting Firm,Professional Services,Consulting,Business laptops,Essential Equipment,1,Yes,Typical equipment used by a operations consulting firm business.
E02831,B0405,Operations Consulting Firm,Professional Services,Consulting,Multi-function printer,Essential Equipment,1,Yes,Typical equipment used by a operations consulting firm business.
E02832,B0405,Operations Consulting Firm,Professional Services,Consulting,Document scanner,Essential Equipment,1,Yes,Typical equipment used by a operations consulting firm business.
E02833,B0405,Operations Consulting Firm,Professional Services,Consulting,Conference display,Essential Equipment,1,Yes,Typical equipment used by a operations consulting firm business.
E02834,B0405,Operations Consulting Firm,Professional Services,Consulting,Wi-Fi router,Essential Equipment,1,Yes,Typical equipment used by a operations consulting firm business.
E02835,B0405,Operations Consulting Firm,Professional Services,Consulting,UPS,Optional Equipment,1,No,Typical equipment used by a operations consulting firm business.
E02836,B0406,Law Firm,Professional Services,Legal,Business laptops,Essential Equipment,1,Yes,Typical equipment used by a law firm business.
E02837,B0406,Law Firm,Professional Services,Legal,Multi-function printer,Essential Equipment,1,Yes,Typical equipment used by a law firm business.
E02838,B0406,Law Firm,Professional Services,Legal,Document scanner,Essential Equipment,1,Yes,Typical equipment used by a law firm business.
E02839,B0406,Law Firm,Professional Services,Legal,Conference display,Essential Equipment,1,Yes,Typical equipment used by a law firm business.
E02840,B0406,Law Firm,Professional Services,Legal,Wi-Fi router,Essential Equipment,1,Yes,Typical equipment used by a law firm business.
E02841,B0406,Law Firm,Professional Services,Legal,UPS,Optional Equipment,1,No,Typical equipment used by a law firm business.
E02842,B0406,Law Firm,Professional Services,Legal,CCTV system,Optional Equipment,2,No,Typical equipment used by a law firm business.
E02843,B0407,Legal Consultancy,Professional Services,Legal,Business laptops,Essential Equipment,1,Yes,Typical equipment used by a legal consultancy business.
E02844,B0407,Legal Consultancy,Professional Services,Legal,Multi-function printer,Essential Equipment,1,Yes,Typical equipment used by a legal consultancy business.
E02845,B0407,Legal Consultancy,Professional Services,Legal,Document scanner,Essential Equipment,1,Yes,Typical equipment used by a legal consultancy business.
E02846,B0407,Legal Consultancy,Professional Services,Legal,Conference display,Essential Equipment,1,Yes,Typical equipment used by a legal consultancy business.
E02847,B0407,Legal Consultancy,Professional Services,Legal,Wi-Fi router,Essential Equipment,1,Yes,Typical equipment used by a legal consultancy business.
E02848,B0407,Legal Consultancy,Professional Services,Legal,UPS,Optional Equipment,1,No,Typical equipment used by a legal consultancy business.
E02849,B0407,Legal Consultancy,Professional Services,Legal,CCTV system,Optional Equipment,2,No,Typical equipment used by a legal consultancy business.
E02850,B0407,Legal Consultancy,Professional Services,Legal,Secure storage cabinet,Optional Equipment,1,No,Typical equipment used by a legal consultancy business.
E02851,B0408,Corporate Legal Service,Professional Services,Legal,Business laptops,Essential Equipment,1,Yes,Typical equipment used by a corporate legal service business.
E02852,B0408,Corporate Legal Service,Professional Services,Legal,Multi-function printer,Essential Equipment,1,Yes,Typical equipment used by a corporate legal service business.
E02853,B0408,Corporate Legal Service,Professional Services,Legal,Document scanner,Essential Equipment,1,Yes,Typical equipment used by a corporate legal service business.
E02854,B0408,Corporate Legal Service,Professional Services,Legal,Conference display,Essential Equipment,1,Yes,Typical equipment used by a corporate legal service business.
E02855,B0408,Corporate Legal Service,Professional Services,Legal,Wi-Fi router,Essential Equipment,1,Yes,Typical equipment used by a corporate legal service business.
E02856,B0408,Corporate Legal Service,Professional Services,Legal,UPS,Optional Equipment,1,No,Typical equipment used by a corporate legal service business.
E02857,B0409,Property Legal Consultancy,Professional Services,Legal,Business laptops,Essential Equipment,1,Yes,Typical equipment used by a property legal consultancy business.
E02858,B0409,Property Legal Consultancy,Professional Services,Legal,Multi-function printer,Essential Equipment,1,Yes,Typical equipment used by a property legal consultancy business.
E02859,B0409,Property Legal Consultancy,Professional Services,Legal,Document scanner,Essential Equipment,1,Yes,Typical equipment used by a property legal consultancy business.
E02860,B0409,Property Legal Consultancy,Professional Services,Legal,Conference display,Essential Equipment,1,Yes,Typical equipment used by a property legal consultancy business.
E02861,B0409,Property Legal Consultancy,Professional Services,Legal,Wi-Fi router,Essential Equipment,1,Yes,Typical equipment used by a property legal consultancy business.
E02862,B0409,Property Legal Consultancy,Professional Services,Legal,UPS,Optional Equipment,1,No,Typical equipment used by a property legal consultancy business.
E02863,B0409,Property Legal Consultancy,Professional Services,Legal,CCTV system,Optional Equipment,2,No,Typical equipment used by a property legal consultancy business.
E02864,B0410,Legal Documentation Service,Professional Services,Legal,Business laptops,Essential Equipment,1,Yes,Typical equipment used by a legal documentation service business.
E02865,B0410,Legal Documentation Service,Professional Services,Legal,Multi-function printer,Essential Equipment,1,Yes,Typical equipment used by a legal documentation service business.
E02866,B0410,Legal Documentation Service,Professional Services,Legal,Document scanner,Essential Equipment,1,Yes,Typical equipment used by a legal documentation service business.
E02867,B0410,Legal Documentation Service,Professional Services,Legal,Conference display,Essential Equipment,1,Yes,Typical equipment used by a legal documentation service business.
E02868,B0410,Legal Documentation Service,Professional Services,Legal,Wi-Fi router,Essential Equipment,1,Yes,Typical equipment used by a legal documentation service business.
E02869,B0410,Legal Documentation Service,Professional Services,Legal,UPS,Optional Equipment,1,No,Typical equipment used by a legal documentation service business.
E02870,B0410,Legal Documentation Service,Professional Services,Legal,CCTV system,Optional Equipment,2,No,Typical equipment used by a legal documentation service business.
E02871,B0410,Legal Documentation Service,Professional Services,Legal,Secure storage cabinet,Optional Equipment,1,No,Typical equipment used by a legal documentation service business.
E02872,B0411,HR Consultancy,Professional Services,HR,Business laptops,Essential Equipment,1,Yes,Typical equipment used by a hr consultancy business.
E02873,B0411,HR Consultancy,Professional Services,HR,Multi-function printer,Essential Equipment,1,Yes,Typical equipment used by a hr consultancy business.
E02874,B0411,HR Consultancy,Professional Services,HR,Document scanner,Essential Equipment,1,Yes,Typical equipment used by a hr consultancy business.
E02875,B0411,HR Consultancy,Professional Services,HR,Conference display,Essential Equipment,1,Yes,Typical equipment used by a hr consultancy business.
E02876,B0411,HR Consultancy,Professional Services,HR,Wi-Fi router,Essential Equipment,1,Yes,Typical equipment used by a hr consultancy business.
E02877,B0411,HR Consultancy,Professional Services,HR,UPS,Optional Equipment,1,No,Typical equipment used by a hr consultancy business.
E02878,B0412,Recruitment Agency,Professional Services,HR,Business laptops,Essential Equipment,1,Yes,Typical equipment used by a recruitment agency business.
E02879,B0412,Recruitment Agency,Professional Services,HR,Multi-function printer,Essential Equipment,1,Yes,Typical equipment used by a recruitment agency business.
E02880,B0412,Recruitment Agency,Professional Services,HR,Document scanner,Essential Equipment,1,Yes,Typical equipment used by a recruitment agency business.
E02881,B0412,Recruitment Agency,Professional Services,HR,Conference display,Essential Equipment,1,Yes,Typical equipment used by a recruitment agency business.
E02882,B0412,Recruitment Agency,Professional Services,HR,Wi-Fi router,Essential Equipment,1,Yes,Typical equipment used by a recruitment agency business.
E02883,B0412,Recruitment Agency,Professional Services,HR,UPS,Optional Equipment,1,No,Typical equipment used by a recruitment agency business.
E02884,B0412,Recruitment Agency,Professional Services,HR,CCTV system,Optional Equipment,2,No,Typical equipment used by a recruitment agency business.
E02885,B0413,Payroll Consultancy,Professional Services,HR,Business laptops,Essential Equipment,1,Yes,Typical equipment used by a payroll consultancy business.
E02886,B0413,Payroll Consultancy,Professional Services,HR,Multi-function printer,Essential Equipment,1,Yes,Typical equipment used by a payroll consultancy business.
E02887,B0413,Payroll Consultancy,Professional Services,HR,Document scanner,Essential Equipment,1,Yes,Typical equipment used by a payroll consultancy business.
E02888,B0413,Payroll Consultancy,Professional Services,HR,Conference display,Essential Equipment,1,Yes,Typical equipment used by a payroll consultancy business.
E02889,B0413,Payroll Consultancy,Professional Services,HR,Wi-Fi router,Essential Equipment,1,Yes,Typical equipment used by a payroll consultancy business.
E02890,B0413,Payroll Consultancy,Professional Services,HR,UPS,Optional Equipment,1,No,Typical equipment used by a payroll consultancy business.
E02891,B0413,Payroll Consultancy,Professional Services,HR,CCTV system,Optional Equipment,2,No,Typical equipment used by a payroll consultancy business.
E02892,B0413,Payroll Consultancy,Professional Services,HR,Secure storage cabinet,Optional Equipment,1,No,Typical equipment used by a payroll consultancy business.
E02893,B0414,Talent Management Firm,Professional Services,HR,Business laptops,Essential Equipment,1,Yes,Typical equipment used by a talent management firm business.
E02894,B0414,Talent Management Firm,Professional Services,HR,Multi-function printer,Essential Equipment,1,Yes,Typical equipment used by a talent management firm business.
E02895,B0414,Talent Management Firm,Professional Services,HR,Document scanner,Essential Equipment,1,Yes,Typical equipment used by a talent management firm business.
E02896,B0414,Talent Management Firm,Professional Services,HR,Conference display,Essential Equipment,1,Yes,Typical equipment used by a talent management firm business.
E02897,B0414,Talent Management Firm,Professional Services,HR,Wi-Fi router,Essential Equipment,1,Yes,Typical equipment used by a talent management firm business.
E02898,B0414,Talent Management Firm,Professional Services,HR,UPS,Optional Equipment,1,No,Typical equipment used by a talent management firm business.
E02899,B0415,HR Technology Service,Professional Services,HR,Business laptops,Essential Equipment,1,Yes,Typical equipment used by a hr technology service business.
E02900,B0415,HR Technology Service,Professional Services,HR,Multi-function printer,Essential Equipment,1,Yes,Typical equipment used by a hr technology service business.
E02901,B0415,HR Technology Service,Professional Services,HR,Document scanner,Essential Equipment,1,Yes,Typical equipment used by a hr technology service business.
E02902,B0415,HR Technology Service,Professional Services,HR,Conference display,Essential Equipment,1,Yes,Typical equipment used by a hr technology service business.
E02903,B0415,HR Technology Service,Professional Services,HR,Wi-Fi router,Essential Equipment,1,Yes,Typical equipment used by a hr technology service business.
E02904,B0415,HR Technology Service,Professional Services,HR,UPS,Optional Equipment,1,No,Typical equipment used by a hr technology service business.
E02905,B0415,HR Technology Service,Professional Services,HR,CCTV system,Optional Equipment,2,No,Typical equipment used by a hr technology service business.
E02906,B0416,Digital Marketing Agency,Professional Services,Marketing,Business laptops,Essential Equipment,1,Yes,Typical equipment used by a digital marketing agency business.
E02907,B0416,Digital Marketing Agency,Professional Services,Marketing,Multi-function printer,Essential Equipment,1,Yes,Typical equipment used by a digital marketing agency business.
E02908,B0416,Digital Marketing Agency,Professional Services,Marketing,Document scanner,Essential Equipment,1,Yes,Typical equipment used by a digital marketing agency business.
E02909,B0416,Digital Marketing Agency,Professional Services,Marketing,Conference display,Essential Equipment,1,Yes,Typical equipment used by a digital marketing agency business.
E02910,B0416,Digital Marketing Agency,Professional Services,Marketing,Wi-Fi router,Essential Equipment,1,Yes,Typical equipment used by a digital marketing agency business.
E02911,B0416,Digital Marketing Agency,Professional Services,Marketing,UPS,Optional Equipment,1,No,Typical equipment used by a digital marketing agency business.
E02912,B0416,Digital Marketing Agency,Professional Services,Marketing,CCTV system,Optional Equipment,2,No,Typical equipment used by a digital marketing agency business.
E02913,B0416,Digital Marketing Agency,Professional Services,Marketing,Secure storage cabinet,Optional Equipment,1,No,Typical equipment used by a digital marketing agency business.
E02914,B0417,Branding Agency,Professional Services,Marketing,Business laptops,Essential Equipment,1,Yes,Typical equipment used by a branding agency business.
E02915,B0417,Branding Agency,Professional Services,Marketing,Multi-function printer,Essential Equipment,1,Yes,Typical equipment used by a branding agency business.
E02916,B0417,Branding Agency,Professional Services,Marketing,Document scanner,Essential Equipment,1,Yes,Typical equipment used by a branding agency business.
E02917,B0417,Branding Agency,Professional Services,Marketing,Conference display,Essential Equipment,1,Yes,Typical equipment used by a branding agency business.
E02918,B0417,Branding Agency,Professional Services,Marketing,Wi-Fi router,Essential Equipment,1,Yes,Typical equipment used by a branding agency business.
E02919,B0417,Branding Agency,Professional Services,Marketing,UPS,Optional Equipment,1,No,Typical equipment used by a branding agency business.
E02920,B0418,Social Media Agency,Professional Services,Marketing,Business laptops,Essential Equipment,1,Yes,Typical equipment used by a social media agency business.
E02921,B0418,Social Media Agency,Professional Services,Marketing,Multi-function printer,Essential Equipment,1,Yes,Typical equipment used by a social media agency business.
E02922,B0418,Social Media Agency,Professional Services,Marketing,Document scanner,Essential Equipment,1,Yes,Typical equipment used by a social media agency business.
E02923,B0418,Social Media Agency,Professional Services,Marketing,Conference display,Essential Equipment,1,Yes,Typical equipment used by a social media agency business.
E02924,B0418,Social Media Agency,Professional Services,Marketing,Wi-Fi router,Essential Equipment,1,Yes,Typical equipment used by a social media agency business.
E02925,B0418,Social Media Agency,Professional Services,Marketing,UPS,Optional Equipment,1,No,Typical equipment used by a social media agency business.
E02926,B0418,Social Media Agency,Professional Services,Marketing,CCTV system,Optional Equipment,2,No,Typical equipment used by a social media agency business.
E02927,B0419,SEO Agency,Professional Services,Marketing,Business laptops,Essential Equipment,1,Yes,Typical equipment used by a seo agency business.
E02928,B0419,SEO Agency,Professional Services,Marketing,Multi-function printer,Essential Equipment,1,Yes,Typical equipment used by a seo agency business.
E02929,B0419,SEO Agency,Professional Services,Marketing,Document scanner,Essential Equipment,1,Yes,Typical equipment used by a seo agency business.
E02930,B0419,SEO Agency,Professional Services,Marketing,Conference display,Essential Equipment,1,Yes,Typical equipment used by a seo agency business.
E02931,B0419,SEO Agency,Professional Services,Marketing,Wi-Fi router,Essential Equipment,1,Yes,Typical equipment used by a seo agency business.
E02932,B0419,SEO Agency,Professional Services,Marketing,UPS,Optional Equipment,1,No,Typical equipment used by a seo agency business.
E02933,B0419,SEO Agency,Professional Services,Marketing,CCTV system,Optional Equipment,2,No,Typical equipment used by a seo agency business.
E02934,B0419,SEO Agency,Professional Services,Marketing,Secure storage cabinet,Optional Equipment,1,No,Typical equipment used by a seo agency business.
E02935,B0420,Content Marketing Agency,Professional Services,Marketing,Business laptops,Essential Equipment,1,Yes,Typical equipment used by a content marketing agency business.
E02936,B0420,Content Marketing Agency,Professional Services,Marketing,Multi-function printer,Essential Equipment,1,Yes,Typical equipment used by a content marketing agency business.
E02937,B0420,Content Marketing Agency,Professional Services,Marketing,Document scanner,Essential Equipment,1,Yes,Typical equipment used by a content marketing agency business.
E02938,B0420,Content Marketing Agency,Professional Services,Marketing,Conference display,Essential Equipment,1,Yes,Typical equipment used by a content marketing agency business.
E02939,B0420,Content Marketing Agency,Professional Services,Marketing,Wi-Fi router,Essential Equipment,1,Yes,Typical equipment used by a content marketing agency business.
E02940,B0420,Content Marketing Agency,Professional Services,Marketing,UPS,Optional Equipment,1,No,Typical equipment used by a content marketing agency business.
E02941,B0421,Accounting Consultancy,Professional Services,Accounting,Business laptops,Essential Equipment,1,Yes,Typical equipment used by a accounting consultancy business.
E02942,B0421,Accounting Consultancy,Professional Services,Accounting,Multi-function printer,Essential Equipment,1,Yes,Typical equipment used by a accounting consultancy business.
E02943,B0421,Accounting Consultancy,Professional Services,Accounting,Document scanner,Essential Equipment,1,Yes,Typical equipment used by a accounting consultancy business.
E02944,B0421,Accounting Consultancy,Professional Services,Accounting,Conference display,Essential Equipment,1,Yes,Typical equipment used by a accounting consultancy business.
E02945,B0421,Accounting Consultancy,Professional Services,Accounting,Wi-Fi router,Essential Equipment,1,Yes,Typical equipment used by a accounting consultancy business.
E02946,B0421,Accounting Consultancy,Professional Services,Accounting,UPS,Optional Equipment,1,No,Typical equipment used by a accounting consultancy business.
E02947,B0421,Accounting Consultancy,Professional Services,Accounting,CCTV system,Optional Equipment,2,No,Typical equipment used by a accounting consultancy business.
E02948,B0422,Tax Filing Service,Professional Services,Accounting,Business laptops,Essential Equipment,1,Yes,Typical equipment used by a tax filing service business.
E02949,B0422,Tax Filing Service,Professional Services,Accounting,Multi-function printer,Essential Equipment,1,Yes,Typical equipment used by a tax filing service business.
E02950,B0422,Tax Filing Service,Professional Services,Accounting,Document scanner,Essential Equipment,1,Yes,Typical equipment used by a tax filing service business.
E02951,B0422,Tax Filing Service,Professional Services,Accounting,Conference display,Essential Equipment,1,Yes,Typical equipment used by a tax filing service business.
E02952,B0422,Tax Filing Service,Professional Services,Accounting,Wi-Fi router,Essential Equipment,1,Yes,Typical equipment used by a tax filing service business.
E02953,B0422,Tax Filing Service,Professional Services,Accounting,UPS,Optional Equipment,1,No,Typical equipment used by a tax filing service business.
E02954,B0422,Tax Filing Service,Professional Services,Accounting,CCTV system,Optional Equipment,2,No,Typical equipment used by a tax filing service business.
E02955,B0422,Tax Filing Service,Professional Services,Accounting,Secure storage cabinet,Optional Equipment,1,No,Typical equipment used by a tax filing service business.
E02956,B0423,Bookkeeping Firm,Professional Services,Accounting,Business laptops,Essential Equipment,1,Yes,Typical equipment used by a bookkeeping firm business.
E02957,B0423,Bookkeeping Firm,Professional Services,Accounting,Multi-function printer,Essential Equipment,1,Yes,Typical equipment used by a bookkeeping firm business.
E02958,B0423,Bookkeeping Firm,Professional Services,Accounting,Document scanner,Essential Equipment,1,Yes,Typical equipment used by a bookkeeping firm business.
E02959,B0423,Bookkeeping Firm,Professional Services,Accounting,Conference display,Essential Equipment,1,Yes,Typical equipment used by a bookkeeping firm business.
E02960,B0423,Bookkeeping Firm,Professional Services,Accounting,Wi-Fi router,Essential Equipment,1,Yes,Typical equipment used by a bookkeeping firm business.
E02961,B0423,Bookkeeping Firm,Professional Services,Accounting,UPS,Optional Equipment,1,No,Typical equipment used by a bookkeeping firm business.
E02962,B0424,Financial Reporting Service,Professional Services,Accounting,Business laptops,Essential Equipment,1,Yes,Typical equipment used by a financial reporting service business.
E02963,B0424,Financial Reporting Service,Professional Services,Accounting,Multi-function printer,Essential Equipment,1,Yes,Typical equipment used by a financial reporting service business.
E02964,B0424,Financial Reporting Service,Professional Services,Accounting,Document scanner,Essential Equipment,1,Yes,Typical equipment used by a financial reporting service business.
E02965,B0424,Financial Reporting Service,Professional Services,Accounting,Conference display,Essential Equipment,1,Yes,Typical equipment used by a financial reporting service business.
E02966,B0424,Financial Reporting Service,Professional Services,Accounting,Wi-Fi router,Essential Equipment,1,Yes,Typical equipment used by a financial reporting service business.
E02967,B0424,Financial Reporting Service,Professional Services,Accounting,UPS,Optional Equipment,1,No,Typical equipment used by a financial reporting service business.
E02968,B0424,Financial Reporting Service,Professional Services,Accounting,CCTV system,Optional Equipment,2,No,Typical equipment used by a financial reporting service business.
E02969,B0425,CFO Advisory Service,Professional Services,Accounting,Business laptops,Essential Equipment,1,Yes,Typical equipment used by a cfo advisory service business.
E02970,B0425,CFO Advisory Service,Professional Services,Accounting,Multi-function printer,Essential Equipment,1,Yes,Typical equipment used by a cfo advisory service business.
E02971,B0425,CFO Advisory Service,Professional Services,Accounting,Document scanner,Essential Equipment,1,Yes,Typical equipment used by a cfo advisory service business.
E02972,B0425,CFO Advisory Service,Professional Services,Accounting,Conference display,Essential Equipment,1,Yes,Typical equipment used by a cfo advisory service business.
E02973,B0425,CFO Advisory Service,Professional Services,Accounting,Wi-Fi router,Essential Equipment,1,Yes,Typical equipment used by a cfo advisory service business.
E02974,B0425,CFO Advisory Service,Professional Services,Accounting,UPS,Optional Equipment,1,No,Typical equipment used by a cfo advisory service business.
E02975,B0425,CFO Advisory Service,Professional Services,Accounting,CCTV system,Optional Equipment,2,No,Typical equipment used by a cfo advisory service business.
E02976,B0425,CFO Advisory Service,Professional Services,Accounting,Secure storage cabinet,Optional Equipment,1,No,Typical equipment used by a cfo advisory service business.
E02977,B0426,Gaming Cafe,Entertainment,Gaming,Desktop workstation,Essential Equipment,1,Yes,Typical equipment used by a gaming cafe business.
E02978,B0426,Gaming Cafe,Entertainment,Gaming,Professional camera,Essential Equipment,1,Yes,Typical equipment used by a gaming cafe business.
E02979,B0426,Gaming Cafe,Entertainment,Gaming,Lighting kit,Essential Equipment,1,Yes,Typical equipment used by a gaming cafe business.
E02980,B0426,Gaming Cafe,Entertainment,Gaming,Audio mixer,Essential Equipment,1,Yes,Typical equipment used by a gaming cafe business.
E02981,B0426,Gaming Cafe,Entertainment,Gaming,Speakers,Essential Equipment,1,Yes,Typical equipment used by a gaming cafe business.
E02982,B0426,Gaming Cafe,Entertainment,Gaming,Projector/display,Optional Equipment,1,No,Typical equipment used by a gaming cafe business.
E02983,B0427,Esports Center,Entertainment,Gaming,Desktop workstation,Essential Equipment,1,Yes,Typical equipment used by a esports center business.
E02984,B0427,Esports Center,Entertainment,Gaming,Professional camera,Essential Equipment,1,Yes,Typical equipment used by a esports center business.
E02985,B0427,Esports Center,Entertainment,Gaming,Lighting kit,Essential Equipment,1,Yes,Typical equipment used by a esports center business.
E02986,B0427,Esports Center,Entertainment,Gaming,Audio mixer,Essential Equipment,1,Yes,Typical equipment used by a esports center business.
E02987,B0427,Esports Center,Entertainment,Gaming,Speakers,Essential Equipment,1,Yes,Typical equipment used by a esports center business.
E02988,B0427,Esports Center,Entertainment,Gaming,Projector/display,Optional Equipment,1,No,Typical equipment used by a esports center business.
E02989,B0427,Esports Center,Entertainment,Gaming,Gaming PCs,Optional Equipment,2,No,Typical equipment used by a esports center business.
E02990,B0428,Game Development Studio,Entertainment,Gaming,Desktop workstation,Essential Equipment,1,Yes,Typical equipment used by a game development studio business.
E02991,B0428,Game Development Studio,Entertainment,Gaming,Professional camera,Essential Equipment,1,Yes,Typical equipment used by a game development studio business.
E02992,B0428,Game Development Studio,Entertainment,Gaming,Lighting kit,Essential Equipment,1,Yes,Typical equipment used by a game development studio business.
E02993,B0428,Game Development Studio,Entertainment,Gaming,Audio mixer,Essential Equipment,1,Yes,Typical equipment used by a game development studio business.
E02994,B0428,Game Development Studio,Entertainment,Gaming,Speakers,Essential Equipment,1,Yes,Typical equipment used by a game development studio business.
E02995,B0428,Game Development Studio,Entertainment,Gaming,Projector/display,Optional Equipment,1,No,Typical equipment used by a game development studio business.
E02996,B0428,Game Development Studio,Entertainment,Gaming,Gaming PCs,Optional Equipment,2,No,Typical equipment used by a game development studio business.
E02997,B0428,Game Development Studio,Entertainment,Gaming,UPS,Optional Equipment,1,No,Typical equipment used by a game development studio business.
E02998,B0429,VR Gaming Center,Entertainment,Gaming,Desktop workstation,Essential Equipment,1,Yes,Typical equipment used by a vr gaming center business.
E02999,B0429,VR Gaming Center,Entertainment,Gaming,Professional camera,Essential Equipment,1,Yes,Typical equipment used by a vr gaming center business.
E03000,B0429,VR Gaming Center,Entertainment,Gaming,Lighting kit,Essential Equipment,1,Yes,Typical equipment used by a vr gaming center business.
E03001,B0429,VR Gaming Center,Entertainment,Gaming,Audio mixer,Essential Equipment,1,Yes,Typical equipment used by a vr gaming center business.
E03002,B0429,VR Gaming Center,Entertainment,Gaming,Speakers,Essential Equipment,1,Yes,Typical equipment used by a vr gaming center business.
E03003,B0429,VR Gaming Center,Entertainment,Gaming,Projector/display,Optional Equipment,1,No,Typical equipment used by a vr gaming center business.
E03004,B0430,Console Gaming Lounge,Entertainment,Gaming,Desktop workstation,Essential Equipment,1,Yes,Typical equipment used by a console gaming lounge business.
E03005,B0430,Console Gaming Lounge,Entertainment,Gaming,Professional camera,Essential Equipment,1,Yes,Typical equipment used by a console gaming lounge business.
E03006,B0430,Console Gaming Lounge,Entertainment,Gaming,Lighting kit,Essential Equipment,1,Yes,Typical equipment used by a console gaming lounge business.
E03007,B0430,Console Gaming Lounge,Entertainment,Gaming,Audio mixer,Essential Equipment,1,Yes,Typical equipment used by a console gaming lounge business.
E03008,B0430,Console Gaming Lounge,Entertainment,Gaming,Speakers,Essential Equipment,1,Yes,Typical equipment used by a console gaming lounge business.
E03009,B0430,Console Gaming Lounge,Entertainment,Gaming,Projector/display,Optional Equipment,1,No,Typical equipment used by a console gaming lounge business.
E03010,B0430,Console Gaming Lounge,Entertainment,Gaming,Gaming PCs,Optional Equipment,2,No,Typical equipment used by a console gaming lounge business.
E03011,B0431,Event Management Company,Entertainment,Events,Desktop workstation,Essential Equipment,1,Yes,Typical equipment used by a event management company business.
E03012,B0431,Event Management Company,Entertainment,Events,Professional camera,Essential Equipment,1,Yes,Typical equipment used by a event management company business.
E03013,B0431,Event Management Company,Entertainment,Events,Lighting kit,Essential Equipment,1,Yes,Typical equipment used by a event management company business.
E03014,B0431,Event Management Company,Entertainment,Events,Audio mixer,Essential Equipment,1,Yes,Typical equipment used by a event management company business.
E03015,B0431,Event Management Company,Entertainment,Events,Speakers,Essential Equipment,1,Yes,Typical equipment used by a event management company business.
E03016,B0431,Event Management Company,Entertainment,Events,Projector/display,Optional Equipment,1,No,Typical equipment used by a event management company business.
E03017,B0431,Event Management Company,Entertainment,Events,Gaming PCs,Optional Equipment,2,No,Typical equipment used by a event management company business.
E03018,B0431,Event Management Company,Entertainment,Events,UPS,Optional Equipment,1,No,Typical equipment used by a event management company business.
E03019,B0432,Wedding Event Company,Entertainment,Events,Desktop workstation,Essential Equipment,1,Yes,Typical equipment used by a wedding event company business.
E03020,B0432,Wedding Event Company,Entertainment,Events,Professional camera,Essential Equipment,1,Yes,Typical equipment used by a wedding event company business.
E03021,B0432,Wedding Event Company,Entertainment,Events,Lighting kit,Essential Equipment,1,Yes,Typical equipment used by a wedding event company business.
E03022,B0432,Wedding Event Company,Entertainment,Events,Audio mixer,Essential Equipment,1,Yes,Typical equipment used by a wedding event company business.
E03023,B0432,Wedding Event Company,Entertainment,Events,Speakers,Essential Equipment,1,Yes,Typical equipment used by a wedding event company business.
E03024,B0432,Wedding Event Company,Entertainment,Events,Projector/display,Optional Equipment,1,No,Typical equipment used by a wedding event company business.
E03025,B0433,Corporate Events Company,Entertainment,Events,Desktop workstation,Essential Equipment,1,Yes,Typical equipment used by a corporate events company business.
E03026,B0433,Corporate Events Company,Entertainment,Events,Professional camera,Essential Equipment,1,Yes,Typical equipment used by a corporate events company business.
E03027,B0433,Corporate Events Company,Entertainment,Events,Lighting kit,Essential Equipment,1,Yes,Typical equipment used by a corporate events company business.
E03028,B0433,Corporate Events Company,Entertainment,Events,Audio mixer,Essential Equipment,1,Yes,Typical equipment used by a corporate events company business.
E03029,B0433,Corporate Events Company,Entertainment,Events,Speakers,Essential Equipment,1,Yes,Typical equipment used by a corporate events company business.
E03030,B0433,Corporate Events Company,Entertainment,Events,Projector/display,Optional Equipment,1,No,Typical equipment used by a corporate events company business.
E03031,B0433,Corporate Events Company,Entertainment,Events,Gaming PCs,Optional Equipment,2,No,Typical equipment used by a corporate events company business.
E03032,B0434,Exhibition Organizer,Entertainment,Events,Desktop workstation,Essential Equipment,1,Yes,Typical equipment used by a exhibition organizer business.
E03033,B0434,Exhibition Organizer,Entertainment,Events,Professional camera,Essential Equipment,1,Yes,Typical equipment used by a exhibition organizer business.
E03034,B0434,Exhibition Organizer,Entertainment,Events,Lighting kit,Essential Equipment,1,Yes,Typical equipment used by a exhibition organizer business.
E03035,B0434,Exhibition Organizer,Entertainment,Events,Audio mixer,Essential Equipment,1,Yes,Typical equipment used by a exhibition organizer business.
E03036,B0434,Exhibition Organizer,Entertainment,Events,Speakers,Essential Equipment,1,Yes,Typical equipment used by a exhibition organizer business.
E03037,B0434,Exhibition Organizer,Entertainment,Events,Projector/display,Optional Equipment,1,No,Typical equipment used by a exhibition organizer business.
E03038,B0434,Exhibition Organizer,Entertainment,Events,Gaming PCs,Optional Equipment,2,No,Typical equipment used by a exhibition organizer business.
E03039,B0434,Exhibition Organizer,Entertainment,Events,UPS,Optional Equipment,1,No,Typical equipment used by a exhibition organizer business.
E03040,B0435,Party Planning Company,Entertainment,Events,Desktop workstation,Essential Equipment,1,Yes,Typical equipment used by a party planning company business.
E03041,B0435,Party Planning Company,Entertainment,Events,Professional camera,Essential Equipment,1,Yes,Typical equipment used by a party planning company business.
E03042,B0435,Party Planning Company,Entertainment,Events,Lighting kit,Essential Equipment,1,Yes,Typical equipment used by a party planning company business.
E03043,B0435,Party Planning Company,Entertainment,Events,Audio mixer,Essential Equipment,1,Yes,Typical equipment used by a party planning company business.
E03044,B0435,Party Planning Company,Entertainment,Events,Speakers,Essential Equipment,1,Yes,Typical equipment used by a party planning company business.
E03045,B0435,Party Planning Company,Entertainment,Events,Projector/display,Optional Equipment,1,No,Typical equipment used by a party planning company business.
E03046,B0436,Media Production House,Entertainment,Media,Desktop workstation,Essential Equipment,1,Yes,Typical equipment used by a media production house business.
E03047,B0436,Media Production House,Entertainment,Media,Professional camera,Essential Equipment,1,Yes,Typical equipment used by a media production house business.
E03048,B0436,Media Production House,Entertainment,Media,Lighting kit,Essential Equipment,1,Yes,Typical equipment used by a media production house business.
E03049,B0436,Media Production House,Entertainment,Media,Audio mixer,Essential Equipment,1,Yes,Typical equipment used by a media production house business.
E03050,B0436,Media Production House,Entertainment,Media,Speakers,Essential Equipment,1,Yes,Typical equipment used by a media production house business.
E03051,B0436,Media Production House,Entertainment,Media,Projector/display,Optional Equipment,1,No,Typical equipment used by a media production house business.
E03052,B0436,Media Production House,Entertainment,Media,Gaming PCs,Optional Equipment,2,No,Typical equipment used by a media production house business.
E03053,B0437,Digital Media Company,Entertainment,Media,Desktop workstation,Essential Equipment,1,Yes,Typical equipment used by a digital media company business.
E03054,B0437,Digital Media Company,Entertainment,Media,Professional camera,Essential Equipment,1,Yes,Typical equipment used by a digital media company business.
E03055,B0437,Digital Media Company,Entertainment,Media,Lighting kit,Essential Equipment,1,Yes,Typical equipment used by a digital media company business.
E03056,B0437,Digital Media Company,Entertainment,Media,Audio mixer,Essential Equipment,1,Yes,Typical equipment used by a digital media company business.
E03057,B0437,Digital Media Company,Entertainment,Media,Speakers,Essential Equipment,1,Yes,Typical equipment used by a digital media company business.
E03058,B0437,Digital Media Company,Entertainment,Media,Projector/display,Optional Equipment,1,No,Typical equipment used by a digital media company business.
E03059,B0437,Digital Media Company,Entertainment,Media,Gaming PCs,Optional Equipment,2,No,Typical equipment used by a digital media company business.
E03060,B0437,Digital Media Company,Entertainment,Media,UPS,Optional Equipment,1,No,Typical equipment used by a digital media company business.
E03061,B0438,Podcast Studio,Entertainment,Media,Desktop workstation,Essential Equipment,1,Yes,Typical equipment used by a podcast studio business.
E03062,B0438,Podcast Studio,Entertainment,Media,Professional camera,Essential Equipment,1,Yes,Typical equipment used by a podcast studio business.
E03063,B0438,Podcast Studio,Entertainment,Media,Lighting kit,Essential Equipment,1,Yes,Typical equipment used by a podcast studio business.
E03064,B0438,Podcast Studio,Entertainment,Media,Audio mixer,Essential Equipment,1,Yes,Typical equipment used by a podcast studio business.
E03065,B0438,Podcast Studio,Entertainment,Media,Speakers,Essential Equipment,1,Yes,Typical equipment used by a podcast studio business.
E03066,B0438,Podcast Studio,Entertainment,Media,Projector/display,Optional Equipment,1,No,Typical equipment used by a podcast studio business.
E03067,B0439,News Media Startup,Entertainment,Media,Desktop workstation,Essential Equipment,1,Yes,Typical equipment used by a news media startup business.
E03068,B0439,News Media Startup,Entertainment,Media,Professional camera,Essential Equipment,1,Yes,Typical equipment used by a news media startup business.
E03069,B0439,News Media Startup,Entertainment,Media,Lighting kit,Essential Equipment,1,Yes,Typical equipment used by a news media startup business.
E03070,B0439,News Media Startup,Entertainment,Media,Audio mixer,Essential Equipment,1,Yes,Typical equipment used by a news media startup business.
E03071,B0439,News Media Startup,Entertainment,Media,Speakers,Essential Equipment,1,Yes,Typical equipment used by a news media startup business.
E03072,B0439,News Media Startup,Entertainment,Media,Projector/display,Optional Equipment,1,No,Typical equipment used by a news media startup business.
E03073,B0439,News Media Startup,Entertainment,Media,Gaming PCs,Optional Equipment,2,No,Typical equipment used by a news media startup business.
E03074,B0440,Content Studio,Entertainment,Media,Desktop workstation,Essential Equipment,1,Yes,Typical equipment used by a content studio business.
E03075,B0440,Content Studio,Entertainment,Media,Professional camera,Essential Equipment,1,Yes,Typical equipment used by a content studio business.
E03076,B0440,Content Studio,Entertainment,Media,Lighting kit,Essential Equipment,1,Yes,Typical equipment used by a content studio business.
E03077,B0440,Content Studio,Entertainment,Media,Audio mixer,Essential Equipment,1,Yes,Typical equipment used by a content studio business.
E03078,B0440,Content Studio,Entertainment,Media,Speakers,Essential Equipment,1,Yes,Typical equipment used by a content studio business.
E03079,B0440,Content Studio,Entertainment,Media,Projector/display,Optional Equipment,1,No,Typical equipment used by a content studio business.
E03080,B0440,Content Studio,Entertainment,Media,Gaming PCs,Optional Equipment,2,No,Typical equipment used by a content studio business.
E03081,B0440,Content Studio,Entertainment,Media,UPS,Optional Equipment,1,No,Typical equipment used by a content studio business.
E03082,B0441,Music Production Studio,Entertainment,Music,Desktop workstation,Essential Equipment,1,Yes,Typical equipment used by a music production studio business.
E03083,B0441,Music Production Studio,Entertainment,Music,Professional camera,Essential Equipment,1,Yes,Typical equipment used by a music production studio business.
E03084,B0441,Music Production Studio,Entertainment,Music,Lighting kit,Essential Equipment,1,Yes,Typical equipment used by a music production studio business.
E03085,B0441,Music Production Studio,Entertainment,Music,Audio mixer,Essential Equipment,1,Yes,Typical equipment used by a music production studio business.
E03086,B0441,Music Production Studio,Entertainment,Music,Speakers,Essential Equipment,1,Yes,Typical equipment used by a music production studio business.
E03087,B0441,Music Production Studio,Entertainment,Music,Projector/display,Optional Equipment,1,No,Typical equipment used by a music production studio business.
E03088,B0442,Recording Studio,Entertainment,Music,Desktop workstation,Essential Equipment,1,Yes,Typical equipment used by a recording studio business.
E03089,B0442,Recording Studio,Entertainment,Music,Professional camera,Essential Equipment,1,Yes,Typical equipment used by a recording studio business.
E03090,B0442,Recording Studio,Entertainment,Music,Lighting kit,Essential Equipment,1,Yes,Typical equipment used by a recording studio business.
E03091,B0442,Recording Studio,Entertainment,Music,Audio mixer,Essential Equipment,1,Yes,Typical equipment used by a recording studio business.
E03092,B0442,Recording Studio,Entertainment,Music,Speakers,Essential Equipment,1,Yes,Typical equipment used by a recording studio business.
E03093,B0442,Recording Studio,Entertainment,Music,Projector/display,Optional Equipment,1,No,Typical equipment used by a recording studio business.
E03094,B0442,Recording Studio,Entertainment,Music,Gaming PCs,Optional Equipment,2,No,Typical equipment used by a recording studio business.
E03095,B0443,Music Academy,Entertainment,Music,Desktop workstation,Essential Equipment,1,Yes,Typical equipment used by a music academy business.
E03096,B0443,Music Academy,Entertainment,Music,Professional camera,Essential Equipment,1,Yes,Typical equipment used by a music academy business.
E03097,B0443,Music Academy,Entertainment,Music,Lighting kit,Essential Equipment,1,Yes,Typical equipment used by a music academy business.
E03098,B0443,Music Academy,Entertainment,Music,Audio mixer,Essential Equipment,1,Yes,Typical equipment used by a music academy business.
E03099,B0443,Music Academy,Entertainment,Music,Speakers,Essential Equipment,1,Yes,Typical equipment used by a music academy business.
E03100,B0443,Music Academy,Entertainment,Music,Projector/display,Optional Equipment,1,No,Typical equipment used by a music academy business.
E03101,B0443,Music Academy,Entertainment,Music,Gaming PCs,Optional Equipment,2,No,Typical equipment used by a music academy business.
E03102,B0443,Music Academy,Entertainment,Music,UPS,Optional Equipment,1,No,Typical equipment used by a music academy business.
E03103,B0444,Live Music Company,Entertainment,Music,Desktop workstation,Essential Equipment,1,Yes,Typical equipment used by a live music company business.
E03104,B0444,Live Music Company,Entertainment,Music,Professional camera,Essential Equipment,1,Yes,Typical equipment used by a live music company business.
E03105,B0444,Live Music Company,Entertainment,Music,Lighting kit,Essential Equipment,1,Yes,Typical equipment used by a live music company business.
E03106,B0444,Live Music Company,Entertainment,Music,Audio mixer,Essential Equipment,1,Yes,Typical equipment used by a live music company business.
E03107,B0444,Live Music Company,Entertainment,Music,Speakers,Essential Equipment,1,Yes,Typical equipment used by a live music company business.
E03108,B0444,Live Music Company,Entertainment,Music,Projector/display,Optional Equipment,1,No,Typical equipment used by a live music company business.
E03109,B0445,Audio Post-Production Studio,Entertainment,Music,Desktop workstation,Essential Equipment,1,Yes,Typical equipment used by a audio post-production studio business.
E03110,B0445,Audio Post-Production Studio,Entertainment,Music,Professional camera,Essential Equipment,1,Yes,Typical equipment used by a audio post-production studio business.
E03111,B0445,Audio Post-Production Studio,Entertainment,Music,Lighting kit,Essential Equipment,1,Yes,Typical equipment used by a audio post-production studio business.
E03112,B0445,Audio Post-Production Studio,Entertainment,Music,Audio mixer,Essential Equipment,1,Yes,Typical equipment used by a audio post-production studio business.
E03113,B0445,Audio Post-Production Studio,Entertainment,Music,Speakers,Essential Equipment,1,Yes,Typical equipment used by a audio post-production studio business.
E03114,B0445,Audio Post-Production Studio,Entertainment,Music,Projector/display,Optional Equipment,1,No,Typical equipment used by a audio post-production studio business.
E03115,B0445,Audio Post-Production Studio,Entertainment,Music,Gaming PCs,Optional Equipment,2,No,Typical equipment used by a audio post-production studio business.
E03116,B0446,Film Production Company,Entertainment,Production,Desktop workstation,Essential Equipment,1,Yes,Typical equipment used by a film production company business.
E03117,B0446,Film Production Company,Entertainment,Production,Professional camera,Essential Equipment,1,Yes,Typical equipment used by a film production company business.
E03118,B0446,Film Production Company,Entertainment,Production,Lighting kit,Essential Equipment,1,Yes,Typical equipment used by a film production company business.
E03119,B0446,Film Production Company,Entertainment,Production,Audio mixer,Essential Equipment,1,Yes,Typical equipment used by a film production company business.
E03120,B0446,Film Production Company,Entertainment,Production,Speakers,Essential Equipment,1,Yes,Typical equipment used by a film production company business.
E03121,B0446,Film Production Company,Entertainment,Production,Projector/display,Optional Equipment,1,No,Typical equipment used by a film production company business.
E03122,B0446,Film Production Company,Entertainment,Production,Gaming PCs,Optional Equipment,2,No,Typical equipment used by a film production company business.
E03123,B0446,Film Production Company,Entertainment,Production,UPS,Optional Equipment,1,No,Typical equipment used by a film production company business.
E03124,B0447,Video Production Studio,Entertainment,Production,Desktop workstation,Essential Equipment,1,Yes,Typical equipment used by a video production studio business.
E03125,B0447,Video Production Studio,Entertainment,Production,Professional camera,Essential Equipment,1,Yes,Typical equipment used by a video production studio business.
E03126,B0447,Video Production Studio,Entertainment,Production,Lighting kit,Essential Equipment,1,Yes,Typical equipment used by a video production studio business.
E03127,B0447,Video Production Studio,Entertainment,Production,Audio mixer,Essential Equipment,1,Yes,Typical equipment used by a video production studio business.
E03128,B0447,Video Production Studio,Entertainment,Production,Speakers,Essential Equipment,1,Yes,Typical equipment used by a video production studio business.
E03129,B0447,Video Production Studio,Entertainment,Production,Projector/display,Optional Equipment,1,No,Typical equipment used by a video production studio business.
E03130,B0448,Animation Studio,Entertainment,Production,Desktop workstation,Essential Equipment,1,Yes,Typical equipment used by a animation studio business.
E03131,B0448,Animation Studio,Entertainment,Production,Professional camera,Essential Equipment,1,Yes,Typical equipment used by a animation studio business.
E03132,B0448,Animation Studio,Entertainment,Production,Lighting kit,Essential Equipment,1,Yes,Typical equipment used by a animation studio business.
E03133,B0448,Animation Studio,Entertainment,Production,Audio mixer,Essential Equipment,1,Yes,Typical equipment used by a animation studio business.
E03134,B0448,Animation Studio,Entertainment,Production,Speakers,Essential Equipment,1,Yes,Typical equipment used by a animation studio business.
E03135,B0448,Animation Studio,Entertainment,Production,Projector/display,Optional Equipment,1,No,Typical equipment used by a animation studio business.
E03136,B0448,Animation Studio,Entertainment,Production,Gaming PCs,Optional Equipment,2,No,Typical equipment used by a animation studio business.
E03137,B0449,Photography Studio,Entertainment,Production,Desktop workstation,Essential Equipment,1,Yes,Typical equipment used by a photography studio business.
E03138,B0449,Photography Studio,Entertainment,Production,Professional camera,Essential Equipment,1,Yes,Typical equipment used by a photography studio business.
E03139,B0449,Photography Studio,Entertainment,Production,Lighting kit,Essential Equipment,1,Yes,Typical equipment used by a photography studio business.
E03140,B0449,Photography Studio,Entertainment,Production,Audio mixer,Essential Equipment,1,Yes,Typical equipment used by a photography studio business.
E03141,B0449,Photography Studio,Entertainment,Production,Speakers,Essential Equipment,1,Yes,Typical equipment used by a photography studio business.
E03142,B0449,Photography Studio,Entertainment,Production,Projector/display,Optional Equipment,1,No,Typical equipment used by a photography studio business.
E03143,B0449,Photography Studio,Entertainment,Production,Gaming PCs,Optional Equipment,2,No,Typical equipment used by a photography studio business.
E03144,B0449,Photography Studio,Entertainment,Production,UPS,Optional Equipment,1,No,Typical equipment used by a photography studio business.
E03145,B0450,Commercial Production House,Entertainment,Production,Desktop workstation,Essential Equipment,1,Yes,Typical equipment used by a commercial production house business.
E03146,B0450,Commercial Production House,Entertainment,Production,Professional camera,Essential Equipment,1,Yes,Typical equipment used by a commercial production house business.
E03147,B0450,Commercial Production House,Entertainment,Production,Lighting kit,Essential Equipment,1,Yes,Typical equipment used by a commercial production house business.
E03148,B0450,Commercial Production House,Entertainment,Production,Audio mixer,Essential Equipment,1,Yes,Typical equipment used by a commercial production house business.
E03149,B0450,Commercial Production House,Entertainment,Production,Speakers,Essential Equipment,1,Yes,Typical equipment used by a commercial production house business.
E03150,B0450,Commercial Production House,Entertainment,Production,Projector/display,Optional Equipment,1,No,Typical equipment used by a commercial production house business.
E03151,B0451,Solar Installation Company,Energy,Solar,Electrical testing meter,Essential Equipment,1,Yes,Typical equipment used by a solar installation company business.
E03152,B0451,Solar Installation Company,Energy,Solar,Solar installation tools,Essential Equipment,1,Yes,Typical equipment used by a solar installation company business.
E03153,B0451,Solar Installation Company,Energy,Solar,Inverter,Essential Equipment,1,Yes,Typical equipment used by a solar installation company business.
E03154,B0451,Solar Installation Company,Energy,Solar,Battery storage system,Essential Equipment,1,Yes,Typical equipment used by a solar installation company business.
E03155,B0451,Solar Installation Company,Energy,Solar,Safety harness,Essential Equipment,1,Yes,Typical equipment used by a solar installation company business.
E03156,B0451,Solar Installation Company,Energy,Solar,Multimeter,Optional Equipment,1,No,Typical equipment used by a solar installation company business.
E03157,B0451,Solar Installation Company,Energy,Solar,Thermal camera,Optional Equipment,2,No,Typical equipment used by a solar installation company business.
E03158,B0452,Solar EPC Company,Energy,Solar,Electrical testing meter,Essential Equipment,1,Yes,Typical equipment used by a solar epc company business.
E03159,B0452,Solar EPC Company,Energy,Solar,Solar installation tools,Essential Equipment,1,Yes,Typical equipment used by a solar epc company business.
E03160,B0452,Solar EPC Company,Energy,Solar,Inverter,Essential Equipment,1,Yes,Typical equipment used by a solar epc company business.
E03161,B0452,Solar EPC Company,Energy,Solar,Battery storage system,Essential Equipment,1,Yes,Typical equipment used by a solar epc company business.
E03162,B0452,Solar EPC Company,Energy,Solar,Safety harness,Essential Equipment,1,Yes,Typical equipment used by a solar epc company business.
E03163,B0452,Solar EPC Company,Energy,Solar,Multimeter,Optional Equipment,1,No,Typical equipment used by a solar epc company business.
E03164,B0452,Solar EPC Company,Energy,Solar,Thermal camera,Optional Equipment,2,No,Typical equipment used by a solar epc company business.
E03165,B0452,Solar EPC Company,Energy,Solar,Cable testing equipment,Optional Equipment,1,No,Typical equipment used by a solar epc company business.
E03166,B0453,Solar Retailer,Energy,Solar,Electrical testing meter,Essential Equipment,1,Yes,Typical equipment used by a solar retailer business.
E03167,B0453,Solar Retailer,Energy,Solar,Solar installation tools,Essential Equipment,1,Yes,Typical equipment used by a solar retailer business.
E03168,B0453,Solar Retailer,Energy,Solar,Inverter,Essential Equipment,1,Yes,Typical equipment used by a solar retailer business.
E03169,B0453,Solar Retailer,Energy,Solar,Battery storage system,Essential Equipment,1,Yes,Typical equipment used by a solar retailer business.
E03170,B0453,Solar Retailer,Energy,Solar,Safety harness,Essential Equipment,1,Yes,Typical equipment used by a solar retailer business.
E03171,B0453,Solar Retailer,Energy,Solar,Multimeter,Optional Equipment,1,No,Typical equipment used by a solar retailer business.
E03172,B0454,Solar Maintenance Service,Energy,Solar,Electrical testing meter,Essential Equipment,1,Yes,Typical equipment used by a solar maintenance service business.
E03173,B0454,Solar Maintenance Service,Energy,Solar,Solar installation tools,Essential Equipment,1,Yes,Typical equipment used by a solar maintenance service business.
E03174,B0454,Solar Maintenance Service,Energy,Solar,Inverter,Essential Equipment,1,Yes,Typical equipment used by a solar maintenance service business.
E03175,B0454,Solar Maintenance Service,Energy,Solar,Battery storage system,Essential Equipment,1,Yes,Typical equipment used by a solar maintenance service business.
E03176,B0454,Solar Maintenance Service,Energy,Solar,Safety harness,Essential Equipment,1,Yes,Typical equipment used by a solar maintenance service business.
E03177,B0454,Solar Maintenance Service,Energy,Solar,Multimeter,Optional Equipment,1,No,Typical equipment used by a solar maintenance service business.
E03178,B0454,Solar Maintenance Service,Energy,Solar,Thermal camera,Optional Equipment,2,No,Typical equipment used by a solar maintenance service business.
E03179,B0455,Solar Farm,Energy,Solar,Electrical testing meter,Essential Equipment,1,Yes,Typical equipment used by a solar farm business.
E03180,B0455,Solar Farm,Energy,Solar,Solar installation tools,Essential Equipment,1,Yes,Typical equipment used by a solar farm business.
E03181,B0455,Solar Farm,Energy,Solar,Inverter,Essential Equipment,1,Yes,Typical equipment used by a solar farm business.
E03182,B0455,Solar Farm,Energy,Solar,Battery storage system,Essential Equipment,1,Yes,Typical equipment used by a solar farm business.
E03183,B0455,Solar Farm,Energy,Solar,Safety harness,Essential Equipment,1,Yes,Typical equipment used by a solar farm business.
E03184,B0455,Solar Farm,Energy,Solar,Multimeter,Optional Equipment,1,No,Typical equipment used by a solar farm business.
E03185,B0455,Solar Farm,Energy,Solar,Thermal camera,Optional Equipment,2,No,Typical equipment used by a solar farm business.
E03186,B0455,Solar Farm,Energy,Solar,Cable testing equipment,Optional Equipment,1,No,Typical equipment used by a solar farm business.
E03187,B0456,EV Charging Business,Energy,EV,Electrical testing meter,Essential Equipment,1,Yes,Typical equipment used by a ev charging business business.
E03188,B0456,EV Charging Business,Energy,EV,Solar installation tools,Essential Equipment,1,Yes,Typical equipment used by a ev charging business business.
E03189,B0456,EV Charging Business,Energy,EV,Inverter,Essential Equipment,1,Yes,Typical equipment used by a ev charging business business.
E03190,B0456,EV Charging Business,Energy,EV,Battery storage system,Essential Equipment,1,Yes,Typical equipment used by a ev charging business business.
E03191,B0456,EV Charging Business,Energy,EV,Safety harness,Essential Equipment,1,Yes,Typical equipment used by a ev charging business business.
E03192,B0456,EV Charging Business,Energy,EV,Multimeter,Optional Equipment,1,No,Typical equipment used by a ev charging business business.
E03193,B0457,EV Fleet Charging,Energy,EV,Electrical testing meter,Essential Equipment,1,Yes,Typical equipment used by a ev fleet charging business.
E03194,B0457,EV Fleet Charging,Energy,EV,Solar installation tools,Essential Equipment,1,Yes,Typical equipment used by a ev fleet charging business.
E03195,B0457,EV Fleet Charging,Energy,EV,Inverter,Essential Equipment,1,Yes,Typical equipment used by a ev fleet charging business.
E03196,B0457,EV Fleet Charging,Energy,EV,Battery storage system,Essential Equipment,1,Yes,Typical equipment used by a ev fleet charging business.
E03197,B0457,EV Fleet Charging,Energy,EV,Safety harness,Essential Equipment,1,Yes,Typical equipment used by a ev fleet charging business.
E03198,B0457,EV Fleet Charging,Energy,EV,Multimeter,Optional Equipment,1,No,Typical equipment used by a ev fleet charging business.
E03199,B0457,EV Fleet Charging,Energy,EV,Thermal camera,Optional Equipment,2,No,Typical equipment used by a ev fleet charging business.
E03200,B0458,EV Battery Service,Energy,EV,Electrical testing meter,Essential Equipment,1,Yes,Typical equipment used by a ev battery service business.
E03201,B0458,EV Battery Service,Energy,EV,Solar installation tools,Essential Equipment,1,Yes,Typical equipment used by a ev battery service business.
E03202,B0458,EV Battery Service,Energy,EV,Inverter,Essential Equipment,1,Yes,Typical equipment used by a ev battery service business.
E03203,B0458,EV Battery Service,Energy,EV,Battery storage system,Essential Equipment,1,Yes,Typical equipment used by a ev battery service business.
E03204,B0458,EV Battery Service,Energy,EV,Safety harness,Essential Equipment,1,Yes,Typical equipment used by a ev battery service business.
E03205,B0458,EV Battery Service,Energy,EV,Multimeter,Optional Equipment,1,No,Typical equipment used by a ev battery service business.
E03206,B0458,EV Battery Service,Energy,EV,Thermal camera,Optional Equipment,2,No,Typical equipment used by a ev battery service business.
E03207,B0458,EV Battery Service,Energy,EV,Cable testing equipment,Optional Equipment,1,No,Typical equipment used by a ev battery service business.
E03208,B0459,EV Infrastructure Company,Energy,EV,Electrical testing meter,Essential Equipment,1,Yes,Typical equipment used by a ev infrastructure company business.
E03209,B0459,EV Infrastructure Company,Energy,EV,Solar installation tools,Essential Equipment,1,Yes,Typical equipment used by a ev infrastructure company business.
E03210,B0459,EV Infrastructure Company,Energy,EV,Inverter,Essential Equipment,1,Yes,Typical equipment used by a ev infrastructure company business.
E03211,B0459,EV Infrastructure Company,Energy,EV,Battery storage system,Essential Equipment,1,Yes,Typical equipment used by a ev infrastructure company business.
E03212,B0459,EV Infrastructure Company,Energy,EV,Safety harness,Essential Equipment,1,Yes,Typical equipment used by a ev infrastructure company business.
E03213,B0459,EV Infrastructure Company,Energy,EV,Multimeter,Optional Equipment,1,No,Typical equipment used by a ev infrastructure company business.
E03214,B0460,EV Consultancy,Energy,EV,Electrical testing meter,Essential Equipment,1,Yes,Typical equipment used by a ev consultancy business.
E03215,B0460,EV Consultancy,Energy,EV,Solar installation tools,Essential Equipment,1,Yes,Typical equipment used by a ev consultancy business.
E03216,B0460,EV Consultancy,Energy,EV,Inverter,Essential Equipment,1,Yes,Typical equipment used by a ev consultancy business.
E03217,B0460,EV Consultancy,Energy,EV,Battery storage system,Essential Equipment,1,Yes,Typical equipment used by a ev consultancy business.
E03218,B0460,EV Consultancy,Energy,EV,Safety harness,Essential Equipment,1,Yes,Typical equipment used by a ev consultancy business.
E03219,B0460,EV Consultancy,Energy,EV,Multimeter,Optional Equipment,1,No,Typical equipment used by a ev consultancy business.
E03220,B0460,EV Consultancy,Energy,EV,Thermal camera,Optional Equipment,2,No,Typical equipment used by a ev consultancy business.
E03221,B0461,Renewable Energy Consultancy,Energy,Renewable,Electrical testing meter,Essential Equipment,1,Yes,Typical equipment used by a renewable energy consultancy business.
E03222,B0461,Renewable Energy Consultancy,Energy,Renewable,Solar installation tools,Essential Equipment,1,Yes,Typical equipment used by a renewable energy consultancy business.
E03223,B0461,Renewable Energy Consultancy,Energy,Renewable,Inverter,Essential Equipment,1,Yes,Typical equipment used by a renewable energy consultancy business.
E03224,B0461,Renewable Energy Consultancy,Energy,Renewable,Battery storage system,Essential Equipment,1,Yes,Typical equipment used by a renewable energy consultancy business.
E03225,B0461,Renewable Energy Consultancy,Energy,Renewable,Safety harness,Essential Equipment,1,Yes,Typical equipment used by a renewable energy consultancy business.
E03226,B0461,Renewable Energy Consultancy,Energy,Renewable,Multimeter,Optional Equipment,1,No,Typical equipment used by a renewable energy consultancy business.
E03227,B0461,Renewable Energy Consultancy,Energy,Renewable,Thermal camera,Optional Equipment,2,No,Typical equipment used by a renewable energy consultancy business.
E03228,B0461,Renewable Energy Consultancy,Energy,Renewable,Cable testing equipment,Optional Equipment,1,No,Typical equipment used by a renewable energy consultancy business.
E03229,B0462,Wind Energy Service,Energy,Renewable,Electrical testing meter,Essential Equipment,1,Yes,Typical equipment used by a wind energy service business.
E03230,B0462,Wind Energy Service,Energy,Renewable,Solar installation tools,Essential Equipment,1,Yes,Typical equipment used by a wind energy service business.
E03231,B0462,Wind Energy Service,Energy,Renewable,Inverter,Essential Equipment,1,Yes,Typical equipment used by a wind energy service business.
E03232,B0462,Wind Energy Service,Energy,Renewable,Battery storage system,Essential Equipment,1,Yes,Typical equipment used by a wind energy service business.
E03233,B0462,Wind Energy Service,Energy,Renewable,Safety harness,Essential Equipment,1,Yes,Typical equipment used by a wind energy service business.
E03234,B0462,Wind Energy Service,Energy,Renewable,Multimeter,Optional Equipment,1,No,Typical equipment used by a wind energy service business.
E03235,B0463,Biomass Energy Unit,Energy,Renewable,Electrical testing meter,Essential Equipment,1,Yes,Typical equipment used by a biomass energy unit business.
E03236,B0463,Biomass Energy Unit,Energy,Renewable,Solar installation tools,Essential Equipment,1,Yes,Typical equipment used by a biomass energy unit business.
E03237,B0463,Biomass Energy Unit,Energy,Renewable,Inverter,Essential Equipment,1,Yes,Typical equipment used by a biomass energy unit business.
E03238,B0463,Biomass Energy Unit,Energy,Renewable,Battery storage system,Essential Equipment,1,Yes,Typical equipment used by a biomass energy unit business.
E03239,B0463,Biomass Energy Unit,Energy,Renewable,Safety harness,Essential Equipment,1,Yes,Typical equipment used by a biomass energy unit business.
E03240,B0463,Biomass Energy Unit,Energy,Renewable,Multimeter,Optional Equipment,1,No,Typical equipment used by a biomass energy unit business.
E03241,B0463,Biomass Energy Unit,Energy,Renewable,Thermal camera,Optional Equipment,2,No,Typical equipment used by a biomass energy unit business.
E03242,B0464,Microgrid Company,Energy,Renewable,Electrical testing meter,Essential Equipment,1,Yes,Typical equipment used by a microgrid company business.
E03243,B0464,Microgrid Company,Energy,Renewable,Solar installation tools,Essential Equipment,1,Yes,Typical equipment used by a microgrid company business.
E03244,B0464,Microgrid Company,Energy,Renewable,Inverter,Essential Equipment,1,Yes,Typical equipment used by a microgrid company business.
E03245,B0464,Microgrid Company,Energy,Renewable,Battery storage system,Essential Equipment,1,Yes,Typical equipment used by a microgrid company business.
E03246,B0464,Microgrid Company,Energy,Renewable,Safety harness,Essential Equipment,1,Yes,Typical equipment used by a microgrid company business.
E03247,B0464,Microgrid Company,Energy,Renewable,Multimeter,Optional Equipment,1,No,Typical equipment used by a microgrid company business.
E03248,B0464,Microgrid Company,Energy,Renewable,Thermal camera,Optional Equipment,2,No,Typical equipment used by a microgrid company business.
E03249,B0464,Microgrid Company,Energy,Renewable,Cable testing equipment,Optional Equipment,1,No,Typical equipment used by a microgrid company business.
E03250,B0465,Clean Energy Startup,Energy,Renewable,Electrical testing meter,Essential Equipment,1,Yes,Typical equipment used by a clean energy startup business.
E03251,B0465,Clean Energy Startup,Energy,Renewable,Solar installation tools,Essential Equipment,1,Yes,Typical equipment used by a clean energy startup business.
E03252,B0465,Clean Energy Startup,Energy,Renewable,Inverter,Essential Equipment,1,Yes,Typical equipment used by a clean energy startup business.
E03253,B0465,Clean Energy Startup,Energy,Renewable,Battery storage system,Essential Equipment,1,Yes,Typical equipment used by a clean energy startup business.
E03254,B0465,Clean Energy Startup,Energy,Renewable,Safety harness,Essential Equipment,1,Yes,Typical equipment used by a clean energy startup business.
E03255,B0465,Clean Energy Startup,Energy,Renewable,Multimeter,Optional Equipment,1,No,Typical equipment used by a clean energy startup business.
E03256,B0466,Battery Manufacturing Unit,Energy,Battery,Electrical testing meter,Essential Equipment,1,Yes,Typical equipment used by a battery manufacturing unit business.
E03257,B0466,Battery Manufacturing Unit,Energy,Battery,Solar installation tools,Essential Equipment,1,Yes,Typical equipment used by a battery manufacturing unit business.
E03258,B0466,Battery Manufacturing Unit,Energy,Battery,Inverter,Essential Equipment,1,Yes,Typical equipment used by a battery manufacturing unit business.
E03259,B0466,Battery Manufacturing Unit,Energy,Battery,Battery storage system,Essential Equipment,1,Yes,Typical equipment used by a battery manufacturing unit business.
E03260,B0466,Battery Manufacturing Unit,Energy,Battery,Safety harness,Essential Equipment,1,Yes,Typical equipment used by a battery manufacturing unit business.
E03261,B0466,Battery Manufacturing Unit,Energy,Battery,Multimeter,Optional Equipment,1,No,Typical equipment used by a battery manufacturing unit business.
E03262,B0466,Battery Manufacturing Unit,Energy,Battery,Thermal camera,Optional Equipment,2,No,Typical equipment used by a battery manufacturing unit business.
E03263,B0467,Battery Recycling Unit,Energy,Battery,Electrical testing meter,Essential Equipment,1,Yes,Typical equipment used by a battery recycling unit business.
E03264,B0467,Battery Recycling Unit,Energy,Battery,Solar installation tools,Essential Equipment,1,Yes,Typical equipment used by a battery recycling unit business.
E03265,B0467,Battery Recycling Unit,Energy,Battery,Inverter,Essential Equipment,1,Yes,Typical equipment used by a battery recycling unit business.
E03266,B0467,Battery Recycling Unit,Energy,Battery,Battery storage system,Essential Equipment,1,Yes,Typical equipment used by a battery recycling unit business.
E03267,B0467,Battery Recycling Unit,Energy,Battery,Safety harness,Essential Equipment,1,Yes,Typical equipment used by a battery recycling unit business.
E03268,B0467,Battery Recycling Unit,Energy,Battery,Multimeter,Optional Equipment,1,No,Typical equipment used by a battery recycling unit business.
E03269,B0467,Battery Recycling Unit,Energy,Battery,Thermal camera,Optional Equipment,2,No,Typical equipment used by a battery recycling unit business.
E03270,B0467,Battery Recycling Unit,Energy,Battery,Cable testing equipment,Optional Equipment,1,No,Typical equipment used by a battery recycling unit business.
E03271,B0468,Battery Service Center,Energy,Battery,Electrical testing meter,Essential Equipment,1,Yes,Typical equipment used by a battery service center business.
E03272,B0468,Battery Service Center,Energy,Battery,Solar installation tools,Essential Equipment,1,Yes,Typical equipment used by a battery service center business.
E03273,B0468,Battery Service Center,Energy,Battery,Inverter,Essential Equipment,1,Yes,Typical equipment used by a battery service center business.
E03274,B0468,Battery Service Center,Energy,Battery,Battery storage system,Essential Equipment,1,Yes,Typical equipment used by a battery service center business.
E03275,B0468,Battery Service Center,Energy,Battery,Safety harness,Essential Equipment,1,Yes,Typical equipment used by a battery service center business.
E03276,B0468,Battery Service Center,Energy,Battery,Multimeter,Optional Equipment,1,No,Typical equipment used by a battery service center business.
E03277,B0469,Energy Storage Company,Energy,Battery,Electrical testing meter,Essential Equipment,1,Yes,Typical equipment used by a energy storage company business.
E03278,B0469,Energy Storage Company,Energy,Battery,Solar installation tools,Essential Equipment,1,Yes,Typical equipment used by a energy storage company business.
E03279,B0469,Energy Storage Company,Energy,Battery,Inverter,Essential Equipment,1,Yes,Typical equipment used by a energy storage company business.
E03280,B0469,Energy Storage Company,Energy,Battery,Battery storage system,Essential Equipment,1,Yes,Typical equipment used by a energy storage company business.
E03281,B0469,Energy Storage Company,Energy,Battery,Safety harness,Essential Equipment,1,Yes,Typical equipment used by a energy storage company business.
E03282,B0469,Energy Storage Company,Energy,Battery,Multimeter,Optional Equipment,1,No,Typical equipment used by a energy storage company business.
E03283,B0469,Energy Storage Company,Energy,Battery,Thermal camera,Optional Equipment,2,No,Typical equipment used by a energy storage company business.
E03284,B0470,Battery Distribution Business,Energy,Battery,Electrical testing meter,Essential Equipment,1,Yes,Typical equipment used by a battery distribution business business.
E03285,B0470,Battery Distribution Business,Energy,Battery,Solar installation tools,Essential Equipment,1,Yes,Typical equipment used by a battery distribution business business.
E03286,B0470,Battery Distribution Business,Energy,Battery,Inverter,Essential Equipment,1,Yes,Typical equipment used by a battery distribution business business.
E03287,B0470,Battery Distribution Business,Energy,Battery,Battery storage system,Essential Equipment,1,Yes,Typical equipment used by a battery distribution business business.
E03288,B0470,Battery Distribution Business,Energy,Battery,Safety harness,Essential Equipment,1,Yes,Typical equipment used by a battery distribution business business.
E03289,B0470,Battery Distribution Business,Energy,Battery,Multimeter,Optional Equipment,1,No,Typical equipment used by a battery distribution business business.
E03290,B0470,Battery Distribution Business,Energy,Battery,Thermal camera,Optional Equipment,2,No,Typical equipment used by a battery distribution business business.
E03291,B0470,Battery Distribution Business,Energy,Battery,Cable testing equipment,Optional Equipment,1,No,Typical equipment used by a battery distribution business business.
E03292,B0471,Energy Audit Firm,Energy,Energy Services,Electrical testing meter,Essential Equipment,1,Yes,Typical equipment used by a energy audit firm business.
E03293,B0471,Energy Audit Firm,Energy,Energy Services,Solar installation tools,Essential Equipment,1,Yes,Typical equipment used by a energy audit firm business.
E03294,B0471,Energy Audit Firm,Energy,Energy Services,Inverter,Essential Equipment,1,Yes,Typical equipment used by a energy audit firm business.
E03295,B0471,Energy Audit Firm,Energy,Energy Services,Battery storage system,Essential Equipment,1,Yes,Typical equipment used by a energy audit firm business.
E03296,B0471,Energy Audit Firm,Energy,Energy Services,Safety harness,Essential Equipment,1,Yes,Typical equipment used by a energy audit firm business.
E03297,B0471,Energy Audit Firm,Energy,Energy Services,Multimeter,Optional Equipment,1,No,Typical equipment used by a energy audit firm business.
E03298,B0472,Energy Efficiency Consultancy,Energy,Energy Services,Electrical testing meter,Essential Equipment,1,Yes,Typical equipment used by a energy efficiency consultancy business.
E03299,B0472,Energy Efficiency Consultancy,Energy,Energy Services,Solar installation tools,Essential Equipment,1,Yes,Typical equipment used by a energy efficiency consultancy business.
E03300,B0472,Energy Efficiency Consultancy,Energy,Energy Services,Inverter,Essential Equipment,1,Yes,Typical equipment used by a energy efficiency consultancy business.
E03301,B0472,Energy Efficiency Consultancy,Energy,Energy Services,Battery storage system,Essential Equipment,1,Yes,Typical equipment used by a energy efficiency consultancy business.
E03302,B0472,Energy Efficiency Consultancy,Energy,Energy Services,Safety harness,Essential Equipment,1,Yes,Typical equipment used by a energy efficiency consultancy business.
E03303,B0472,Energy Efficiency Consultancy,Energy,Energy Services,Multimeter,Optional Equipment,1,No,Typical equipment used by a energy efficiency consultancy business.
E03304,B0472,Energy Efficiency Consultancy,Energy,Energy Services,Thermal camera,Optional Equipment,2,No,Typical equipment used by a energy efficiency consultancy business.
E03305,B0473,Power Quality Service,Energy,Energy Services,Electrical testing meter,Essential Equipment,1,Yes,Typical equipment used by a power quality service business.
E03306,B0473,Power Quality Service,Energy,Energy Services,Solar installation tools,Essential Equipment,1,Yes,Typical equipment used by a power quality service business.
E03307,B0473,Power Quality Service,Energy,Energy Services,Inverter,Essential Equipment,1,Yes,Typical equipment used by a power quality service business.
E03308,B0473,Power Quality Service,Energy,Energy Services,Battery storage system,Essential Equipment,1,Yes,Typical equipment used by a power quality service business.
E03309,B0473,Power Quality Service,Energy,Energy Services,Safety harness,Essential Equipment,1,Yes,Typical equipment used by a power quality service business.
E03310,B0473,Power Quality Service,Energy,Energy Services,Multimeter,Optional Equipment,1,No,Typical equipment used by a power quality service business.
E03311,B0473,Power Quality Service,Energy,Energy Services,Thermal camera,Optional Equipment,2,No,Typical equipment used by a power quality service business.
E03312,B0473,Power Quality Service,Energy,Energy Services,Cable testing equipment,Optional Equipment,1,No,Typical equipment used by a power quality service business.
E03313,B0474,Energy Monitoring Company,Energy,Energy Services,Electrical testing meter,Essential Equipment,1,Yes,Typical equipment used by a energy monitoring company business.
E03314,B0474,Energy Monitoring Company,Energy,Energy Services,Solar installation tools,Essential Equipment,1,Yes,Typical equipment used by a energy monitoring company business.
E03315,B0474,Energy Monitoring Company,Energy,Energy Services,Inverter,Essential Equipment,1,Yes,Typical equipment used by a energy monitoring company business.
E03316,B0474,Energy Monitoring Company,Energy,Energy Services,Battery storage system,Essential Equipment,1,Yes,Typical equipment used by a energy monitoring company business.
E03317,B0474,Energy Monitoring Company,Energy,Energy Services,Safety harness,Essential Equipment,1,Yes,Typical equipment used by a energy monitoring company business.
E03318,B0474,Energy Monitoring Company,Energy,Energy Services,Multimeter,Optional Equipment,1,No,Typical equipment used by a energy monitoring company business.
E03319,B0475,Electrical Energy Consultancy,Energy,Energy Services,Electrical testing meter,Essential Equipment,1,Yes,Typical equipment used by a electrical energy consultancy business.
E03320,B0475,Electrical Energy Consultancy,Energy,Energy Services,Solar installation tools,Essential Equipment,1,Yes,Typical equipment used by a electrical energy consultancy business.
E03321,B0475,Electrical Energy Consultancy,Energy,Energy Services,Inverter,Essential Equipment,1,Yes,Typical equipment used by a electrical energy consultancy business.
E03322,B0475,Electrical Energy Consultancy,Energy,Energy Services,Battery storage system,Essential Equipment,1,Yes,Typical equipment used by a electrical energy consultancy business.
E03323,B0475,Electrical Energy Consultancy,Energy,Energy Services,Safety harness,Essential Equipment,1,Yes,Typical equipment used by a electrical energy consultancy business.
E03324,B0475,Electrical Energy Consultancy,Energy,Energy Services,Multimeter,Optional Equipment,1,No,Typical equipment used by a electrical energy consultancy business.
E03325,B0475,Electrical Energy Consultancy,Energy,Energy Services,Thermal camera,Optional Equipment,2,No,Typical equipment used by a electrical energy consultancy business.
E03326,B0476,General Warehouse,Logistics,Warehouse,Barcode scanner,Essential Equipment,1,Yes,Typical equipment used by a general warehouse business.
E03327,B0476,General Warehouse,Logistics,Warehouse,Weighing scale,Essential Equipment,1,Yes,Typical equipment used by a general warehouse business.
E03328,B0476,General Warehouse,Logistics,Warehouse,Warehouse racks,Essential Equipment,1,Yes,Typical equipment used by a general warehouse business.
E03329,B0476,General Warehouse,Logistics,Warehouse,Hand pallet truck,Essential Equipment,1,Yes,Typical equipment used by a general warehouse business.
E03330,B0476,General Warehouse,Logistics,Warehouse,Forklift,Essential Equipment,1,Yes,Typical equipment used by a general warehouse business.
E03331,B0476,General Warehouse,Logistics,Warehouse,Label printer,Optional Equipment,1,No,Typical equipment used by a general warehouse business.
E03332,B0476,General Warehouse,Logistics,Warehouse,GPS tracker,Optional Equipment,2,No,Typical equipment used by a general warehouse business.
E03333,B0476,General Warehouse,Logistics,Warehouse,Warehouse computer,Optional Equipment,1,No,Typical equipment used by a general warehouse business.
E03334,B0477,Cold Storage Warehouse,Logistics,Warehouse,Barcode scanner,Essential Equipment,1,Yes,Typical equipment used by a cold storage warehouse business.
E03335,B0477,Cold Storage Warehouse,Logistics,Warehouse,Weighing scale,Essential Equipment,1,Yes,Typical equipment used by a cold storage warehouse business.
E03336,B0477,Cold Storage Warehouse,Logistics,Warehouse,Warehouse racks,Essential Equipment,1,Yes,Typical equipment used by a cold storage warehouse business.
E03337,B0477,Cold Storage Warehouse,Logistics,Warehouse,Hand pallet truck,Essential Equipment,1,Yes,Typical equipment used by a cold storage warehouse business.
E03338,B0477,Cold Storage Warehouse,Logistics,Warehouse,Forklift,Essential Equipment,1,Yes,Typical equipment used by a cold storage warehouse business.
E03339,B0477,Cold Storage Warehouse,Logistics,Warehouse,Label printer,Optional Equipment,1,No,Typical equipment used by a cold storage warehouse business.
E03340,B0478,E-commerce Fulfillment Center,Logistics,Warehouse,Barcode scanner,Essential Equipment,1,Yes,Typical equipment used by a e-commerce fulfillment center business.
E03341,B0478,E-commerce Fulfillment Center,Logistics,Warehouse,Weighing scale,Essential Equipment,1,Yes,Typical equipment used by a e-commerce fulfillment center business.
E03342,B0478,E-commerce Fulfillment Center,Logistics,Warehouse,Warehouse racks,Essential Equipment,1,Yes,Typical equipment used by a e-commerce fulfillment center business.
E03343,B0478,E-commerce Fulfillment Center,Logistics,Warehouse,Hand pallet truck,Essential Equipment,1,Yes,Typical equipment used by a e-commerce fulfillment center business.
E03344,B0478,E-commerce Fulfillment Center,Logistics,Warehouse,Forklift,Essential Equipment,1,Yes,Typical equipment used by a e-commerce fulfillment center business.
E03345,B0478,E-commerce Fulfillment Center,Logistics,Warehouse,Label printer,Optional Equipment,1,No,Typical equipment used by a e-commerce fulfillment center business.
E03346,B0478,E-commerce Fulfillment Center,Logistics,Warehouse,GPS tracker,Optional Equipment,2,No,Typical equipment used by a e-commerce fulfillment center business.
E03347,B0479,Distribution Center,Logistics,Warehouse,Barcode scanner,Essential Equipment,1,Yes,Typical equipment used by a distribution center business.
E03348,B0479,Distribution Center,Logistics,Warehouse,Weighing scale,Essential Equipment,1,Yes,Typical equipment used by a distribution center business.
E03349,B0479,Distribution Center,Logistics,Warehouse,Warehouse racks,Essential Equipment,1,Yes,Typical equipment used by a distribution center business.
E03350,B0479,Distribution Center,Logistics,Warehouse,Hand pallet truck,Essential Equipment,1,Yes,Typical equipment used by a distribution center business.
E03351,B0479,Distribution Center,Logistics,Warehouse,Forklift,Essential Equipment,1,Yes,Typical equipment used by a distribution center business.
E03352,B0479,Distribution Center,Logistics,Warehouse,Label printer,Optional Equipment,1,No,Typical equipment used by a distribution center business.
E03353,B0479,Distribution Center,Logistics,Warehouse,GPS tracker,Optional Equipment,2,No,Typical equipment used by a distribution center business.
E03354,B0479,Distribution Center,Logistics,Warehouse,Warehouse computer,Optional Equipment,1,No,Typical equipment used by a distribution center business.
E03355,B0480,Bonded Warehouse,Logistics,Warehouse,Barcode scanner,Essential Equipment,1,Yes,Typical equipment used by a bonded warehouse business.
E03356,B0480,Bonded Warehouse,Logistics,Warehouse,Weighing scale,Essential Equipment,1,Yes,Typical equipment used by a bonded warehouse business.
E03357,B0480,Bonded Warehouse,Logistics,Warehouse,Warehouse racks,Essential Equipment,1,Yes,Typical equipment used by a bonded warehouse business.
E03358,B0480,Bonded Warehouse,Logistics,Warehouse,Hand pallet truck,Essential Equipment,1,Yes,Typical equipment used by a bonded warehouse business.
E03359,B0480,Bonded Warehouse,Logistics,Warehouse,Forklift,Essential Equipment,1,Yes,Typical equipment used by a bonded warehouse business.
E03360,B0480,Bonded Warehouse,Logistics,Warehouse,Label printer,Optional Equipment,1,No,Typical equipment used by a bonded warehouse business.
E03361,B0481,Food Delivery Service,Logistics,Delivery,Barcode scanner,Essential Equipment,1,Yes,Typical equipment used by a food delivery service business.
E03362,B0481,Food Delivery Service,Logistics,Delivery,Weighing scale,Essential Equipment,1,Yes,Typical equipment used by a food delivery service business.
E03363,B0481,Food Delivery Service,Logistics,Delivery,Warehouse racks,Essential Equipment,1,Yes,Typical equipment used by a food delivery service business.
E03364,B0481,Food Delivery Service,Logistics,Delivery,Hand pallet truck,Essential Equipment,1,Yes,Typical equipment used by a food delivery service business.
E03365,B0481,Food Delivery Service,Logistics,Delivery,Forklift,Essential Equipment,1,Yes,Typical equipment used by a food delivery service business.
E03366,B0481,Food Delivery Service,Logistics,Delivery,Label printer,Optional Equipment,1,No,Typical equipment used by a food delivery service business.
E03367,B0481,Food Delivery Service,Logistics,Delivery,GPS tracker,Optional Equipment,2,No,Typical equipment used by a food delivery service business.
E03368,B0482,Local Delivery Service,Logistics,Delivery,Barcode scanner,Essential Equipment,1,Yes,Typical equipment used by a local delivery service business.
E03369,B0482,Local Delivery Service,Logistics,Delivery,Weighing scale,Essential Equipment,1,Yes,Typical equipment used by a local delivery service business.
E03370,B0482,Local Delivery Service,Logistics,Delivery,Warehouse racks,Essential Equipment,1,Yes,Typical equipment used by a local delivery service business.
E03371,B0482,Local Delivery Service,Logistics,Delivery,Hand pallet truck,Essential Equipment,1,Yes,Typical equipment used by a local delivery service business.
E03372,B0482,Local Delivery Service,Logistics,Delivery,Forklift,Essential Equipment,1,Yes,Typical equipment used by a local delivery service business.
E03373,B0482,Local Delivery Service,Logistics,Delivery,Label printer,Optional Equipment,1,No,Typical equipment used by a local delivery service business.
E03374,B0482,Local Delivery Service,Logistics,Delivery,GPS tracker,Optional Equipment,2,No,Typical equipment used by a local delivery service business.
E03375,B0482,Local Delivery Service,Logistics,Delivery,Warehouse computer,Optional Equipment,1,No,Typical equipment used by a local delivery service business.
E03376,B0483,Medicine Delivery Service,Logistics,Delivery,Barcode scanner,Essential Equipment,1,Yes,Typical equipment used by a medicine delivery service business.
E03377,B0483,Medicine Delivery Service,Logistics,Delivery,Weighing scale,Essential Equipment,1,Yes,Typical equipment used by a medicine delivery service business.
E03378,B0483,Medicine Delivery Service,Logistics,Delivery,Warehouse racks,Essential Equipment,1,Yes,Typical equipment used by a medicine delivery service business.
E03379,B0483,Medicine Delivery Service,Logistics,Delivery,Hand pallet truck,Essential Equipment,1,Yes,Typical equipment used by a medicine delivery service business.
E03380,B0483,Medicine Delivery Service,Logistics,Delivery,Forklift,Essential Equipment,1,Yes,Typical equipment used by a medicine delivery service business.
E03381,B0483,Medicine Delivery Service,Logistics,Delivery,Label printer,Optional Equipment,1,No,Typical equipment used by a medicine delivery service business.
E03382,B0484,Grocery Delivery Service,Logistics,Delivery,Barcode scanner,Essential Equipment,1,Yes,Typical equipment used by a grocery delivery service business.
E03383,B0484,Grocery Delivery Service,Logistics,Delivery,Weighing scale,Essential Equipment,1,Yes,Typical equipment used by a grocery delivery service business.
E03384,B0484,Grocery Delivery Service,Logistics,Delivery,Warehouse racks,Essential Equipment,1,Yes,Typical equipment used by a grocery delivery service business.
E03385,B0484,Grocery Delivery Service,Logistics,Delivery,Hand pallet truck,Essential Equipment,1,Yes,Typical equipment used by a grocery delivery service business.
E03386,B0484,Grocery Delivery Service,Logistics,Delivery,Forklift,Essential Equipment,1,Yes,Typical equipment used by a grocery delivery service business.
E03387,B0484,Grocery Delivery Service,Logistics,Delivery,Label printer,Optional Equipment,1,No,Typical equipment used by a grocery delivery service business.
E03388,B0484,Grocery Delivery Service,Logistics,Delivery,GPS tracker,Optional Equipment,2,No,Typical equipment used by a grocery delivery service business.
E03389,B0485,B2B Delivery Service,Logistics,Delivery,Barcode scanner,Essential Equipment,1,Yes,Typical equipment used by a b2b delivery service business.
E03390,B0485,B2B Delivery Service,Logistics,Delivery,Weighing scale,Essential Equipment,1,Yes,Typical equipment used by a b2b delivery service business.
E03391,B0485,B2B Delivery Service,Logistics,Delivery,Warehouse racks,Essential Equipment,1,Yes,Typical equipment used by a b2b delivery service business.
E03392,B0485,B2B Delivery Service,Logistics,Delivery,Hand pallet truck,Essential Equipment,1,Yes,Typical equipment used by a b2b delivery service business.
E03393,B0485,B2B Delivery Service,Logistics,Delivery,Forklift,Essential Equipment,1,Yes,Typical equipment used by a b2b delivery service business.
E03394,B0485,B2B Delivery Service,Logistics,Delivery,Label printer,Optional Equipment,1,No,Typical equipment used by a b2b delivery service business.
E03395,B0485,B2B Delivery Service,Logistics,Delivery,GPS tracker,Optional Equipment,2,No,Typical equipment used by a b2b delivery service business.
E03396,B0485,B2B Delivery Service,Logistics,Delivery,Warehouse computer,Optional Equipment,1,No,Typical equipment used by a b2b delivery service business.
E03397,B0486,Supply Chain Consultancy,Logistics,Supply Chain,Barcode scanner,Essential Equipment,1,Yes,Typical equipment used by a supply chain consultancy business.
E03398,B0486,Supply Chain Consultancy,Logistics,Supply Chain,Weighing scale,Essential Equipment,1,Yes,Typical equipment used by a supply chain consultancy business.
E03399,B0486,Supply Chain Consultancy,Logistics,Supply Chain,Warehouse racks,Essential Equipment,1,Yes,Typical equipment used by a supply chain consultancy business.
E03400,B0486,Supply Chain Consultancy,Logistics,Supply Chain,Hand pallet truck,Essential Equipment,1,Yes,Typical equipment used by a supply chain consultancy business.
E03401,B0486,Supply Chain Consultancy,Logistics,Supply Chain,Forklift,Essential Equipment,1,Yes,Typical equipment used by a supply chain consultancy business.
E03402,B0486,Supply Chain Consultancy,Logistics,Supply Chain,Label printer,Optional Equipment,1,No,Typical equipment used by a supply chain consultancy business.
E03403,B0487,Inventory Management Service,Logistics,Supply Chain,Barcode scanner,Essential Equipment,1,Yes,Typical equipment used by a inventory management service business.
E03404,B0487,Inventory Management Service,Logistics,Supply Chain,Weighing scale,Essential Equipment,1,Yes,Typical equipment used by a inventory management service business.
E03405,B0487,Inventory Management Service,Logistics,Supply Chain,Warehouse racks,Essential Equipment,1,Yes,Typical equipment used by a inventory management service business.
E03406,B0487,Inventory Management Service,Logistics,Supply Chain,Hand pallet truck,Essential Equipment,1,Yes,Typical equipment used by a inventory management service business.
E03407,B0487,Inventory Management Service,Logistics,Supply Chain,Forklift,Essential Equipment,1,Yes,Typical equipment used by a inventory management service business.
E03408,B0487,Inventory Management Service,Logistics,Supply Chain,Label printer,Optional Equipment,1,No,Typical equipment used by a inventory management service business.
E03409,B0487,Inventory Management Service,Logistics,Supply Chain,GPS tracker,Optional Equipment,2,No,Typical equipment used by a inventory management service business.
E03410,B0488,Procurement Service,Logistics,Supply Chain,Barcode scanner,Essential Equipment,1,Yes,Typical equipment used by a procurement service business.
E03411,B0488,Procurement Service,Logistics,Supply Chain,Weighing scale,Essential Equipment,1,Yes,Typical equipment used by a procurement service business.
E03412,B0488,Procurement Service,Logistics,Supply Chain,Warehouse racks,Essential Equipment,1,Yes,Typical equipment used by a procurement service business.
E03413,B0488,Procurement Service,Logistics,Supply Chain,Hand pallet truck,Essential Equipment,1,Yes,Typical equipment used by a procurement service business.
E03414,B0488,Procurement Service,Logistics,Supply Chain,Forklift,Essential Equipment,1,Yes,Typical equipment used by a procurement service business.
E03415,B0488,Procurement Service,Logistics,Supply Chain,Label printer,Optional Equipment,1,No,Typical equipment used by a procurement service business.
E03416,B0488,Procurement Service,Logistics,Supply Chain,GPS tracker,Optional Equipment,2,No,Typical equipment used by a procurement service business.
E03417,B0488,Procurement Service,Logistics,Supply Chain,Warehouse computer,Optional Equipment,1,No,Typical equipment used by a procurement service business.
E03418,B0489,Supply Chain Technology Company,Logistics,Supply Chain,Barcode scanner,Essential Equipment,1,Yes,Typical equipment used by a supply chain technology company business.
E03419,B0489,Supply Chain Technology Company,Logistics,Supply Chain,Weighing scale,Essential Equipment,1,Yes,Typical equipment used by a supply chain technology company business.
E03420,B0489,Supply Chain Technology Company,Logistics,Supply Chain,Warehouse racks,Essential Equipment,1,Yes,Typical equipment used by a supply chain technology company business.
E03421,B0489,Supply Chain Technology Company,Logistics,Supply Chain,Hand pallet truck,Essential Equipment,1,Yes,Typical equipment used by a supply chain technology company business.
E03422,B0489,Supply Chain Technology Company,Logistics,Supply Chain,Forklift,Essential Equipment,1,Yes,Typical equipment used by a supply chain technology company business.
E03423,B0489,Supply Chain Technology Company,Logistics,Supply Chain,Label printer,Optional Equipment,1,No,Typical equipment used by a supply chain technology company business.
E03424,B0490,Freight Forwarding Service,Logistics,Supply Chain,Barcode scanner,Essential Equipment,1,Yes,Typical equipment used by a freight forwarding service business.
E03425,B0490,Freight Forwarding Service,Logistics,Supply Chain,Weighing scale,Essential Equipment,1,Yes,Typical equipment used by a freight forwarding service business.
E03426,B0490,Freight Forwarding Service,Logistics,Supply Chain,Warehouse racks,Essential Equipment,1,Yes,Typical equipment used by a freight forwarding service business.
E03427,B0490,Freight Forwarding Service,Logistics,Supply Chain,Hand pallet truck,Essential Equipment,1,Yes,Typical equipment used by a freight forwarding service business.
E03428,B0490,Freight Forwarding Service,Logistics,Supply Chain,Forklift,Essential Equipment,1,Yes,Typical equipment used by a freight forwarding service business.
E03429,B0490,Freight Forwarding Service,Logistics,Supply Chain,Label printer,Optional Equipment,1,No,Typical equipment used by a freight forwarding service business.
E03430,B0490,Freight Forwarding Service,Logistics,Supply Chain,GPS tracker,Optional Equipment,2,No,Typical equipment used by a freight forwarding service business.
E03431,B0491,Truck Transport Company,Logistics,Transportation,Barcode scanner,Essential Equipment,1,Yes,Typical equipment used by a truck transport company business.
E03432,B0491,Truck Transport Company,Logistics,Transportation,Weighing scale,Essential Equipment,1,Yes,Typical equipment used by a truck transport company business.
E03433,B0491,Truck Transport Company,Logistics,Transportation,Warehouse racks,Essential Equipment,1,Yes,Typical equipment used by a truck transport company business.
E03434,B0491,Truck Transport Company,Logistics,Transportation,Hand pallet truck,Essential Equipment,1,Yes,Typical equipment used by a truck transport company business.
E03435,B0491,Truck Transport Company,Logistics,Transportation,Forklift,Essential Equipment,1,Yes,Typical equipment used by a truck transport company business.
E03436,B0491,Truck Transport Company,Logistics,Transportation,Label printer,Optional Equipment,1,No,Typical equipment used by a truck transport company business.
E03437,B0491,Truck Transport Company,Logistics,Transportation,GPS tracker,Optional Equipment,2,No,Typical equipment used by a truck transport company business.
E03438,B0491,Truck Transport Company,Logistics,Transportation,Warehouse computer,Optional Equipment,1,No,Typical equipment used by a truck transport company business.
E03439,B0492,Mini Truck Service,Logistics,Transportation,Barcode scanner,Essential Equipment,1,Yes,Typical equipment used by a mini truck service business.
E03440,B0492,Mini Truck Service,Logistics,Transportation,Weighing scale,Essential Equipment,1,Yes,Typical equipment used by a mini truck service business.
E03441,B0492,Mini Truck Service,Logistics,Transportation,Warehouse racks,Essential Equipment,1,Yes,Typical equipment used by a mini truck service business.
E03442,B0492,Mini Truck Service,Logistics,Transportation,Hand pallet truck,Essential Equipment,1,Yes,Typical equipment used by a mini truck service business.
E03443,B0492,Mini Truck Service,Logistics,Transportation,Forklift,Essential Equipment,1,Yes,Typical equipment used by a mini truck service business.
E03444,B0492,Mini Truck Service,Logistics,Transportation,Label printer,Optional Equipment,1,No,Typical equipment used by a mini truck service business.
E03445,B0493,Container Transport Company,Logistics,Transportation,Barcode scanner,Essential Equipment,1,Yes,Typical equipment used by a container transport company business.
E03446,B0493,Container Transport Company,Logistics,Transportation,Weighing scale,Essential Equipment,1,Yes,Typical equipment used by a container transport company business.
E03447,B0493,Container Transport Company,Logistics,Transportation,Warehouse racks,Essential Equipment,1,Yes,Typical equipment used by a container transport company business.
E03448,B0493,Container Transport Company,Logistics,Transportation,Hand pallet truck,Essential Equipment,1,Yes,Typical equipment used by a container transport company business.
E03449,B0493,Container Transport Company,Logistics,Transportation,Forklift,Essential Equipment,1,Yes,Typical equipment used by a container transport company business.
E03450,B0493,Container Transport Company,Logistics,Transportation,Label printer,Optional Equipment,1,No,Typical equipment used by a container transport company business.
E03451,B0493,Container Transport Company,Logistics,Transportation,GPS tracker,Optional Equipment,2,No,Typical equipment used by a container transport company business.
E03452,B0494,Intercity Transport Service,Logistics,Transportation,Barcode scanner,Essential Equipment,1,Yes,Typical equipment used by a intercity transport service business.
E03453,B0494,Intercity Transport Service,Logistics,Transportation,Weighing scale,Essential Equipment,1,Yes,Typical equipment used by a intercity transport service business.
E03454,B0494,Intercity Transport Service,Logistics,Transportation,Warehouse racks,Essential Equipment,1,Yes,Typical equipment used by a intercity transport service business.
E03455,B0494,Intercity Transport Service,Logistics,Transportation,Hand pallet truck,Essential Equipment,1,Yes,Typical equipment used by a intercity transport service business.
E03456,B0494,Intercity Transport Service,Logistics,Transportation,Forklift,Essential Equipment,1,Yes,Typical equipment used by a intercity transport service business.
E03457,B0494,Intercity Transport Service,Logistics,Transportation,Label printer,Optional Equipment,1,No,Typical equipment used by a intercity transport service business.
E03458,B0494,Intercity Transport Service,Logistics,Transportation,GPS tracker,Optional Equipment,2,No,Typical equipment used by a intercity transport service business.
E03459,B0494,Intercity Transport Service,Logistics,Transportation,Warehouse computer,Optional Equipment,1,No,Typical equipment used by a intercity transport service business.
E03460,B0495,Fleet Transport Company,Logistics,Transportation,Barcode scanner,Essential Equipment,1,Yes,Typical equipment used by a fleet transport company business.
E03461,B0495,Fleet Transport Company,Logistics,Transportation,Weighing scale,Essential Equipment,1,Yes,Typical equipment used by a fleet transport company business.
E03462,B0495,Fleet Transport Company,Logistics,Transportation,Warehouse racks,Essential Equipment,1,Yes,Typical equipment used by a fleet transport company business.
E03463,B0495,Fleet Transport Company,Logistics,Transportation,Hand pallet truck,Essential Equipment,1,Yes,Typical equipment used by a fleet transport company business.
E03464,B0495,Fleet Transport Company,Logistics,Transportation,Forklift,Essential Equipment,1,Yes,Typical equipment used by a fleet transport company business.
E03465,B0495,Fleet Transport Company,Logistics,Transportation,Label printer,Optional Equipment,1,No,Typical equipment used by a fleet transport company business.
E03466,B0496,Last-Mile Delivery Company,Logistics,Last-Mile,Barcode scanner,Essential Equipment,1,Yes,Typical equipment used by a last-mile delivery company business.
E03467,B0496,Last-Mile Delivery Company,Logistics,Last-Mile,Weighing scale,Essential Equipment,1,Yes,Typical equipment used by a last-mile delivery company business.
E03468,B0496,Last-Mile Delivery Company,Logistics,Last-Mile,Warehouse racks,Essential Equipment,1,Yes,Typical equipment used by a last-mile delivery company business.
E03469,B0496,Last-Mile Delivery Company,Logistics,Last-Mile,Hand pallet truck,Essential Equipment,1,Yes,Typical equipment used by a last-mile delivery company business.
E03470,B0496,Last-Mile Delivery Company,Logistics,Last-Mile,Forklift,Essential Equipment,1,Yes,Typical equipment used by a last-mile delivery company business.
E03471,B0496,Last-Mile Delivery Company,Logistics,Last-Mile,Label printer,Optional Equipment,1,No,Typical equipment used by a last-mile delivery company business.
E03472,B0496,Last-Mile Delivery Company,Logistics,Last-Mile,GPS tracker,Optional Equipment,2,No,Typical equipment used by a last-mile delivery company business.
E03473,B0497,Hyperlocal Delivery Service,Logistics,Last-Mile,Barcode scanner,Essential Equipment,1,Yes,Typical equipment used by a hyperlocal delivery service business.
E03474,B0497,Hyperlocal Delivery Service,Logistics,Last-Mile,Weighing scale,Essential Equipment,1,Yes,Typical equipment used by a hyperlocal delivery service business.
E03475,B0497,Hyperlocal Delivery Service,Logistics,Last-Mile,Warehouse racks,Essential Equipment,1,Yes,Typical equipment used by a hyperlocal delivery service business.
E03476,B0497,Hyperlocal Delivery Service,Logistics,Last-Mile,Hand pallet truck,Essential Equipment,1,Yes,Typical equipment used by a hyperlocal delivery service business.
E03477,B0497,Hyperlocal Delivery Service,Logistics,Last-Mile,Forklift,Essential Equipment,1,Yes,Typical equipment used by a hyperlocal delivery service business.
E03478,B0497,Hyperlocal Delivery Service,Logistics,Last-Mile,Label printer,Optional Equipment,1,No,Typical equipment used by a hyperlocal delivery service business.
E03479,B0497,Hyperlocal Delivery Service,Logistics,Last-Mile,GPS tracker,Optional Equipment,2,No,Typical equipment used by a hyperlocal delivery service business.
E03480,B0497,Hyperlocal Delivery Service,Logistics,Last-Mile,Warehouse computer,Optional Equipment,1,No,Typical equipment used by a hyperlocal delivery service business.
E03481,B0498,Parcel Pickup Service,Logistics,Last-Mile,Barcode scanner,Essential Equipment,1,Yes,Typical equipment used by a parcel pickup service business.
E03482,B0498,Parcel Pickup Service,Logistics,Last-Mile,Weighing scale,Essential Equipment,1,Yes,Typical equipment used by a parcel pickup service business.
E03483,B0498,Parcel Pickup Service,Logistics,Last-Mile,Warehouse racks,Essential Equipment,1,Yes,Typical equipment used by a parcel pickup service business.
E03484,B0498,Parcel Pickup Service,Logistics,Last-Mile,Hand pallet truck,Essential Equipment,1,Yes,Typical equipment used by a parcel pickup service business.
E03485,B0498,Parcel Pickup Service,Logistics,Last-Mile,Forklift,Essential Equipment,1,Yes,Typical equipment used by a parcel pickup service business.
E03486,B0498,Parcel Pickup Service,Logistics,Last-Mile,Label printer,Optional Equipment,1,No,Typical equipment used by a parcel pickup service business.
E03487,B0499,Route Optimization Service,Logistics,Last-Mile,Barcode scanner,Essential Equipment,1,Yes,Typical equipment used by a route optimization service business.
E03488,B0499,Route Optimization Service,Logistics,Last-Mile,Weighing scale,Essential Equipment,1,Yes,Typical equipment used by a route optimization service business.
E03489,B0499,Route Optimization Service,Logistics,Last-Mile,Warehouse racks,Essential Equipment,1,Yes,Typical equipment used by a route optimization service business.
E03490,B0499,Route Optimization Service,Logistics,Last-Mile,Hand pallet truck,Essential Equipment,1,Yes,Typical equipment used by a route optimization service business.
E03491,B0499,Route Optimization Service,Logistics,Last-Mile,Forklift,Essential Equipment,1,Yes,Typical equipment used by a route optimization service business.
E03492,B0499,Route Optimization Service,Logistics,Last-Mile,Label printer,Optional Equipment,1,No,Typical equipment used by a route optimization service business.
E03493,B0499,Route Optimization Service,Logistics,Last-Mile,GPS tracker,Optional Equipment,2,No,Typical equipment used by a route optimization service business.
E03494,B0500,Delivery Fleet Service,Logistics,Last-Mile,Barcode scanner,Essential Equipment,1,Yes,Typical equipment used by a delivery fleet service business.
E03495,B0500,Delivery Fleet Service,Logistics,Last-Mile,Weighing scale,Essential Equipment,1,Yes,Typical equipment used by a delivery fleet service business.
E03496,B0500,Delivery Fleet Service,Logistics,Last-Mile,Warehouse racks,Essential Equipment,1,Yes,Typical equipment used by a delivery fleet service business.
E03497,B0500,Delivery Fleet Service,Logistics,Last-Mile,Hand pallet truck,Essential Equipment,1,Yes,Typical equipment used by a delivery fleet service business.
E03498,B0500,Delivery Fleet Service,Logistics,Last-Mile,Forklift,Essential Equipment,1,Yes,Typical equipment used by a delivery fleet service business.
E03499,B0500,Delivery Fleet Service,Logistics,Last-Mile,Label printer,Optional Equipment,1,No,Typical equipment used by a delivery fleet service business.
E03500,B0500,Delivery Fleet Service,Logistics,Last-Mile,GPS tracker,Optional Equipment,2,No,Typical equipment used by a delivery fleet service business.
E03501,B0500,Delivery Fleet Service,Logistics,Last-Mile,Warehouse computer,Optional Equipment,1,No,Typical equipment used by a delivery fleet service business.
E03502,B0001,CRM SaaS,Technology / Startup,SaaS,Fire extinguisher,Operational / Safety Equipment,1,Yes,Common operational support equipment for a crm saas business.
E03503,B0001,CRM SaaS,Technology / Startup,SaaS,First aid kit,Operational / Safety Equipment,1,Yes,Common operational support equipment for a crm saas business.
E03504,B0001,CRM SaaS,Technology / Startup,SaaS,Extension board,Operational / Safety Equipment,1,No,Common operational support equipment for a crm saas business.
E03505,B0001,CRM SaaS,Technology / Startup,SaaS,Surge protector,Operational / Safety Equipment,1,No,Common operational support equipment for a crm saas business.
E03506,B0002,HR SaaS,Technology / Startup,SaaS,Fire extinguisher,Operational / Safety Equipment,1,Yes,Common operational support equipment for a hr saas business.
E03507,B0002,HR SaaS,Technology / Startup,SaaS,First aid kit,Operational / Safety Equipment,1,Yes,Common operational support equipment for a hr saas business.
E03508,B0002,HR SaaS,Technology / Startup,SaaS,Extension board,Operational / Safety Equipment,1,No,Common operational support equipment for a hr saas business.
E03509,B0002,HR SaaS,Technology / Startup,SaaS,Surge protector,Operational / Safety Equipment,1,No,Common operational support equipment for a hr saas business.
E03510,B0003,Accounting SaaS,Technology / Startup,SaaS,Fire extinguisher,Operational / Safety Equipment,1,Yes,Common operational support equipment for a accounting saas business.
E03511,B0003,Accounting SaaS,Technology / Startup,SaaS,First aid kit,Operational / Safety Equipment,1,Yes,Common operational support equipment for a accounting saas business.
E03512,B0003,Accounting SaaS,Technology / Startup,SaaS,Extension board,Operational / Safety Equipment,1,No,Common operational support equipment for a accounting saas business.
E03513,B0003,Accounting SaaS,Technology / Startup,SaaS,Surge protector,Operational / Safety Equipment,1,No,Common operational support equipment for a accounting saas business.
E03514,B0004,Project Management SaaS,Technology / Startup,SaaS,Fire extinguisher,Operational / Safety Equipment,1,Yes,Common operational support equipment for a project management saas business.
E03515,B0004,Project Management SaaS,Technology / Startup,SaaS,First aid kit,Operational / Safety Equipment,1,Yes,Common operational support equipment for a project management saas business.
E03516,B0004,Project Management SaaS,Technology / Startup,SaaS,Extension board,Operational / Safety Equipment,1,No,Common operational support equipment for a project management saas business.
E03517,B0004,Project Management SaaS,Technology / Startup,SaaS,Surge protector,Operational / Safety Equipment,1,No,Common operational support equipment for a project management saas business.
E03518,B0005,Retail SaaS,Technology / Startup,SaaS,Fire extinguisher,Operational / Safety Equipment,1,Yes,Common operational support equipment for a retail saas business.
E03519,B0005,Retail SaaS,Technology / Startup,SaaS,First aid kit,Operational / Safety Equipment,1,Yes,Common operational support equipment for a retail saas business.
E03520,B0005,Retail SaaS,Technology / Startup,SaaS,Extension board,Operational / Safety Equipment,1,No,Common operational support equipment for a retail saas business.
E03521,B0005,Retail SaaS,Technology / Startup,SaaS,Surge protector,Operational / Safety Equipment,1,No,Common operational support equipment for a retail saas business.
E03522,B0006,AI Startup,Technology / Startup,Artificial Intelligence,Fire extinguisher,Operational / Safety Equipment,1,Yes,Common operational support equipment for a ai startup business.
E03523,B0006,AI Startup,Technology / Startup,Artificial Intelligence,First aid kit,Operational / Safety Equipment,1,Yes,Common operational support equipment for a ai startup business.
E03524,B0006,AI Startup,Technology / Startup,Artificial Intelligence,Extension board,Operational / Safety Equipment,1,No,Common operational support equipment for a ai startup business.
E03525,B0006,AI Startup,Technology / Startup,Artificial Intelligence,Surge protector,Operational / Safety Equipment,1,No,Common operational support equipment for a ai startup business.
E03526,B0007,Computer Vision Company,Technology / Startup,Artificial Intelligence,Fire extinguisher,Operational / Safety Equipment,1,Yes,Common operational support equipment for a computer vision company business.
E03527,B0007,Computer Vision Company,Technology / Startup,Artificial Intelligence,First aid kit,Operational / Safety Equipment,1,Yes,Common operational support equipment for a computer vision company business.
E03528,B0007,Computer Vision Company,Technology / Startup,Artificial Intelligence,Extension board,Operational / Safety Equipment,1,No,Common operational support equipment for a computer vision company business.
E03529,B0007,Computer Vision Company,Technology / Startup,Artificial Intelligence,Surge protector,Operational / Safety Equipment,1,No,Common operational support equipment for a computer vision company business.
E03530,B0008,NLP Startup,Technology / Startup,Artificial Intelligence,Fire extinguisher,Operational / Safety Equipment,1,Yes,Common operational support equipment for a nlp startup business.
E03531,B0008,NLP Startup,Technology / Startup,Artificial Intelligence,First aid kit,Operational / Safety Equipment,1,Yes,Common operational support equipment for a nlp startup business.
E03532,B0008,NLP Startup,Technology / Startup,Artificial Intelligence,Extension board,Operational / Safety Equipment,1,No,Common operational support equipment for a nlp startup business.
E03533,B0008,NLP Startup,Technology / Startup,Artificial Intelligence,Surge protector,Operational / Safety Equipment,1,No,Common operational support equipment for a nlp startup business.
E03534,B0009,Generative AI Startup,Technology / Startup,Artificial Intelligence,Fire extinguisher,Operational / Safety Equipment,1,Yes,Common operational support equipment for a generative ai startup business.
E03535,B0009,Generative AI Startup,Technology / Startup,Artificial Intelligence,First aid kit,Operational / Safety Equipment,1,Yes,Common operational support equipment for a generative ai startup business.
E03536,B0009,Generative AI Startup,Technology / Startup,Artificial Intelligence,Extension board,Operational / Safety Equipment,1,No,Common operational support equipment for a generative ai startup business.
E03537,B0009,Generative AI Startup,Technology / Startup,Artificial Intelligence,Surge protector,Operational / Safety Equipment,1,No,Common operational support equipment for a generative ai startup business.
E03538,B0010,AI Automation Company,Technology / Startup,Artificial Intelligence,Fire extinguisher,Operational / Safety Equipment,1,Yes,Common operational support equipment for a ai automation company business.
E03539,B0010,AI Automation Company,Technology / Startup,Artificial Intelligence,First aid kit,Operational / Safety Equipment,1,Yes,Common operational support equipment for a ai automation company business.
E03540,B0010,AI Automation Company,Technology / Startup,Artificial Intelligence,Extension board,Operational / Safety Equipment,1,No,Common operational support equipment for a ai automation company business.
E03541,B0010,AI Automation Company,Technology / Startup,Artificial Intelligence,Surge protector,Operational / Safety Equipment,1,No,Common operational support equipment for a ai automation company business.
E03542,B0011,Web Development Agency,Technology / Startup,Web Development,Fire extinguisher,Operational / Safety Equipment,1,Yes,Common operational support equipment for a web development agency business.
E03543,B0011,Web Development Agency,Technology / Startup,Web Development,First aid kit,Operational / Safety Equipment,1,Yes,Common operational support equipment for a web development agency business.
E03544,B0011,Web Development Agency,Technology / Startup,Web Development,Extension board,Operational / Safety Equipment,1,No,Common operational support equipment for a web development agency business.
E03545,B0011,Web Development Agency,Technology / Startup,Web Development,Surge protector,Operational / Safety Equipment,1,No,Common operational support equipment for a web development agency business.
E03546,B0012,Full Stack Development Studio,Technology / Startup,Web Development,Fire extinguisher,Operational / Safety Equipment,1,Yes,Common operational support equipment for a full stack development studio business.
E03547,B0012,Full Stack Development Studio,Technology / Startup,Web Development,First aid kit,Operational / Safety Equipment,1,Yes,Common operational support equipment for a full stack development studio business.
E03548,B0012,Full Stack Development Studio,Technology / Startup,Web Development,Extension board,Operational / Safety Equipment,1,No,Common operational support equipment for a full stack development studio business.
E03549,B0012,Full Stack Development Studio,Technology / Startup,Web Development,Surge protector,Operational / Safety Equipment,1,No,Common operational support equipment for a full stack development studio business.
E03550,B0013,E-commerce Development Agency,Technology / Startup,Web Development,Fire extinguisher,Operational / Safety Equipment,1,Yes,Common operational support equipment for a e-commerce development agency business.
E03551,B0013,E-commerce Development Agency,Technology / Startup,Web Development,First aid kit,Operational / Safety Equipment,1,Yes,Common operational support equipment for a e-commerce development agency business.
E03552,B0013,E-commerce Development Agency,Technology / Startup,Web Development,Extension board,Operational / Safety Equipment,1,No,Common operational support equipment for a e-commerce development agency business.
E03553,B0013,E-commerce Development Agency,Technology / Startup,Web Development,Surge protector,Operational / Safety Equipment,1,No,Common operational support equipment for a e-commerce development agency business.
E03554,B0014,Mobile App Studio,Technology / Startup,Web Development,Fire extinguisher,Operational / Safety Equipment,1,Yes,Common operational support equipment for a mobile app studio business.
E03555,B0014,Mobile App Studio,Technology / Startup,Web Development,First aid kit,Operational / Safety Equipment,1,Yes,Common operational support equipment for a mobile app studio business.
E03556,B0014,Mobile App Studio,Technology / Startup,Web Development,Extension board,Operational / Safety Equipment,1,No,Common operational support equipment for a mobile app studio business.
E03557,B0014,Mobile App Studio,Technology / Startup,Web Development,Surge protector,Operational / Safety Equipment,1,No,Common operational support equipment for a mobile app studio business.
E03558,B0015,UI/UX Development Studio,Technology / Startup,Web Development,Fire extinguisher,Operational / Safety Equipment,1,Yes,Common operational support equipment for a ui/ux development studio business.
E03559,B0015,UI/UX Development Studio,Technology / Startup,Web Development,First aid kit,Operational / Safety Equipment,1,Yes,Common operational support equipment for a ui/ux development studio business.
E03560,B0015,UI/UX Development Studio,Technology / Startup,Web Development,Extension board,Operational / Safety Equipment,1,No,Common operational support equipment for a ui/ux development studio business.
E03561,B0015,UI/UX Development Studio,Technology / Startup,Web Development,Surge protector,Operational / Safety Equipment,1,No,Common operational support equipment for a ui/ux development studio business.
E03562,B0016,Cloud Consulting Company,Technology / Startup,Cloud,Fire extinguisher,Operational / Safety Equipment,1,Yes,Common operational support equipment for a cloud consulting company business.
E03563,B0016,Cloud Consulting Company,Technology / Startup,Cloud,First aid kit,Operational / Safety Equipment,1,Yes,Common operational support equipment for a cloud consulting company business.
E03564,B0016,Cloud Consulting Company,Technology / Startup,Cloud,Extension board,Operational / Safety Equipment,1,No,Common operational support equipment for a cloud consulting company business.
E03565,B0016,Cloud Consulting Company,Technology / Startup,Cloud,Surge protector,Operational / Safety Equipment,1,No,Common operational support equipment for a cloud consulting company business.
E03566,B0017,Cloud Migration Service,Technology / Startup,Cloud,Fire extinguisher,Operational / Safety Equipment,1,Yes,Common operational support equipment for a cloud migration service business.
E03567,B0017,Cloud Migration Service,Technology / Startup,Cloud,First aid kit,Operational / Safety Equipment,1,Yes,Common operational support equipment for a cloud migration service business.
E03568,B0017,Cloud Migration Service,Technology / Startup,Cloud,Extension board,Operational / Safety Equipment,1,No,Common operational support equipment for a cloud migration service business.
E03569,B0017,Cloud Migration Service,Technology / Startup,Cloud,Surge protector,Operational / Safety Equipment,1,No,Common operational support equipment for a cloud migration service business.
E03570,B0018,Managed Cloud Provider,Technology / Startup,Cloud,Fire extinguisher,Operational / Safety Equipment,1,Yes,Common operational support equipment for a managed cloud provider business.
E03571,B0018,Managed Cloud Provider,Technology / Startup,Cloud,First aid kit,Operational / Safety Equipment,1,Yes,Common operational support equipment for a managed cloud provider business.
E03572,B0018,Managed Cloud Provider,Technology / Startup,Cloud,Extension board,Operational / Safety Equipment,1,No,Common operational support equipment for a managed cloud provider business.
E03573,B0018,Managed Cloud Provider,Technology / Startup,Cloud,Surge protector,Operational / Safety Equipment,1,No,Common operational support equipment for a managed cloud provider business.
E03574,B0019,DevOps Company,Technology / Startup,Cloud,Fire extinguisher,Operational / Safety Equipment,1,Yes,Common operational support equipment for a devops company business.
E03575,B0019,DevOps Company,Technology / Startup,Cloud,First aid kit,Operational / Safety Equipment,1,Yes,Common operational support equipment for a devops company business.
E03576,B0019,DevOps Company,Technology / Startup,Cloud,Extension board,Operational / Safety Equipment,1,No,Common operational support equipment for a devops company business.
E03577,B0019,DevOps Company,Technology / Startup,Cloud,Surge protector,Operational / Safety Equipment,1,No,Common operational support equipment for a devops company business.
E03578,B0020,Cloud Security Company,Technology / Startup,Cloud,Fire extinguisher,Operational / Safety Equipment,1,Yes,Common operational support equipment for a cloud security company business.
E03579,B0020,Cloud Security Company,Technology / Startup,Cloud,First aid kit,Operational / Safety Equipment,1,Yes,Common operational support equipment for a cloud security company business.
E03580,B0020,Cloud Security Company,Technology / Startup,Cloud,Extension board,Operational / Safety Equipment,1,No,Common operational support equipment for a cloud security company business.
E03581,B0020,Cloud Security Company,Technology / Startup,Cloud,Surge protector,Operational / Safety Equipment,1,No,Common operational support equipment for a cloud security company business.
E03582,B0021,Cybersecurity Consultancy,Technology / Startup,Cybersecurity,Fire extinguisher,Operational / Safety Equipment,1,Yes,Common operational support equipment for a cybersecurity consultancy business.
E03583,B0021,Cybersecurity Consultancy,Technology / Startup,Cybersecurity,First aid kit,Operational / Safety Equipment,1,Yes,Common operational support equipment for a cybersecurity consultancy business.
E03584,B0021,Cybersecurity Consultancy,Technology / Startup,Cybersecurity,Extension board,Operational / Safety Equipment,1,No,Common operational support equipment for a cybersecurity consultancy business.
E03585,B0021,Cybersecurity Consultancy,Technology / Startup,Cybersecurity,Surge protector,Operational / Safety Equipment,1,No,Common operational support equipment for a cybersecurity consultancy business.
E03586,B0022,Security Operations Center,Technology / Startup,Cybersecurity,Fire extinguisher,Operational / Safety Equipment,1,Yes,Common operational support equipment for a security operations center business.
E03587,B0022,Security Operations Center,Technology / Startup,Cybersecurity,First aid kit,Operational / Safety Equipment,1,Yes,Common operational support equipment for a security operations center business.
E03588,B0022,Security Operations Center,Technology / Startup,Cybersecurity,Extension board,Operational / Safety Equipment,1,No,Common operational support equipment for a security operations center business.
E03589,B0022,Security Operations Center,Technology / Startup,Cybersecurity,Surge protector,Operational / Safety Equipment,1,No,Common operational support equipment for a security operations center business.
E03590,B0023,Penetration Testing Firm,Technology / Startup,Cybersecurity,Fire extinguisher,Operational / Safety Equipment,1,Yes,Common operational support equipment for a penetration testing firm business.
E03591,B0023,Penetration Testing Firm,Technology / Startup,Cybersecurity,First aid kit,Operational / Safety Equipment,1,Yes,Common operational support equipment for a penetration testing firm business.
E03592,B0023,Penetration Testing Firm,Technology / Startup,Cybersecurity,Extension board,Operational / Safety Equipment,1,No,Common operational support equipment for a penetration testing firm business.
E03593,B0023,Penetration Testing Firm,Technology / Startup,Cybersecurity,Surge protector,Operational / Safety Equipment,1,No,Common operational support equipment for a penetration testing firm business.
E03594,B0024,Identity Security Company,Technology / Startup,Cybersecurity,Fire extinguisher,Operational / Safety Equipment,1,Yes,Common operational support equipment for a identity security company business.
E03595,B0024,Identity Security Company,Technology / Startup,Cybersecurity,First aid kit,Operational / Safety Equipment,1,Yes,Common operational support equipment for a identity security company business.
E03596,B0024,Identity Security Company,Technology / Startup,Cybersecurity,Extension board,Operational / Safety Equipment,1,No,Common operational support equipment for a identity security company business.
E03597,B0024,Identity Security Company,Technology / Startup,Cybersecurity,Surge protector,Operational / Safety Equipment,1,No,Common operational support equipment for a identity security company business.
E03598,B0025,Security Training Company,Technology / Startup,Cybersecurity,Fire extinguisher,Operational / Safety Equipment,1,Yes,Common operational support equipment for a security training company business.
E03599,B0025,Security Training Company,Technology / Startup,Cybersecurity,First aid kit,Operational / Safety Equipment,1,Yes,Common operational support equipment for a security training company business.
E03600,B0025,Security Training Company,Technology / Startup,Cybersecurity,Extension board,Operational / Safety Equipment,1,No,Common operational support equipment for a security training company business.
E03601,B0025,Security Training Company,Technology / Startup,Cybersecurity,Surge protector,Operational / Safety Equipment,1,No,Common operational support equipment for a security training company business.
E03602,B0026,General Hospital,Healthcare,Hospital,Fire extinguisher,Operational / Safety Equipment,1,Yes,Common operational support equipment for a general hospital business.
E03603,B0026,General Hospital,Healthcare,Hospital,First aid kit,Operational / Safety Equipment,1,Yes,Common operational support equipment for a general hospital business.
E03604,B0026,General Hospital,Healthcare,Hospital,Extension board,Operational / Safety Equipment,1,No,Common operational support equipment for a general hospital business.
E03605,B0026,General Hospital,Healthcare,Hospital,Surge protector,Operational / Safety Equipment,1,No,Common operational support equipment for a general hospital business.
E03606,B0027,Multi-Specialty Hospital,Healthcare,Hospital,Fire extinguisher,Operational / Safety Equipment,1,Yes,Common operational support equipment for a multi-specialty hospital business.
E03607,B0027,Multi-Specialty Hospital,Healthcare,Hospital,First aid kit,Operational / Safety Equipment,1,Yes,Common operational support equipment for a multi-specialty hospital business.
E03608,B0027,Multi-Specialty Hospital,Healthcare,Hospital,Extension board,Operational / Safety Equipment,1,No,Common operational support equipment for a multi-specialty hospital business.
E03609,B0027,Multi-Specialty Hospital,Healthcare,Hospital,Surge protector,Operational / Safety Equipment,1,No,Common operational support equipment for a multi-specialty hospital business.
E03610,B0028,Day Care Hospital,Healthcare,Hospital,Fire extinguisher,Operational / Safety Equipment,1,Yes,Common operational support equipment for a day care hospital business.
E03611,B0028,Day Care Hospital,Healthcare,Hospital,First aid kit,Operational / Safety Equipment,1,Yes,Common operational support equipment for a day care hospital business.
E03612,B0028,Day Care Hospital,Healthcare,Hospital,Extension board,Operational / Safety Equipment,1,No,Common operational support equipment for a day care hospital business.
E03613,B0028,Day Care Hospital,Healthcare,Hospital,Surge protector,Operational / Safety Equipment,1,No,Common operational support equipment for a day care hospital business.
E03614,B0029,Community Hospital,Healthcare,Hospital,Fire extinguisher,Operational / Safety Equipment,1,Yes,Common operational support equipment for a community hospital business.
E03615,B0029,Community Hospital,Healthcare,Hospital,First aid kit,Operational / Safety Equipment,1,Yes,Common operational support equipment for a community hospital business.
E03616,B0029,Community Hospital,Healthcare,Hospital,Extension board,Operational / Safety Equipment,1,No,Common operational support equipment for a community hospital business.
E03617,B0029,Community Hospital,Healthcare,Hospital,Surge protector,Operational / Safety Equipment,1,No,Common operational support equipment for a community hospital business.
E03618,B0030,Specialty Hospital,Healthcare,Hospital,Fire extinguisher,Operational / Safety Equipment,1,Yes,Common operational support equipment for a specialty hospital business.
E03619,B0030,Specialty Hospital,Healthcare,Hospital,First aid kit,Operational / Safety Equipment,1,Yes,Common operational support equipment for a specialty hospital business.
E03620,B0030,Specialty Hospital,Healthcare,Hospital,Extension board,Operational / Safety Equipment,1,No,Common operational support equipment for a specialty hospital business.
E03621,B0030,Specialty Hospital,Healthcare,Hospital,Surge protector,Operational / Safety Equipment,1,No,Common operational support equipment for a specialty hospital business.
E03622,B0031,General Clinic,Healthcare,Clinic,Fire extinguisher,Operational / Safety Equipment,1,Yes,Common operational support equipment for a general clinic business.
E03623,B0031,General Clinic,Healthcare,Clinic,First aid kit,Operational / Safety Equipment,1,Yes,Common operational support equipment for a general clinic business.
E03624,B0031,General Clinic,Healthcare,Clinic,Extension board,Operational / Safety Equipment,1,No,Common operational support equipment for a general clinic business.
E03625,B0031,General Clinic,Healthcare,Clinic,Surge protector,Operational / Safety Equipment,1,No,Common operational support equipment for a general clinic business.
E03626,B0032,Pediatric Clinic,Healthcare,Clinic,Fire extinguisher,Operational / Safety Equipment,1,Yes,Common operational support equipment for a pediatric clinic business.
E03627,B0032,Pediatric Clinic,Healthcare,Clinic,First aid kit,Operational / Safety Equipment,1,Yes,Common operational support equipment for a pediatric clinic business.
E03628,B0032,Pediatric Clinic,Healthcare,Clinic,Extension board,Operational / Safety Equipment,1,No,Common operational support equipment for a pediatric clinic business.
E03629,B0032,Pediatric Clinic,Healthcare,Clinic,Surge protector,Operational / Safety Equipment,1,No,Common operational support equipment for a pediatric clinic business.
E03630,B0033,Physiotherapy Clinic,Healthcare,Clinic,Fire extinguisher,Operational / Safety Equipment,1,Yes,Common operational support equipment for a physiotherapy clinic business.
E03631,B0033,Physiotherapy Clinic,Healthcare,Clinic,First aid kit,Operational / Safety Equipment,1,Yes,Common operational support equipment for a physiotherapy clinic business.
E03632,B0033,Physiotherapy Clinic,Healthcare,Clinic,Extension board,Operational / Safety Equipment,1,No,Common operational support equipment for a physiotherapy clinic business.
E03633,B0033,Physiotherapy Clinic,Healthcare,Clinic,Surge protector,Operational / Safety Equipment,1,No,Common operational support equipment for a physiotherapy clinic business.
E03634,B0034,ENT Clinic,Healthcare,Clinic,Fire extinguisher,Operational / Safety Equipment,1,Yes,Common operational support equipment for a ent clinic business.
E03635,B0034,ENT Clinic,Healthcare,Clinic,First aid kit,Operational / Safety Equipment,1,Yes,Common operational support equipment for a ent clinic business.
E03636,B0034,ENT Clinic,Healthcare,Clinic,Extension board,Operational / Safety Equipment,1,No,Common operational support equipment for a ent clinic business.
E03637,B0034,ENT Clinic,Healthcare,Clinic,Surge protector,Operational / Safety Equipment,1,No,Common operational support equipment for a ent clinic business.
E03638,B0035,Eye Clinic,Healthcare,Clinic,Fire extinguisher,Operational / Safety Equipment,1,Yes,Common operational support equipment for a eye clinic business.
E03639,B0035,Eye Clinic,Healthcare,Clinic,First aid kit,Operational / Safety Equipment,1,Yes,Common operational support equipment for a eye clinic business.
E03640,B0035,Eye Clinic,Healthcare,Clinic,Extension board,Operational / Safety Equipment,1,No,Common operational support equipment for a eye clinic business.
E03641,B0035,Eye Clinic,Healthcare,Clinic,Surge protector,Operational / Safety Equipment,1,No,Common operational support equipment for a eye clinic business.
E03642,B0036,Retail Pharmacy,Healthcare,Pharmacy,Fire extinguisher,Operational / Safety Equipment,1,Yes,Common operational support equipment for a retail pharmacy business.
E03643,B0036,Retail Pharmacy,Healthcare,Pharmacy,First aid kit,Operational / Safety Equipment,1,Yes,Common operational support equipment for a retail pharmacy business.
E03644,B0036,Retail Pharmacy,Healthcare,Pharmacy,Extension board,Operational / Safety Equipment,1,No,Common operational support equipment for a retail pharmacy business.
E03645,B0036,Retail Pharmacy,Healthcare,Pharmacy,Surge protector,Operational / Safety Equipment,1,No,Common operational support equipment for a retail pharmacy business.
E03646,B0037,Hospital Pharmacy,Healthcare,Pharmacy,Fire extinguisher,Operational / Safety Equipment,1,Yes,Common operational support equipment for a hospital pharmacy business.
E03647,B0037,Hospital Pharmacy,Healthcare,Pharmacy,First aid kit,Operational / Safety Equipment,1,Yes,Common operational support equipment for a hospital pharmacy business.
E03648,B0037,Hospital Pharmacy,Healthcare,Pharmacy,Extension board,Operational / Safety Equipment,1,No,Common operational support equipment for a hospital pharmacy business.
E03649,B0037,Hospital Pharmacy,Healthcare,Pharmacy,Surge protector,Operational / Safety Equipment,1,No,Common operational support equipment for a hospital pharmacy business.
E03650,B0038,Online Pharmacy,Healthcare,Pharmacy,Fire extinguisher,Operational / Safety Equipment,1,Yes,Common operational support equipment for a online pharmacy business.
E03651,B0038,Online Pharmacy,Healthcare,Pharmacy,First aid kit,Operational / Safety Equipment,1,Yes,Common operational support equipment for a online pharmacy business.
E03652,B0038,Online Pharmacy,Healthcare,Pharmacy,Extension board,Operational / Safety Equipment,1,No,Common operational support equipment for a online pharmacy business.
E03653,B0038,Online Pharmacy,Healthcare,Pharmacy,Surge protector,Operational / Safety Equipment,1,No,Common operational support equipment for a online pharmacy business.
E03654,B0039,Specialty Pharmacy,Healthcare,Pharmacy,Fire extinguisher,Operational / Safety Equipment,1,Yes,Common operational support equipment for a specialty pharmacy business.
E03655,B0039,Specialty Pharmacy,Healthcare,Pharmacy,First aid kit,Operational / Safety Equipment,1,Yes,Common operational support equipment for a specialty pharmacy business.
E03656,B0039,Specialty Pharmacy,Healthcare,Pharmacy,Extension board,Operational / Safety Equipment,1,No,Common operational support equipment for a specialty pharmacy business.
E03657,B0039,Specialty Pharmacy,Healthcare,Pharmacy,Surge protector,Operational / Safety Equipment,1,No,Common operational support equipment for a specialty pharmacy business.
E03658,B0040,Wholesale Pharmacy,Healthcare,Pharmacy,Fire extinguisher,Operational / Safety Equipment,1,Yes,Common operational support equipment for a wholesale pharmacy business.
E03659,B0040,Wholesale Pharmacy,Healthcare,Pharmacy,First aid kit,Operational / Safety Equipment,1,Yes,Common operational support equipment for a wholesale pharmacy business.
E03660,B0040,Wholesale Pharmacy,Healthcare,Pharmacy,Extension board,Operational / Safety Equipment,1,No,Common operational support equipment for a wholesale pharmacy business.
E03661,B0040,Wholesale Pharmacy,Healthcare,Pharmacy,Surge protector,Operational / Safety Equipment,1,No,Common operational support equipment for a wholesale pharmacy business.
E03662,B0041,Diagnostic Center,Healthcare,Diagnostics,Fire extinguisher,Operational / Safety Equipment,1,Yes,Common operational support equipment for a diagnostic center business.
E03663,B0041,Diagnostic Center,Healthcare,Diagnostics,First aid kit,Operational / Safety Equipment,1,Yes,Common operational support equipment for a diagnostic center business.
E03664,B0041,Diagnostic Center,Healthcare,Diagnostics,Extension board,Operational / Safety Equipment,1,No,Common operational support equipment for a diagnostic center business.
E03665,B0041,Diagnostic Center,Healthcare,Diagnostics,Surge protector,Operational / Safety Equipment,1,No,Common operational support equipment for a diagnostic center business.
E03666,B0042,Pathology Lab,Healthcare,Diagnostics,Fire extinguisher,Operational / Safety Equipment,1,Yes,Common operational support equipment for a pathology lab business.
E03667,B0042,Pathology Lab,Healthcare,Diagnostics,First aid kit,Operational / Safety Equipment,1,Yes,Common operational support equipment for a pathology lab business.
E03668,B0042,Pathology Lab,Healthcare,Diagnostics,Extension board,Operational / Safety Equipment,1,No,Common operational support equipment for a pathology lab business.
E03669,B0042,Pathology Lab,Healthcare,Diagnostics,Surge protector,Operational / Safety Equipment,1,No,Common operational support equipment for a pathology lab business.
E03670,B0043,Imaging Center,Healthcare,Diagnostics,Fire extinguisher,Operational / Safety Equipment,1,Yes,Common operational support equipment for a imaging center business.
E03671,B0043,Imaging Center,Healthcare,Diagnostics,First aid kit,Operational / Safety Equipment,1,Yes,Common operational support equipment for a imaging center business.
E03672,B0043,Imaging Center,Healthcare,Diagnostics,Extension board,Operational / Safety Equipment,1,No,Common operational support equipment for a imaging center business.
E03673,B0043,Imaging Center,Healthcare,Diagnostics,Surge protector,Operational / Safety Equipment,1,No,Common operational support equipment for a imaging center business.
E03674,B0044,Blood Testing Lab,Healthcare,Diagnostics,Fire extinguisher,Operational / Safety Equipment,1,Yes,Common operational support equipment for a blood testing lab business.
E03675,B0044,Blood Testing Lab,Healthcare,Diagnostics,First aid kit,Operational / Safety Equipment,1,Yes,Common operational support equipment for a blood testing lab business.
E03676,B0044,Blood Testing Lab,Healthcare,Diagnostics,Extension board,Operational / Safety Equipment,1,No,Common operational support equipment for a blood testing lab business.
E03677,B0044,Blood Testing Lab,Healthcare,Diagnostics,Surge protector,Operational / Safety Equipment,1,No,Common operational support equipment for a blood testing lab business.
E03678,B0045,Molecular Diagnostics Lab,Healthcare,Diagnostics,Fire extinguisher,Operational / Safety Equipment,1,Yes,Common operational support equipment for a molecular diagnostics lab business.
E03679,B0045,Molecular Diagnostics Lab,Healthcare,Diagnostics,First aid kit,Operational / Safety Equipment,1,Yes,Common operational support equipment for a molecular diagnostics lab business.
E03680,B0045,Molecular Diagnostics Lab,Healthcare,Diagnostics,Extension board,Operational / Safety Equipment,1,No,Common operational support equipment for a molecular diagnostics lab business.
E03681,B0045,Molecular Diagnostics Lab,Healthcare,Diagnostics,Surge protector,Operational / Safety Equipment,1,No,Common operational support equipment for a molecular diagnostics lab business.
E03682,B0046,Dental Clinic,Healthcare,Dental,Fire extinguisher,Operational / Safety Equipment,1,Yes,Common operational support equipment for a dental clinic business.
E03683,B0046,Dental Clinic,Healthcare,Dental,First aid kit,Operational / Safety Equipment,1,Yes,Common operational support equipment for a dental clinic business.
E03684,B0046,Dental Clinic,Healthcare,Dental,Extension board,Operational / Safety Equipment,1,No,Common operational support equipment for a dental clinic business.
E03685,B0046,Dental Clinic,Healthcare,Dental,Surge protector,Operational / Safety Equipment,1,No,Common operational support equipment for a dental clinic business.
E03686,B0047,Orthodontic Clinic,Healthcare,Dental,Fire extinguisher,Operational / Safety Equipment,1,Yes,Common operational support equipment for a orthodontic clinic business.
E03687,B0047,Orthodontic Clinic,Healthcare,Dental,First aid kit,Operational / Safety Equipment,1,Yes,Common operational support equipment for a orthodontic clinic business.
E03688,B0047,Orthodontic Clinic,Healthcare,Dental,Extension board,Operational / Safety Equipment,1,No,Common operational support equipment for a orthodontic clinic business.
E03689,B0047,Orthodontic Clinic,Healthcare,Dental,Surge protector,Operational / Safety Equipment,1,No,Common operational support equipment for a orthodontic clinic business.
E03690,B0048,Dental Implant Center,Healthcare,Dental,Fire extinguisher,Operational / Safety Equipment,1,Yes,Common operational support equipment for a dental implant center business.
E03691,B0048,Dental Implant Center,Healthcare,Dental,First aid kit,Operational / Safety Equipment,1,Yes,Common operational support equipment for a dental implant center business.
E03692,B0048,Dental Implant Center,Healthcare,Dental,Extension board,Operational / Safety Equipment,1,No,Common operational support equipment for a dental implant center business.
E03693,B0048,Dental Implant Center,Healthcare,Dental,Surge protector,Operational / Safety Equipment,1,No,Common operational support equipment for a dental implant center business.
E03694,B0049,Pediatric Dental Clinic,Healthcare,Dental,Fire extinguisher,Operational / Safety Equipment,1,Yes,Common operational support equipment for a pediatric dental clinic business.
E03695,B0049,Pediatric Dental Clinic,Healthcare,Dental,First aid kit,Operational / Safety Equipment,1,Yes,Common operational support equipment for a pediatric dental clinic business.
E03696,B0049,Pediatric Dental Clinic,Healthcare,Dental,Extension board,Operational / Safety Equipment,1,No,Common operational support equipment for a pediatric dental clinic business.
E03697,B0049,Pediatric Dental Clinic,Healthcare,Dental,Surge protector,Operational / Safety Equipment,1,No,Common operational support equipment for a pediatric dental clinic business.
E03698,B0050,Dental Laboratory,Healthcare,Dental,Fire extinguisher,Operational / Safety Equipment,1,Yes,Common operational support equipment for a dental laboratory business.
E03699,B0050,Dental Laboratory,Healthcare,Dental,First aid kit,Operational / Safety Equipment,1,Yes,Common operational support equipment for a dental laboratory business.
E03700,B0050,Dental Laboratory,Healthcare,Dental,Extension board,Operational / Safety Equipment,1,No,Common operational support equipment for a dental laboratory business.
E03701,B0050,Dental Laboratory,Healthcare,Dental,Surge protector,Operational / Safety Equipment,1,No,Common operational support equipment for a dental laboratory business.
E03702,B0051,Family Restaurant,Food,Restaurant,Fire extinguisher,Operational / Safety Equipment,1,Yes,Common operational support equipment for a family restaurant business.
E03703,B0051,Family Restaurant,Food,Restaurant,First aid kit,Operational / Safety Equipment,1,Yes,Common operational support equipment for a family restaurant business.
E03704,B0051,Family Restaurant,Food,Restaurant,Extension board,Operational / Safety Equipment,1,No,Common operational support equipment for a family restaurant business.
E03705,B0051,Family Restaurant,Food,Restaurant,Surge protector,Operational / Safety Equipment,1,No,Common operational support equipment for a family restaurant business.
E03706,B0052,Fine Dining Restaurant,Food,Restaurant,Fire extinguisher,Operational / Safety Equipment,1,Yes,Common operational support equipment for a fine dining restaurant business.
E03707,B0052,Fine Dining Restaurant,Food,Restaurant,First aid kit,Operational / Safety Equipment,1,Yes,Common operational support equipment for a fine dining restaurant business.
E03708,B0052,Fine Dining Restaurant,Food,Restaurant,Extension board,Operational / Safety Equipment,1,No,Common operational support equipment for a fine dining restaurant business.
E03709,B0052,Fine Dining Restaurant,Food,Restaurant,Surge protector,Operational / Safety Equipment,1,No,Common operational support equipment for a fine dining restaurant business.
E03710,B0053,Quick Service Restaurant,Food,Restaurant,Fire extinguisher,Operational / Safety Equipment,1,Yes,Common operational support equipment for a quick service restaurant business.
E03711,B0053,Quick Service Restaurant,Food,Restaurant,First aid kit,Operational / Safety Equipment,1,Yes,Common operational support equipment for a quick service restaurant business.
E03712,B0053,Quick Service Restaurant,Food,Restaurant,Extension board,Operational / Safety Equipment,1,No,Common operational support equipment for a quick service restaurant business.
E03713,B0053,Quick Service Restaurant,Food,Restaurant,Surge protector,Operational / Safety Equipment,1,No,Common operational support equipment for a quick service restaurant business.
E03714,B0054,Vegetarian Restaurant,Food,Restaurant,Fire extinguisher,Operational / Safety Equipment,1,Yes,Common operational support equipment for a vegetarian restaurant business.
E03715,B0054,Vegetarian Restaurant,Food,Restaurant,First aid kit,Operational / Safety Equipment,1,Yes,Common operational support equipment for a vegetarian restaurant business.
E03716,B0054,Vegetarian Restaurant,Food,Restaurant,Extension board,Operational / Safety Equipment,1,No,Common operational support equipment for a vegetarian restaurant business.
E03717,B0054,Vegetarian Restaurant,Food,Restaurant,Surge protector,Operational / Safety Equipment,1,No,Common operational support equipment for a vegetarian restaurant business.
E03718,B0055,Specialty Restaurant,Food,Restaurant,Fire extinguisher,Operational / Safety Equipment,1,Yes,Common operational support equipment for a specialty restaurant business.
E03719,B0055,Specialty Restaurant,Food,Restaurant,First aid kit,Operational / Safety Equipment,1,Yes,Common operational support equipment for a specialty restaurant business.
E03720,B0055,Specialty Restaurant,Food,Restaurant,Extension board,Operational / Safety Equipment,1,No,Common operational support equipment for a specialty restaurant business.
E03721,B0055,Specialty Restaurant,Food,Restaurant,Surge protector,Operational / Safety Equipment,1,No,Common operational support equipment for a specialty restaurant business.
E03722,B0056,Coffee Cafe,Food,Cafe,Fire extinguisher,Operational / Safety Equipment,1,Yes,Common operational support equipment for a coffee cafe business.
E03723,B0056,Coffee Cafe,Food,Cafe,First aid kit,Operational / Safety Equipment,1,Yes,Common operational support equipment for a coffee cafe business.
E03724,B0056,Coffee Cafe,Food,Cafe,Extension board,Operational / Safety Equipment,1,No,Common operational support equipment for a coffee cafe business.
E03725,B0056,Coffee Cafe,Food,Cafe,Surge protector,Operational / Safety Equipment,1,No,Common operational support equipment for a coffee cafe business.
E03726,B0057,Tea Cafe,Food,Cafe,Fire extinguisher,Operational / Safety Equipment,1,Yes,Common operational support equipment for a tea cafe business.
E03727,B0057,Tea Cafe,Food,Cafe,First aid kit,Operational / Safety Equipment,1,Yes,Common operational support equipment for a tea cafe business.
E03728,B0057,Tea Cafe,Food,Cafe,Extension board,Operational / Safety Equipment,1,No,Common operational support equipment for a tea cafe business.
E03729,B0057,Tea Cafe,Food,Cafe,Surge protector,Operational / Safety Equipment,1,No,Common operational support equipment for a tea cafe business.
E03730,B0058,Dessert Cafe,Food,Cafe,Fire extinguisher,Operational / Safety Equipment,1,Yes,Common operational support equipment for a dessert cafe business.
E03731,B0058,Dessert Cafe,Food,Cafe,First aid kit,Operational / Safety Equipment,1,Yes,Common operational support equipment for a dessert cafe business.
E03732,B0058,Dessert Cafe,Food,Cafe,Extension board,Operational / Safety Equipment,1,No,Common operational support equipment for a dessert cafe business.
E03733,B0058,Dessert Cafe,Food,Cafe,Surge protector,Operational / Safety Equipment,1,No,Common operational support equipment for a dessert cafe business.
E03734,B0059,Bakery Cafe,Food,Cafe,Fire extinguisher,Operational / Safety Equipment,1,Yes,Common operational support equipment for a bakery cafe business.
E03735,B0059,Bakery Cafe,Food,Cafe,First aid kit,Operational / Safety Equipment,1,Yes,Common operational support equipment for a bakery cafe business.
E03736,B0059,Bakery Cafe,Food,Cafe,Extension board,Operational / Safety Equipment,1,No,Common operational support equipment for a bakery cafe business.
E03737,B0059,Bakery Cafe,Food,Cafe,Surge protector,Operational / Safety Equipment,1,No,Common operational support equipment for a bakery cafe business.
E03738,B0060,Juice Cafe,Food,Cafe,Fire extinguisher,Operational / Safety Equipment,1,Yes,Common operational support equipment for a juice cafe business.
E03739,B0060,Juice Cafe,Food,Cafe,First aid kit,Operational / Safety Equipment,1,Yes,Common operational support equipment for a juice cafe business.
E03740,B0060,Juice Cafe,Food,Cafe,Extension board,Operational / Safety Equipment,1,No,Common operational support equipment for a juice cafe business.
E03741,B0060,Juice Cafe,Food,Cafe,Surge protector,Operational / Safety Equipment,1,No,Common operational support equipment for a juice cafe business.
E03742,B0061,Bread Bakery,Food,Bakery,Fire extinguisher,Operational / Safety Equipment,1,Yes,Common operational support equipment for a bread bakery business.
E03743,B0061,Bread Bakery,Food,Bakery,First aid kit,Operational / Safety Equipment,1,Yes,Common operational support equipment for a bread bakery business.
E03744,B0061,Bread Bakery,Food,Bakery,Extension board,Operational / Safety Equipment,1,No,Common operational support equipment for a bread bakery business.
E03745,B0061,Bread Bakery,Food,Bakery,Surge protector,Operational / Safety Equipment,1,No,Common operational support equipment for a bread bakery business.
E03746,B0062,Cake Bakery,Food,Bakery,Fire extinguisher,Operational / Safety Equipment,1,Yes,Common operational support equipment for a cake bakery business.
E03747,B0062,Cake Bakery,Food,Bakery,First aid kit,Operational / Safety Equipment,1,Yes,Common operational support equipment for a cake bakery business.
E03748,B0062,Cake Bakery,Food,Bakery,Extension board,Operational / Safety Equipment,1,No,Common operational support equipment for a cake bakery business.
E03749,B0062,Cake Bakery,Food,Bakery,Surge protector,Operational / Safety Equipment,1,No,Common operational support equipment for a cake bakery business.
E03750,B0063,Pastry Shop,Food,Bakery,Fire extinguisher,Operational / Safety Equipment,1,Yes,Common operational support equipment for a pastry shop business.
E03751,B0063,Pastry Shop,Food,Bakery,First aid kit,Operational / Safety Equipment,1,Yes,Common operational support equipment for a pastry shop business.
E03752,B0063,Pastry Shop,Food,Bakery,Extension board,Operational / Safety Equipment,1,No,Common operational support equipment for a pastry shop business.
E03753,B0063,Pastry Shop,Food,Bakery,Surge protector,Operational / Safety Equipment,1,No,Common operational support equipment for a pastry shop business.
E03754,B0064,Commercial Bakery,Food,Bakery,Fire extinguisher,Operational / Safety Equipment,1,Yes,Common operational support equipment for a commercial bakery business.
E03755,B0064,Commercial Bakery,Food,Bakery,First aid kit,Operational / Safety Equipment,1,Yes,Common operational support equipment for a commercial bakery business.
E03756,B0064,Commercial Bakery,Food,Bakery,Extension board,Operational / Safety Equipment,1,No,Common operational support equipment for a commercial bakery business.
E03757,B0064,Commercial Bakery,Food,Bakery,Surge protector,Operational / Safety Equipment,1,No,Common operational support equipment for a commercial bakery business.
E03758,B0065,Artisan Bakery,Food,Bakery,Fire extinguisher,Operational / Safety Equipment,1,Yes,Common operational support equipment for a artisan bakery business.
E03759,B0065,Artisan Bakery,Food,Bakery,First aid kit,Operational / Safety Equipment,1,Yes,Common operational support equipment for a artisan bakery business.
E03760,B0065,Artisan Bakery,Food,Bakery,Extension board,Operational / Safety Equipment,1,No,Common operational support equipment for a artisan bakery business.
E03761,B0065,Artisan Bakery,Food,Bakery,Surge protector,Operational / Safety Equipment,1,No,Common operational support equipment for a artisan bakery business.
E03762,B0066,Corporate Catering,Food,Catering,Fire extinguisher,Operational / Safety Equipment,1,Yes,Common operational support equipment for a corporate catering business.
E03763,B0066,Corporate Catering,Food,Catering,First aid kit,Operational / Safety Equipment,1,Yes,Common operational support equipment for a corporate catering business.
E03764,B0066,Corporate Catering,Food,Catering,Extension board,Operational / Safety Equipment,1,No,Common operational support equipment for a corporate catering business.
E03765,B0066,Corporate Catering,Food,Catering,Surge protector,Operational / Safety Equipment,1,No,Common operational support equipment for a corporate catering business.
E03766,B0067,Wedding Catering,Food,Catering,Fire extinguisher,Operational / Safety Equipment,1,Yes,Common operational support equipment for a wedding catering business.
E03767,B0067,Wedding Catering,Food,Catering,First aid kit,Operational / Safety Equipment,1,Yes,Common operational support equipment for a wedding catering business.
E03768,B0067,Wedding Catering,Food,Catering,Extension board,Operational / Safety Equipment,1,No,Common operational support equipment for a wedding catering business.
E03769,B0067,Wedding Catering,Food,Catering,Surge protector,Operational / Safety Equipment,1,No,Common operational support equipment for a wedding catering business.
E03770,B0068,Event Catering,Food,Catering,Fire extinguisher,Operational / Safety Equipment,1,Yes,Common operational support equipment for a event catering business.
E03771,B0068,Event Catering,Food,Catering,First aid kit,Operational / Safety Equipment,1,Yes,Common operational support equipment for a event catering business.
E03772,B0068,Event Catering,Food,Catering,Extension board,Operational / Safety Equipment,1,No,Common operational support equipment for a event catering business.
E03773,B0068,Event Catering,Food,Catering,Surge protector,Operational / Safety Equipment,1,No,Common operational support equipment for a event catering business.
E03774,B0069,Institutional Catering,Food,Catering,Fire extinguisher,Operational / Safety Equipment,1,Yes,Common operational support equipment for a institutional catering business.
E03775,B0069,Institutional Catering,Food,Catering,First aid kit,Operational / Safety Equipment,1,Yes,Common operational support equipment for a institutional catering business.
E03776,B0069,Institutional Catering,Food,Catering,Extension board,Operational / Safety Equipment,1,No,Common operational support equipment for a institutional catering business.
E03777,B0069,Institutional Catering,Food,Catering,Surge protector,Operational / Safety Equipment,1,No,Common operational support equipment for a institutional catering business.
E03778,B0070,Home Catering,Food,Catering,Fire extinguisher,Operational / Safety Equipment,1,Yes,Common operational support equipment for a home catering business.
E03779,B0070,Home Catering,Food,Catering,First aid kit,Operational / Safety Equipment,1,Yes,Common operational support equipment for a home catering business.
E03780,B0070,Home Catering,Food,Catering,Extension board,Operational / Safety Equipment,1,No,Common operational support equipment for a home catering business.
E03781,B0070,Home Catering,Food,Catering,Surge protector,Operational / Safety Equipment,1,No,Common operational support equipment for a home catering business.
E03782,B0071,Multi-Cuisine Cloud Kitchen,Food,Cloud Kitchen,Fire extinguisher,Operational / Safety Equipment,1,Yes,Common operational support equipment for a multi-cuisine cloud kitchen business.
E03783,B0071,Multi-Cuisine Cloud Kitchen,Food,Cloud Kitchen,First aid kit,Operational / Safety Equipment,1,Yes,Common operational support equipment for a multi-cuisine cloud kitchen business.
E03784,B0071,Multi-Cuisine Cloud Kitchen,Food,Cloud Kitchen,Extension board,Operational / Safety Equipment,1,No,Common operational support equipment for a multi-cuisine cloud kitchen business.
E03785,B0071,Multi-Cuisine Cloud Kitchen,Food,Cloud Kitchen,Surge protector,Operational / Safety Equipment,1,No,Common operational support equipment for a multi-cuisine cloud kitchen business.
E03786,B0072,Healthy Food Cloud Kitchen,Food,Cloud Kitchen,Fire extinguisher,Operational / Safety Equipment,1,Yes,Common operational support equipment for a healthy food cloud kitchen business.
E03787,B0072,Healthy Food Cloud Kitchen,Food,Cloud Kitchen,First aid kit,Operational / Safety Equipment,1,Yes,Common operational support equipment for a healthy food cloud kitchen business.
E03788,B0072,Healthy Food Cloud Kitchen,Food,Cloud Kitchen,Extension board,Operational / Safety Equipment,1,No,Common operational support equipment for a healthy food cloud kitchen business.
E03789,B0072,Healthy Food Cloud Kitchen,Food,Cloud Kitchen,Surge protector,Operational / Safety Equipment,1,No,Common operational support equipment for a healthy food cloud kitchen business.
E03790,B0073,Biryani Cloud Kitchen,Food,Cloud Kitchen,Fire extinguisher,Operational / Safety Equipment,1,Yes,Common operational support equipment for a biryani cloud kitchen business.
E03791,B0073,Biryani Cloud Kitchen,Food,Cloud Kitchen,First aid kit,Operational / Safety Equipment,1,Yes,Common operational support equipment for a biryani cloud kitchen business.
E03792,B0073,Biryani Cloud Kitchen,Food,Cloud Kitchen,Extension board,Operational / Safety Equipment,1,No,Common operational support equipment for a biryani cloud kitchen business.
E03793,B0073,Biryani Cloud Kitchen,Food,Cloud Kitchen,Surge protector,Operational / Safety Equipment,1,No,Common operational support equipment for a biryani cloud kitchen business.
E03794,B0074,Dessert Cloud Kitchen,Food,Cloud Kitchen,Fire extinguisher,Operational / Safety Equipment,1,Yes,Common operational support equipment for a dessert cloud kitchen business.
E03795,B0074,Dessert Cloud Kitchen,Food,Cloud Kitchen,First aid kit,Operational / Safety Equipment,1,Yes,Common operational support equipment for a dessert cloud kitchen business.
E03796,B0074,Dessert Cloud Kitchen,Food,Cloud Kitchen,Extension board,Operational / Safety Equipment,1,No,Common operational support equipment for a dessert cloud kitchen business.
E03797,B0074,Dessert Cloud Kitchen,Food,Cloud Kitchen,Surge protector,Operational / Safety Equipment,1,No,Common operational support equipment for a dessert cloud kitchen business.
E03798,B0075,Meal Prep Kitchen,Food,Cloud Kitchen,Fire extinguisher,Operational / Safety Equipment,1,Yes,Common operational support equipment for a meal prep kitchen business.
E03799,B0075,Meal Prep Kitchen,Food,Cloud Kitchen,First aid kit,Operational / Safety Equipment,1,Yes,Common operational support equipment for a meal prep kitchen business.
E03800,B0075,Meal Prep Kitchen,Food,Cloud Kitchen,Extension board,Operational / Safety Equipment,1,No,Common operational support equipment for a meal prep kitchen business.
E03801,B0075,Meal Prep Kitchen,Food,Cloud Kitchen,Surge protector,Operational / Safety Equipment,1,No,Common operational support equipment for a meal prep kitchen business.
E03802,B0076,Clothing Store,Fashion,Clothing,Fire extinguisher,Operational / Safety Equipment,1,Yes,Common operational support equipment for a clothing store business.
E03803,B0076,Clothing Store,Fashion,Clothing,First aid kit,Operational / Safety Equipment,1,Yes,Common operational support equipment for a clothing store business.
E03804,B0076,Clothing Store,Fashion,Clothing,Extension board,Operational / Safety Equipment,1,No,Common operational support equipment for a clothing store business.
E03805,B0076,Clothing Store,Fashion,Clothing,Surge protector,Operational / Safety Equipment,1,No,Common operational support equipment for a clothing store business.
E03806,B0077,Apparel Brand,Fashion,Clothing,Fire extinguisher,Operational / Safety Equipment,1,Yes,Common operational support equipment for a apparel brand business.
E03807,B0077,Apparel Brand,Fashion,Clothing,First aid kit,Operational / Safety Equipment,1,Yes,Common operational support equipment for a apparel brand business.
E03808,B0077,Apparel Brand,Fashion,Clothing,Extension board,Operational / Safety Equipment,1,No,Common operational support equipment for a apparel brand business.
E03809,B0077,Apparel Brand,Fashion,Clothing,Surge protector,Operational / Safety Equipment,1,No,Common operational support equipment for a apparel brand business.
E03810,B0078,Menswear Store,Fashion,Clothing,Fire extinguisher,Operational / Safety Equipment,1,Yes,Common operational support equipment for a menswear store business.
E03811,B0078,Menswear Store,Fashion,Clothing,First aid kit,Operational / Safety Equipment,1,Yes,Common operational support equipment for a menswear store business.
E03812,B0078,Menswear Store,Fashion,Clothing,Extension board,Operational / Safety Equipment,1,No,Common operational support equipment for a menswear store business.
E03813,B0078,Menswear Store,Fashion,Clothing,Surge protector,Operational / Safety Equipment,1,No,Common operational support equipment for a menswear store business.
E03814,B0079,Womenswear Store,Fashion,Clothing,Fire extinguisher,Operational / Safety Equipment,1,Yes,Common operational support equipment for a womenswear store business.
E03815,B0079,Womenswear Store,Fashion,Clothing,First aid kit,Operational / Safety Equipment,1,Yes,Common operational support equipment for a womenswear store business.
E03816,B0079,Womenswear Store,Fashion,Clothing,Extension board,Operational / Safety Equipment,1,No,Common operational support equipment for a womenswear store business.
E03817,B0079,Womenswear Store,Fashion,Clothing,Surge protector,Operational / Safety Equipment,1,No,Common operational support equipment for a womenswear store business.
E03818,B0080,Kidswear Store,Fashion,Clothing,Fire extinguisher,Operational / Safety Equipment,1,Yes,Common operational support equipment for a kidswear store business.
E03819,B0080,Kidswear Store,Fashion,Clothing,First aid kit,Operational / Safety Equipment,1,Yes,Common operational support equipment for a kidswear store business.
E03820,B0080,Kidswear Store,Fashion,Clothing,Extension board,Operational / Safety Equipment,1,No,Common operational support equipment for a kidswear store business.
E03821,B0080,Kidswear Store,Fashion,Clothing,Surge protector,Operational / Safety Equipment,1,No,Common operational support equipment for a kidswear store business.
E03822,B0081,Fashion Boutique,Fashion,Boutique,Fire extinguisher,Operational / Safety Equipment,1,Yes,Common operational support equipment for a fashion boutique business.
E03823,B0081,Fashion Boutique,Fashion,Boutique,First aid kit,Operational / Safety Equipment,1,Yes,Common operational support equipment for a fashion boutique business.
E03824,B0081,Fashion Boutique,Fashion,Boutique,Extension board,Operational / Safety Equipment,1,No,Common operational support equipment for a fashion boutique business.
E03825,B0081,Fashion Boutique,Fashion,Boutique,Surge protector,Operational / Safety Equipment,1,No,Common operational support equipment for a fashion boutique business.
E03826,B0082,Bridal Boutique,Fashion,Boutique,Fire extinguisher,Operational / Safety Equipment,1,Yes,Common operational support equipment for a bridal boutique business.
E03827,B0082,Bridal Boutique,Fashion,Boutique,First aid kit,Operational / Safety Equipment,1,Yes,Common operational support equipment for a bridal boutique business.
E03828,B0082,Bridal Boutique,Fashion,Boutique,Extension board,Operational / Safety Equipment,1,No,Common operational support equipment for a bridal boutique business.
E03829,B0082,Bridal Boutique,Fashion,Boutique,Surge protector,Operational / Safety Equipment,1,No,Common operational support equipment for a bridal boutique business.
E03830,B0083,Designer Boutique,Fashion,Boutique,Fire extinguisher,Operational / Safety Equipment,1,Yes,Common operational support equipment for a designer boutique business.
E03831,B0083,Designer Boutique,Fashion,Boutique,First aid kit,Operational / Safety Equipment,1,Yes,Common operational support equipment for a designer boutique business.
E03832,B0083,Designer Boutique,Fashion,Boutique,Extension board,Operational / Safety Equipment,1,No,Common operational support equipment for a designer boutique business.
E03833,B0083,Designer Boutique,Fashion,Boutique,Surge protector,Operational / Safety Equipment,1,No,Common operational support equipment for a designer boutique business.
E03834,B0084,Ethnic Wear Boutique,Fashion,Boutique,Fire extinguisher,Operational / Safety Equipment,1,Yes,Common operational support equipment for a ethnic wear boutique business.
E03835,B0084,Ethnic Wear Boutique,Fashion,Boutique,First aid kit,Operational / Safety Equipment,1,Yes,Common operational support equipment for a ethnic wear boutique business.
E03836,B0084,Ethnic Wear Boutique,Fashion,Boutique,Extension board,Operational / Safety Equipment,1,No,Common operational support equipment for a ethnic wear boutique business.
E03837,B0084,Ethnic Wear Boutique,Fashion,Boutique,Surge protector,Operational / Safety Equipment,1,No,Common operational support equipment for a ethnic wear boutique business.
E03838,B0085,Custom Boutique,Fashion,Boutique,Fire extinguisher,Operational / Safety Equipment,1,Yes,Common operational support equipment for a custom boutique business.
E03839,B0085,Custom Boutique,Fashion,Boutique,First aid kit,Operational / Safety Equipment,1,Yes,Common operational support equipment for a custom boutique business.
E03840,B0085,Custom Boutique,Fashion,Boutique,Extension board,Operational / Safety Equipment,1,No,Common operational support equipment for a custom boutique business.
E03841,B0085,Custom Boutique,Fashion,Boutique,Surge protector,Operational / Safety Equipment,1,No,Common operational support equipment for a custom boutique business.
E03842,B0086,Footwear Store,Fashion,Footwear,Fire extinguisher,Operational / Safety Equipment,1,Yes,Common operational support equipment for a footwear store business.
E03843,B0086,Footwear Store,Fashion,Footwear,First aid kit,Operational / Safety Equipment,1,Yes,Common operational support equipment for a footwear store business.
E03844,B0086,Footwear Store,Fashion,Footwear,Extension board,Operational / Safety Equipment,1,No,Common operational support equipment for a footwear store business.
E03845,B0086,Footwear Store,Fashion,Footwear,Surge protector,Operational / Safety Equipment,1,No,Common operational support equipment for a footwear store business.
E03846,B0087,Shoe Brand,Fashion,Footwear,Fire extinguisher,Operational / Safety Equipment,1,Yes,Common operational support equipment for a shoe brand business.
E03847,B0087,Shoe Brand,Fashion,Footwear,First aid kit,Operational / Safety Equipment,1,Yes,Common operational support equipment for a shoe brand business.
E03848,B0087,Shoe Brand,Fashion,Footwear,Extension board,Operational / Safety Equipment,1,No,Common operational support equipment for a shoe brand business.
E03849,B0087,Shoe Brand,Fashion,Footwear,Surge protector,Operational / Safety Equipment,1,No,Common operational support equipment for a shoe brand business.
E03850,B0088,Sports Footwear Store,Fashion,Footwear,Fire extinguisher,Operational / Safety Equipment,1,Yes,Common operational support equipment for a sports footwear store business.
E03851,B0088,Sports Footwear Store,Fashion,Footwear,First aid kit,Operational / Safety Equipment,1,Yes,Common operational support equipment for a sports footwear store business.
E03852,B0088,Sports Footwear Store,Fashion,Footwear,Extension board,Operational / Safety Equipment,1,No,Common operational support equipment for a sports footwear store business.
E03853,B0088,Sports Footwear Store,Fashion,Footwear,Surge protector,Operational / Safety Equipment,1,No,Common operational support equipment for a sports footwear store business.
E03854,B0089,Custom Footwear Studio,Fashion,Footwear,Fire extinguisher,Operational / Safety Equipment,1,Yes,Common operational support equipment for a custom footwear studio business.
E03855,B0089,Custom Footwear Studio,Fashion,Footwear,First aid kit,Operational / Safety Equipment,1,Yes,Common operational support equipment for a custom footwear studio business.
E03856,B0089,Custom Footwear Studio,Fashion,Footwear,Extension board,Operational / Safety Equipment,1,No,Common operational support equipment for a custom footwear studio business.
E03857,B0089,Custom Footwear Studio,Fashion,Footwear,Surge protector,Operational / Safety Equipment,1,No,Common operational support equipment for a custom footwear studio business.
E03858,B0090,Leather Footwear Shop,Fashion,Footwear,Fire extinguisher,Operational / Safety Equipment,1,Yes,Common operational support equipment for a leather footwear shop business.
E03859,B0090,Leather Footwear Shop,Fashion,Footwear,First aid kit,Operational / Safety Equipment,1,Yes,Common operational support equipment for a leather footwear shop business.
E03860,B0090,Leather Footwear Shop,Fashion,Footwear,Extension board,Operational / Safety Equipment,1,No,Common operational support equipment for a leather footwear shop business.
E03861,B0090,Leather Footwear Shop,Fashion,Footwear,Surge protector,Operational / Safety Equipment,1,No,Common operational support equipment for a leather footwear shop business.
E03862,B0091,Jewelry Store,Fashion,Jewelry,Fire extinguisher,Operational / Safety Equipment,1,Yes,Common operational support equipment for a jewelry store business.
E03863,B0091,Jewelry Store,Fashion,Jewelry,First aid kit,Operational / Safety Equipment,1,Yes,Common operational support equipment for a jewelry store business.
E03864,B0091,Jewelry Store,Fashion,Jewelry,Extension board,Operational / Safety Equipment,1,No,Common operational support equipment for a jewelry store business.
E03865,B0091,Jewelry Store,Fashion,Jewelry,Surge protector,Operational / Safety Equipment,1,No,Common operational support equipment for a jewelry store business.
E03866,B0092,Gold Jewelry Store,Fashion,Jewelry,Fire extinguisher,Operational / Safety Equipment,1,Yes,Common operational support equipment for a gold jewelry store business.
E03867,B0092,Gold Jewelry Store,Fashion,Jewelry,First aid kit,Operational / Safety Equipment,1,Yes,Common operational support equipment for a gold jewelry store business.
E03868,B0092,Gold Jewelry Store,Fashion,Jewelry,Extension board,Operational / Safety Equipment,1,No,Common operational support equipment for a gold jewelry store business.
E03869,B0092,Gold Jewelry Store,Fashion,Jewelry,Surge protector,Operational / Safety Equipment,1,No,Common operational support equipment for a gold jewelry store business.
E03870,B0093,Fashion Jewelry Store,Fashion,Jewelry,Fire extinguisher,Operational / Safety Equipment,1,Yes,Common operational support equipment for a fashion jewelry store business.
E03871,B0093,Fashion Jewelry Store,Fashion,Jewelry,First aid kit,Operational / Safety Equipment,1,Yes,Common operational support equipment for a fashion jewelry store business.
E03872,B0093,Fashion Jewelry Store,Fashion,Jewelry,Extension board,Operational / Safety Equipment,1,No,Common operational support equipment for a fashion jewelry store business.
E03873,B0093,Fashion Jewelry Store,Fashion,Jewelry,Surge protector,Operational / Safety Equipment,1,No,Common operational support equipment for a fashion jewelry store business.
E03874,B0094,Custom Jewelry Studio,Fashion,Jewelry,Fire extinguisher,Operational / Safety Equipment,1,Yes,Common operational support equipment for a custom jewelry studio business.
E03875,B0094,Custom Jewelry Studio,Fashion,Jewelry,First aid kit,Operational / Safety Equipment,1,Yes,Common operational support equipment for a custom jewelry studio business.
E03876,B0094,Custom Jewelry Studio,Fashion,Jewelry,Extension board,Operational / Safety Equipment,1,No,Common operational support equipment for a custom jewelry studio business.
E03877,B0094,Custom Jewelry Studio,Fashion,Jewelry,Surge protector,Operational / Safety Equipment,1,No,Common operational support equipment for a custom jewelry studio business.
E03878,B0095,Jewelry Workshop,Fashion,Jewelry,Fire extinguisher,Operational / Safety Equipment,1,Yes,Common operational support equipment for a jewelry workshop business.
E03879,B0095,Jewelry Workshop,Fashion,Jewelry,First aid kit,Operational / Safety Equipment,1,Yes,Common operational support equipment for a jewelry workshop business.
E03880,B0095,Jewelry Workshop,Fashion,Jewelry,Extension board,Operational / Safety Equipment,1,No,Common operational support equipment for a jewelry workshop business.
E03881,B0095,Jewelry Workshop,Fashion,Jewelry,Surge protector,Operational / Safety Equipment,1,No,Common operational support equipment for a jewelry workshop business.
E03882,B0096,Cosmetics Store,Fashion,Cosmetics,Fire extinguisher,Operational / Safety Equipment,1,Yes,Common operational support equipment for a cosmetics store business.
E03883,B0096,Cosmetics Store,Fashion,Cosmetics,First aid kit,Operational / Safety Equipment,1,Yes,Common operational support equipment for a cosmetics store business.
E03884,B0096,Cosmetics Store,Fashion,Cosmetics,Extension board,Operational / Safety Equipment,1,No,Common operational support equipment for a cosmetics store business.
E03885,B0096,Cosmetics Store,Fashion,Cosmetics,Surge protector,Operational / Safety Equipment,1,No,Common operational support equipment for a cosmetics store business.
E03886,B0097,Makeup Brand,Fashion,Cosmetics,Fire extinguisher,Operational / Safety Equipment,1,Yes,Common operational support equipment for a makeup brand business.
E03887,B0097,Makeup Brand,Fashion,Cosmetics,First aid kit,Operational / Safety Equipment,1,Yes,Common operational support equipment for a makeup brand business.
E03888,B0097,Makeup Brand,Fashion,Cosmetics,Extension board,Operational / Safety Equipment,1,No,Common operational support equipment for a makeup brand business.
E03889,B0097,Makeup Brand,Fashion,Cosmetics,Surge protector,Operational / Safety Equipment,1,No,Common operational support equipment for a makeup brand business.
E03890,B0098,Skincare Brand,Fashion,Cosmetics,Fire extinguisher,Operational / Safety Equipment,1,Yes,Common operational support equipment for a skincare brand business.
E03891,B0098,Skincare Brand,Fashion,Cosmetics,First aid kit,Operational / Safety Equipment,1,Yes,Common operational support equipment for a skincare brand business.
E03892,B0098,Skincare Brand,Fashion,Cosmetics,Extension board,Operational / Safety Equipment,1,No,Common operational support equipment for a skincare brand business.
E03893,B0098,Skincare Brand,Fashion,Cosmetics,Surge protector,Operational / Safety Equipment,1,No,Common operational support equipment for a skincare brand business.
E03894,B0099,Beauty Product Store,Fashion,Cosmetics,Fire extinguisher,Operational / Safety Equipment,1,Yes,Common operational support equipment for a beauty product store business.
E03895,B0099,Beauty Product Store,Fashion,Cosmetics,First aid kit,Operational / Safety Equipment,1,Yes,Common operational support equipment for a beauty product store business.
E03896,B0099,Beauty Product Store,Fashion,Cosmetics,Extension board,Operational / Safety Equipment,1,No,Common operational support equipment for a beauty product store business.
E03897,B0099,Beauty Product Store,Fashion,Cosmetics,Surge protector,Operational / Safety Equipment,1,No,Common operational support equipment for a beauty product store business.
E03898,B0100,Natural Cosmetics Brand,Fashion,Cosmetics,Fire extinguisher,Operational / Safety Equipment,1,Yes,Common operational support equipment for a natural cosmetics brand business.
E03899,B0100,Natural Cosmetics Brand,Fashion,Cosmetics,First aid kit,Operational / Safety Equipment,1,Yes,Common operational support equipment for a natural cosmetics brand business.
E03900,B0100,Natural Cosmetics Brand,Fashion,Cosmetics,Extension board,Operational / Safety Equipment,1,No,Common operational support equipment for a natural cosmetics brand business.
E03901,B0100,Natural Cosmetics Brand,Fashion,Cosmetics,Surge protector,Operational / Safety Equipment,1,No,Common operational support equipment for a natural cosmetics brand business.
E03902,B0101,Property Management Company,Real Estate,Property Management,Fire extinguisher,Operational / Safety Equipment,1,Yes,Common operational support equipment for a property management company business.
E03903,B0101,Property Management Company,Real Estate,Property Management,First aid kit,Operational / Safety Equipment,1,Yes,Common operational support equipment for a property management company business.
E03904,B0101,Property Management Company,Real Estate,Property Management,Extension board,Operational / Safety Equipment,1,No,Common operational support equipment for a property management company business.
E03905,B0101,Property Management Company,Real Estate,Property Management,Surge protector,Operational / Safety Equipment,1,No,Common operational support equipment for a property management company business.
E03906,B0102,Apartment Management Service,Real Estate,Property Management,Fire extinguisher,Operational / Safety Equipment,1,Yes,Common operational support equipment for a apartment management service business.
E03907,B0102,Apartment Management Service,Real Estate,Property Management,First aid kit,Operational / Safety Equipment,1,Yes,Common operational support equipment for a apartment management service business.
E03908,B0102,Apartment Management Service,Real Estate,Property Management,Extension board,Operational / Safety Equipment,1,No,Common operational support equipment for a apartment management service business.
E03909,B0102,Apartment Management Service,Real Estate,Property Management,Surge protector,Operational / Safety Equipment,1,No,Common operational support equipment for a apartment management service business.
E03910,B0103,Commercial Property Manager,Real Estate,Property Management,Fire extinguisher,Operational / Safety Equipment,1,Yes,Common operational support equipment for a commercial property manager business.
E03911,B0103,Commercial Property Manager,Real Estate,Property Management,First aid kit,Operational / Safety Equipment,1,Yes,Common operational support equipment for a commercial property manager business.
E03912,B0103,Commercial Property Manager,Real Estate,Property Management,Extension board,Operational / Safety Equipment,1,No,Common operational support equipment for a commercial property manager business.
E03913,B0103,Commercial Property Manager,Real Estate,Property Management,Surge protector,Operational / Safety Equipment,1,No,Common operational support equipment for a commercial property manager business.
E03914,B0104,Facility Management Company,Real Estate,Property Management,Fire extinguisher,Operational / Safety Equipment,1,Yes,Common operational support equipment for a facility management company business.
E03915,B0104,Facility Management Company,Real Estate,Property Management,First aid kit,Operational / Safety Equipment,1,Yes,Common operational support equipment for a facility management company business.
E03916,B0104,Facility Management Company,Real Estate,Property Management,Extension board,Operational / Safety Equipment,1,No,Common operational support equipment for a facility management company business.
E03917,B0104,Facility Management Company,Real Estate,Property Management,Surge protector,Operational / Safety Equipment,1,No,Common operational support equipment for a facility management company business.
E03918,B0105,Rental Management Service,Real Estate,Property Management,Fire extinguisher,Operational / Safety Equipment,1,Yes,Common operational support equipment for a rental management service business.
E03919,B0105,Rental Management Service,Real Estate,Property Management,First aid kit,Operational / Safety Equipment,1,Yes,Common operational support equipment for a rental management service business.
E03920,B0105,Rental Management Service,Real Estate,Property Management,Extension board,Operational / Safety Equipment,1,No,Common operational support equipment for a rental management service business.
E03921,B0105,Rental Management Service,Real Estate,Property Management,Surge protector,Operational / Safety Equipment,1,No,Common operational support equipment for a rental management service business.
E03922,B0106,Residential Construction Company,Real Estate,Construction,Fire extinguisher,Operational / Safety Equipment,1,Yes,Common operational support equipment for a residential construction company business.
E03923,B0106,Residential Construction Company,Real Estate,Construction,First aid kit,Operational / Safety Equipment,1,Yes,Common operational support equipment for a residential construction company business.
E03924,B0106,Residential Construction Company,Real Estate,Construction,Extension board,Operational / Safety Equipment,1,No,Common operational support equipment for a residential construction company business.
E03925,B0106,Residential Construction Company,Real Estate,Construction,Surge protector,Operational / Safety Equipment,1,No,Common operational support equipment for a residential construction company business.
E03926,B0107,Commercial Construction Company,Real Estate,Construction,Fire extinguisher,Operational / Safety Equipment,1,Yes,Common operational support equipment for a commercial construction company business.
E03927,B0107,Commercial Construction Company,Real Estate,Construction,First aid kit,Operational / Safety Equipment,1,Yes,Common operational support equipment for a commercial construction company business.
E03928,B0107,Commercial Construction Company,Real Estate,Construction,Extension board,Operational / Safety Equipment,1,No,Common operational support equipment for a commercial construction company business.
E03929,B0107,Commercial Construction Company,Real Estate,Construction,Surge protector,Operational / Safety Equipment,1,No,Common operational support equipment for a commercial construction company business.
E03930,B0108,Civil Contractor,Real Estate,Construction,Fire extinguisher,Operational / Safety Equipment,1,Yes,Common operational support equipment for a civil contractor business.
E03931,B0108,Civil Contractor,Real Estate,Construction,First aid kit,Operational / Safety Equipment,1,Yes,Common operational support equipment for a civil contractor business.
E03932,B0108,Civil Contractor,Real Estate,Construction,Extension board,Operational / Safety Equipment,1,No,Common operational support equipment for a civil contractor business.
E03933,B0108,Civil Contractor,Real Estate,Construction,Surge protector,Operational / Safety Equipment,1,No,Common operational support equipment for a civil contractor business.
E03934,B0109,Renovation Contractor,Real Estate,Construction,Fire extinguisher,Operational / Safety Equipment,1,Yes,Common operational support equipment for a renovation contractor business.
E03935,B0109,Renovation Contractor,Real Estate,Construction,First aid kit,Operational / Safety Equipment,1,Yes,Common operational support equipment for a renovation contractor business.
E03936,B0109,Renovation Contractor,Real Estate,Construction,Extension board,Operational / Safety Equipment,1,No,Common operational support equipment for a renovation contractor business.
E03937,B0109,Renovation Contractor,Real Estate,Construction,Surge protector,Operational / Safety Equipment,1,No,Common operational support equipment for a renovation contractor business.
E03938,B0110,Infrastructure Contractor,Real Estate,Construction,Fire extinguisher,Operational / Safety Equipment,1,Yes,Common operational support equipment for a infrastructure contractor business.
E03939,B0110,Infrastructure Contractor,Real Estate,Construction,First aid kit,Operational / Safety Equipment,1,Yes,Common operational support equipment for a infrastructure contractor business.
E03940,B0110,Infrastructure Contractor,Real Estate,Construction,Extension board,Operational / Safety Equipment,1,No,Common operational support equipment for a infrastructure contractor business.
E03941,B0110,Infrastructure Contractor,Real Estate,Construction,Surge protector,Operational / Safety Equipment,1,No,Common operational support equipment for a infrastructure contractor business.
E03942,B0111,Residential Brokerage,Real Estate,Brokerage,Fire extinguisher,Operational / Safety Equipment,1,Yes,Common operational support equipment for a residential brokerage business.
E03943,B0111,Residential Brokerage,Real Estate,Brokerage,First aid kit,Operational / Safety Equipment,1,Yes,Common operational support equipment for a residential brokerage business.
E03944,B0111,Residential Brokerage,Real Estate,Brokerage,Extension board,Operational / Safety Equipment,1,No,Common operational support equipment for a residential brokerage business.
E03945,B0111,Residential Brokerage,Real Estate,Brokerage,Surge protector,Operational / Safety Equipment,1,No,Common operational support equipment for a residential brokerage business.
E03946,B0112,Commercial Brokerage,Real Estate,Brokerage,Fire extinguisher,Operational / Safety Equipment,1,Yes,Common operational support equipment for a commercial brokerage business.
E03947,B0112,Commercial Brokerage,Real Estate,Brokerage,First aid kit,Operational / Safety Equipment,1,Yes,Common operational support equipment for a commercial brokerage business.
E03948,B0112,Commercial Brokerage,Real Estate,Brokerage,Extension board,Operational / Safety Equipment,1,No,Common operational support equipment for a commercial brokerage business.
E03949,B0112,Commercial Brokerage,Real Estate,Brokerage,Surge protector,Operational / Safety Equipment,1,No,Common operational support equipment for a commercial brokerage business.
E03950,B0113,Land Brokerage,Real Estate,Brokerage,Fire extinguisher,Operational / Safety Equipment,1,Yes,Common operational support equipment for a land brokerage business.
E03951,B0113,Land Brokerage,Real Estate,Brokerage,First aid kit,Operational / Safety Equipment,1,Yes,Common operational support equipment for a land brokerage business.
E03952,B0113,Land Brokerage,Real Estate,Brokerage,Extension board,Operational / Safety Equipment,1,No,Common operational support equipment for a land brokerage business.
E03953,B0113,Land Brokerage,Real Estate,Brokerage,Surge protector,Operational / Safety Equipment,1,No,Common operational support equipment for a land brokerage business.
E03954,B0114,Property Consultancy,Real Estate,Brokerage,Fire extinguisher,Operational / Safety Equipment,1,Yes,Common operational support equipment for a property consultancy business.
E03955,B0114,Property Consultancy,Real Estate,Brokerage,First aid kit,Operational / Safety Equipment,1,Yes,Common operational support equipment for a property consultancy business.
E03956,B0114,Property Consultancy,Real Estate,Brokerage,Extension board,Operational / Safety Equipment,1,No,Common operational support equipment for a property consultancy business.
E03957,B0114,Property Consultancy,Real Estate,Brokerage,Surge protector,Operational / Safety Equipment,1,No,Common operational support equipment for a property consultancy business.
E03958,B0115,Luxury Property Brokerage,Real Estate,Brokerage,Fire extinguisher,Operational / Safety Equipment,1,Yes,Common operational support equipment for a luxury property brokerage business.
E03959,B0115,Luxury Property Brokerage,Real Estate,Brokerage,First aid kit,Operational / Safety Equipment,1,Yes,Common operational support equipment for a luxury property brokerage business.
E03960,B0115,Luxury Property Brokerage,Real Estate,Brokerage,Extension board,Operational / Safety Equipment,1,No,Common operational support equipment for a luxury property brokerage business.
E03961,B0115,Luxury Property Brokerage,Real Estate,Brokerage,Surge protector,Operational / Safety Equipment,1,No,Common operational support equipment for a luxury property brokerage business.
E03962,B0116,Apartment Rental Service,Real Estate,Rental,Fire extinguisher,Operational / Safety Equipment,1,Yes,Common operational support equipment for a apartment rental service business.
E03963,B0116,Apartment Rental Service,Real Estate,Rental,First aid kit,Operational / Safety Equipment,1,Yes,Common operational support equipment for a apartment rental service business.
E03964,B0116,Apartment Rental Service,Real Estate,Rental,Extension board,Operational / Safety Equipment,1,No,Common operational support equipment for a apartment rental service business.
E03965,B0116,Apartment Rental Service,Real Estate,Rental,Surge protector,Operational / Safety Equipment,1,No,Common operational support equipment for a apartment rental service business.
E03966,B0117,House Rental Agency,Real Estate,Rental,Fire extinguisher,Operational / Safety Equipment,1,Yes,Common operational support equipment for a house rental agency business.
E03967,B0117,House Rental Agency,Real Estate,Rental,First aid kit,Operational / Safety Equipment,1,Yes,Common operational support equipment for a house rental agency business.
E03968,B0117,House Rental Agency,Real Estate,Rental,Extension board,Operational / Safety Equipment,1,No,Common operational support equipment for a house rental agency business.
E03969,B0117,House Rental Agency,Real Estate,Rental,Surge protector,Operational / Safety Equipment,1,No,Common operational support equipment for a house rental agency business.
E03970,B0118,Office Rental Service,Real Estate,Rental,Fire extinguisher,Operational / Safety Equipment,1,Yes,Common operational support equipment for a office rental service business.
E03971,B0118,Office Rental Service,Real Estate,Rental,First aid kit,Operational / Safety Equipment,1,Yes,Common operational support equipment for a office rental service business.
E03972,B0118,Office Rental Service,Real Estate,Rental,Extension board,Operational / Safety Equipment,1,No,Common operational support equipment for a office rental service business.
E03973,B0118,Office Rental Service,Real Estate,Rental,Surge protector,Operational / Safety Equipment,1,No,Common operational support equipment for a office rental service business.
E03974,B0119,Equipment Rental Service,Real Estate,Rental,Fire extinguisher,Operational / Safety Equipment,1,Yes,Common operational support equipment for a equipment rental service business.
E03975,B0119,Equipment Rental Service,Real Estate,Rental,First aid kit,Operational / Safety Equipment,1,Yes,Common operational support equipment for a equipment rental service business.
E03976,B0119,Equipment Rental Service,Real Estate,Rental,Extension board,Operational / Safety Equipment,1,No,Common operational support equipment for a equipment rental service business.
E03977,B0119,Equipment Rental Service,Real Estate,Rental,Surge protector,Operational / Safety Equipment,1,No,Common operational support equipment for a equipment rental service business.
E03978,B0120,Vacation Property Rental,Real Estate,Rental,Fire extinguisher,Operational / Safety Equipment,1,Yes,Common operational support equipment for a vacation property rental business.
E03979,B0120,Vacation Property Rental,Real Estate,Rental,First aid kit,Operational / Safety Equipment,1,Yes,Common operational support equipment for a vacation property rental business.
E03980,B0120,Vacation Property Rental,Real Estate,Rental,Extension board,Operational / Safety Equipment,1,No,Common operational support equipment for a vacation property rental business.
E03981,B0120,Vacation Property Rental,Real Estate,Rental,Surge protector,Operational / Safety Equipment,1,No,Common operational support equipment for a vacation property rental business.
E03982,B0121,Residential Interior Studio,Real Estate,Interior Design,Fire extinguisher,Operational / Safety Equipment,1,Yes,Common operational support equipment for a residential interior studio business.
E03983,B0121,Residential Interior Studio,Real Estate,Interior Design,First aid kit,Operational / Safety Equipment,1,Yes,Common operational support equipment for a residential interior studio business.
E03984,B0121,Residential Interior Studio,Real Estate,Interior Design,Extension board,Operational / Safety Equipment,1,No,Common operational support equipment for a residential interior studio business.
E03985,B0121,Residential Interior Studio,Real Estate,Interior Design,Surge protector,Operational / Safety Equipment,1,No,Common operational support equipment for a residential interior studio business.
E03986,B0122,Commercial Interior Studio,Real Estate,Interior Design,Fire extinguisher,Operational / Safety Equipment,1,Yes,Common operational support equipment for a commercial interior studio business.
E03987,B0122,Commercial Interior Studio,Real Estate,Interior Design,First aid kit,Operational / Safety Equipment,1,Yes,Common operational support equipment for a commercial interior studio business.
E03988,B0122,Commercial Interior Studio,Real Estate,Interior Design,Extension board,Operational / Safety Equipment,1,No,Common operational support equipment for a commercial interior studio business.
E03989,B0122,Commercial Interior Studio,Real Estate,Interior Design,Surge protector,Operational / Safety Equipment,1,No,Common operational support equipment for a commercial interior studio business.
E03990,B0123,Kitchen Design Studio,Real Estate,Interior Design,Fire extinguisher,Operational / Safety Equipment,1,Yes,Common operational support equipment for a kitchen design studio business.
E03991,B0123,Kitchen Design Studio,Real Estate,Interior Design,First aid kit,Operational / Safety Equipment,1,Yes,Common operational support equipment for a kitchen design studio business.
E03992,B0123,Kitchen Design Studio,Real Estate,Interior Design,Extension board,Operational / Safety Equipment,1,No,Common operational support equipment for a kitchen design studio business.
E03993,B0123,Kitchen Design Studio,Real Estate,Interior Design,Surge protector,Operational / Safety Equipment,1,No,Common operational support equipment for a kitchen design studio business.
E03994,B0124,Office Interior Studio,Real Estate,Interior Design,Fire extinguisher,Operational / Safety Equipment,1,Yes,Common operational support equipment for a office interior studio business.
E03995,B0124,Office Interior Studio,Real Estate,Interior Design,First aid kit,Operational / Safety Equipment,1,Yes,Common operational support equipment for a office interior studio business.
E03996,B0124,Office Interior Studio,Real Estate,Interior Design,Extension board,Operational / Safety Equipment,1,No,Common operational support equipment for a office interior studio business.
E03997,B0124,Office Interior Studio,Real Estate,Interior Design,Surge protector,Operational / Safety Equipment,1,No,Common operational support equipment for a office interior studio business.
E03998,B0125,Interior Renovation Studio,Real Estate,Interior Design,Fire extinguisher,Operational / Safety Equipment,1,Yes,Common operational support equipment for a interior renovation studio business.
E03999,B0125,Interior Renovation Studio,Real Estate,Interior Design,First aid kit,Operational / Safety Equipment,1,Yes,Common operational support equipment for a interior renovation studio business.
E04000,B0125,Interior Renovation Studio,Real Estate,Interior Design,Extension board,Operational / Safety Equipment,1,No,Common operational support equipment for a interior renovation studio business.
E04001,B0125,Interior Renovation Studio,Real Estate,Interior Design,Surge protector,Operational / Safety Equipment,1,No,Common operational support equipment for a interior renovation studio business.
E04002,B0126,Primary School,Education,School,Fire extinguisher,Operational / Safety Equipment,1,Yes,Common operational support equipment for a primary school business.
E04003,B0126,Primary School,Education,School,First aid kit,Operational / Safety Equipment,1,Yes,Common operational support equipment for a primary school business.
E04004,B0126,Primary School,Education,School,Extension board,Operational / Safety Equipment,1,No,Common operational support equipment for a primary school business.
E04005,B0126,Primary School,Education,School,Surge protector,Operational / Safety Equipment,1,No,Common operational support equipment for a primary school business.
E04006,B0127,High School,Education,School,Fire extinguisher,Operational / Safety Equipment,1,Yes,Common operational support equipment for a high school business.
E04007,B0127,High School,Education,School,First aid kit,Operational / Safety Equipment,1,Yes,Common operational support equipment for a high school business.
E04008,B0127,High School,Education,School,Extension board,Operational / Safety Equipment,1,No,Common operational support equipment for a high school business.
E04009,B0127,High School,Education,School,Surge protector,Operational / Safety Equipment,1,No,Common operational support equipment for a high school business.
E04010,B0128,International School,Education,School,Fire extinguisher,Operational / Safety Equipment,1,Yes,Common operational support equipment for a international school business.
E04011,B0128,International School,Education,School,First aid kit,Operational / Safety Equipment,1,Yes,Common operational support equipment for a international school business.
E04012,B0128,International School,Education,School,Extension board,Operational / Safety Equipment,1,No,Common operational support equipment for a international school business.
E04013,B0128,International School,Education,School,Surge protector,Operational / Safety Equipment,1,No,Common operational support equipment for a international school business.
E04014,B0129,Montessori School,Education,School,Fire extinguisher,Operational / Safety Equipment,1,Yes,Common operational support equipment for a montessori school business.
E04015,B0129,Montessori School,Education,School,First aid kit,Operational / Safety Equipment,1,Yes,Common operational support equipment for a montessori school business.
E04016,B0129,Montessori School,Education,School,Extension board,Operational / Safety Equipment,1,No,Common operational support equipment for a montessori school business.
E04017,B0129,Montessori School,Education,School,Surge protector,Operational / Safety Equipment,1,No,Common operational support equipment for a montessori school business.
E04018,B0130,Vocational School,Education,School,Fire extinguisher,Operational / Safety Equipment,1,Yes,Common operational support equipment for a vocational school business.
E04019,B0130,Vocational School,Education,School,First aid kit,Operational / Safety Equipment,1,Yes,Common operational support equipment for a vocational school business.
E04020,B0130,Vocational School,Education,School,Extension board,Operational / Safety Equipment,1,No,Common operational support equipment for a vocational school business.
E04021,B0130,Vocational School,Education,School,Surge protector,Operational / Safety Equipment,1,No,Common operational support equipment for a vocational school business.
E04022,B0131,Degree College,Education,College,Fire extinguisher,Operational / Safety Equipment,1,Yes,Common operational support equipment for a degree college business.
E04023,B0131,Degree College,Education,College,First aid kit,Operational / Safety Equipment,1,Yes,Common operational support equipment for a degree college business.
E04024,B0131,Degree College,Education,College,Extension board,Operational / Safety Equipment,1,No,Common operational support equipment for a degree college business.
E04025,B0131,Degree College,Education,College,Surge protector,Operational / Safety Equipment,1,No,Common operational support equipment for a degree college business.
E04026,B0132,Engineering College,Education,College,Fire extinguisher,Operational / Safety Equipment,1,Yes,Common operational support equipment for a engineering college business.
E04027,B0132,Engineering College,Education,College,First aid kit,Operational / Safety Equipment,1,Yes,Common operational support equipment for a engineering college business.
E04028,B0132,Engineering College,Education,College,Extension board,Operational / Safety Equipment,1,No,Common operational support equipment for a engineering college business.
E04029,B0132,Engineering College,Education,College,Surge protector,Operational / Safety Equipment,1,No,Common operational support equipment for a engineering college business.
E04030,B0133,Management College,Education,College,Fire extinguisher,Operational / Safety Equipment,1,Yes,Common operational support equipment for a management college business.
E04031,B0133,Management College,Education,College,First aid kit,Operational / Safety Equipment,1,Yes,Common operational support equipment for a management college business.
E04032,B0133,Management College,Education,College,Extension board,Operational / Safety Equipment,1,No,Common operational support equipment for a management college business.
E04033,B0133,Management College,Education,College,Surge protector,Operational / Safety Equipment,1,No,Common operational support equipment for a management college business.
E04034,B0134,Arts College,Education,College,Fire extinguisher,Operational / Safety Equipment,1,Yes,Common operational support equipment for a arts college business.
E04035,B0134,Arts College,Education,College,First aid kit,Operational / Safety Equipment,1,Yes,Common operational support equipment for a arts college business.
E04036,B0134,Arts College,Education,College,Extension board,Operational / Safety Equipment,1,No,Common operational support equipment for a arts college business.
E04037,B0134,Arts College,Education,College,Surge protector,Operational / Safety Equipment,1,No,Common operational support equipment for a arts college business.
E04038,B0135,Community College,Education,College,Fire extinguisher,Operational / Safety Equipment,1,Yes,Common operational support equipment for a community college business.
E04039,B0135,Community College,Education,College,First aid kit,Operational / Safety Equipment,1,Yes,Common operational support equipment for a community college business.
E04040,B0135,Community College,Education,College,Extension board,Operational / Safety Equipment,1,No,Common operational support equipment for a community college business.
E04041,B0135,Community College,Education,College,Surge protector,Operational / Safety Equipment,1,No,Common operational support equipment for a community college business.
E04042,B0136,Competitive Exam Coaching,Education,Coaching,Fire extinguisher,Operational / Safety Equipment,1,Yes,Common operational support equipment for a competitive exam coaching business.
E04043,B0136,Competitive Exam Coaching,Education,Coaching,First aid kit,Operational / Safety Equipment,1,Yes,Common operational support equipment for a competitive exam coaching business.
E04044,B0136,Competitive Exam Coaching,Education,Coaching,Extension board,Operational / Safety Equipment,1,No,Common operational support equipment for a competitive exam coaching business.
E04045,B0136,Competitive Exam Coaching,Education,Coaching,Surge protector,Operational / Safety Equipment,1,No,Common operational support equipment for a competitive exam coaching business.
E04046,B0137,Coding Coaching,Education,Coaching,Fire extinguisher,Operational / Safety Equipment,1,Yes,Common operational support equipment for a coding coaching business.
E04047,B0137,Coding Coaching,Education,Coaching,First aid kit,Operational / Safety Equipment,1,Yes,Common operational support equipment for a coding coaching business.
E04048,B0137,Coding Coaching,Education,Coaching,Extension board,Operational / Safety Equipment,1,No,Common operational support equipment for a coding coaching business.
E04049,B0137,Coding Coaching,Education,Coaching,Surge protector,Operational / Safety Equipment,1,No,Common operational support equipment for a coding coaching business.
E04050,B0138,Language Coaching,Education,Coaching,Fire extinguisher,Operational / Safety Equipment,1,Yes,Common operational support equipment for a language coaching business.
E04051,B0138,Language Coaching,Education,Coaching,First aid kit,Operational / Safety Equipment,1,Yes,Common operational support equipment for a language coaching business.
E04052,B0138,Language Coaching,Education,Coaching,Extension board,Operational / Safety Equipment,1,No,Common operational support equipment for a language coaching business.
E04053,B0138,Language Coaching,Education,Coaching,Surge protector,Operational / Safety Equipment,1,No,Common operational support equipment for a language coaching business.
E04054,B0139,School Tuition Center,Education,Coaching,Fire extinguisher,Operational / Safety Equipment,1,Yes,Common operational support equipment for a school tuition center business.
E04055,B0139,School Tuition Center,Education,Coaching,First aid kit,Operational / Safety Equipment,1,Yes,Common operational support equipment for a school tuition center business.
E04056,B0139,School Tuition Center,Education,Coaching,Extension board,Operational / Safety Equipment,1,No,Common operational support equipment for a school tuition center business.
E04057,B0139,School Tuition Center,Education,Coaching,Surge protector,Operational / Safety Equipment,1,No,Common operational support equipment for a school tuition center business.
E04058,B0140,Professional Exam Coaching,Education,Coaching,Fire extinguisher,Operational / Safety Equipment,1,Yes,Common operational support equipment for a professional exam coaching business.
E04059,B0140,Professional Exam Coaching,Education,Coaching,First aid kit,Operational / Safety Equipment,1,Yes,Common operational support equipment for a professional exam coaching business.
E04060,B0140,Professional Exam Coaching,Education,Coaching,Extension board,Operational / Safety Equipment,1,No,Common operational support equipment for a professional exam coaching business.
E04061,B0140,Professional Exam Coaching,Education,Coaching,Surge protector,Operational / Safety Equipment,1,No,Common operational support equipment for a professional exam coaching business.
E04062,B0141,Online Learning Platform,Education,EdTech,Fire extinguisher,Operational / Safety Equipment,1,Yes,Common operational support equipment for a online learning platform business.
E04063,B0141,Online Learning Platform,Education,EdTech,First aid kit,Operational / Safety Equipment,1,Yes,Common operational support equipment for a online learning platform business.
E04064,B0141,Online Learning Platform,Education,EdTech,Extension board,Operational / Safety Equipment,1,No,Common operational support equipment for a online learning platform business.
E04065,B0141,Online Learning Platform,Education,EdTech,Surge protector,Operational / Safety Equipment,1,No,Common operational support equipment for a online learning platform business.
E04066,B0142,Virtual Classroom Company,Education,EdTech,Fire extinguisher,Operational / Safety Equipment,1,Yes,Common operational support equipment for a virtual classroom company business.
E04067,B0142,Virtual Classroom Company,Education,EdTech,First aid kit,Operational / Safety Equipment,1,Yes,Common operational support equipment for a virtual classroom company business.
E04068,B0142,Virtual Classroom Company,Education,EdTech,Extension board,Operational / Safety Equipment,1,No,Common operational support equipment for a virtual classroom company business.
E04069,B0142,Virtual Classroom Company,Education,EdTech,Surge protector,Operational / Safety Equipment,1,No,Common operational support equipment for a virtual classroom company business.
E04070,B0143,Education App,Education,EdTech,Fire extinguisher,Operational / Safety Equipment,1,Yes,Common operational support equipment for a education app business.
E04071,B0143,Education App,Education,EdTech,First aid kit,Operational / Safety Equipment,1,Yes,Common operational support equipment for a education app business.
E04072,B0143,Education App,Education,EdTech,Extension board,Operational / Safety Equipment,1,No,Common operational support equipment for a education app business.
E04073,B0143,Education App,Education,EdTech,Surge protector,Operational / Safety Equipment,1,No,Common operational support equipment for a education app business.
E04074,B0144,Assessment Platform,Education,EdTech,Fire extinguisher,Operational / Safety Equipment,1,Yes,Common operational support equipment for a assessment platform business.
E04075,B0144,Assessment Platform,Education,EdTech,First aid kit,Operational / Safety Equipment,1,Yes,Common operational support equipment for a assessment platform business.
E04076,B0144,Assessment Platform,Education,EdTech,Extension board,Operational / Safety Equipment,1,No,Common operational support equipment for a assessment platform business.
E04077,B0144,Assessment Platform,Education,EdTech,Surge protector,Operational / Safety Equipment,1,No,Common operational support equipment for a assessment platform business.
E04078,B0145,Tutoring Platform,Education,EdTech,Fire extinguisher,Operational / Safety Equipment,1,Yes,Common operational support equipment for a tutoring platform business.
E04079,B0145,Tutoring Platform,Education,EdTech,First aid kit,Operational / Safety Equipment,1,Yes,Common operational support equipment for a tutoring platform business.
E04080,B0145,Tutoring Platform,Education,EdTech,Extension board,Operational / Safety Equipment,1,No,Common operational support equipment for a tutoring platform business.
E04081,B0145,Tutoring Platform,Education,EdTech,Surge protector,Operational / Safety Equipment,1,No,Common operational support equipment for a tutoring platform business.
E04082,B0146,Corporate Training Center,Education,Training,Fire extinguisher,Operational / Safety Equipment,1,Yes,Common operational support equipment for a corporate training center business.
E04083,B0146,Corporate Training Center,Education,Training,First aid kit,Operational / Safety Equipment,1,Yes,Common operational support equipment for a corporate training center business.
E04084,B0146,Corporate Training Center,Education,Training,Extension board,Operational / Safety Equipment,1,No,Common operational support equipment for a corporate training center business.
E04085,B0146,Corporate Training Center,Education,Training,Surge protector,Operational / Safety Equipment,1,No,Common operational support equipment for a corporate training center business.
E04086,B0147,Technical Training Institute,Education,Training,Fire extinguisher,Operational / Safety Equipment,1,Yes,Common operational support equipment for a technical training institute business.
E04087,B0147,Technical Training Institute,Education,Training,First aid kit,Operational / Safety Equipment,1,Yes,Common operational support equipment for a technical training institute business.
E04088,B0147,Technical Training Institute,Education,Training,Extension board,Operational / Safety Equipment,1,No,Common operational support equipment for a technical training institute business.
E04089,B0147,Technical Training Institute,Education,Training,Surge protector,Operational / Safety Equipment,1,No,Common operational support equipment for a technical training institute business.
E04090,B0148,Skill Development Center,Education,Training,Fire extinguisher,Operational / Safety Equipment,1,Yes,Common operational support equipment for a skill development center business.
E04091,B0148,Skill Development Center,Education,Training,First aid kit,Operational / Safety Equipment,1,Yes,Common operational support equipment for a skill development center business.
E04092,B0148,Skill Development Center,Education,Training,Extension board,Operational / Safety Equipment,1,No,Common operational support equipment for a skill development center business.
E04093,B0148,Skill Development Center,Education,Training,Surge protector,Operational / Safety Equipment,1,No,Common operational support equipment for a skill development center business.
E04094,B0149,Vocational Training Center,Education,Training,Fire extinguisher,Operational / Safety Equipment,1,Yes,Common operational support equipment for a vocational training center business.
E04095,B0149,Vocational Training Center,Education,Training,First aid kit,Operational / Safety Equipment,1,Yes,Common operational support equipment for a vocational training center business.
E04096,B0149,Vocational Training Center,Education,Training,Extension board,Operational / Safety Equipment,1,No,Common operational support equipment for a vocational training center business.
E04097,B0149,Vocational Training Center,Education,Training,Surge protector,Operational / Safety Equipment,1,No,Common operational support equipment for a vocational training center business.
E04098,B0150,Teacher Training Center,Education,Training,Fire extinguisher,Operational / Safety Equipment,1,Yes,Common operational support equipment for a teacher training center business.
E04099,B0150,Teacher Training Center,Education,Training,First aid kit,Operational / Safety Equipment,1,Yes,Common operational support equipment for a teacher training center business.
E04100,B0150,Teacher Training Center,Education,Training,Extension board,Operational / Safety Equipment,1,No,Common operational support equipment for a teacher training center business.
E04101,B0150,Teacher Training Center,Education,Training,Surge protector,Operational / Safety Equipment,1,No,Common operational support equipment for a teacher training center business.
E04102,B0151,Taxi Service,Transportation,Taxi,Fire extinguisher,Operational / Safety Equipment,1,Yes,Common operational support equipment for a taxi service business.
E04103,B0151,Taxi Service,Transportation,Taxi,First aid kit,Operational / Safety Equipment,1,Yes,Common operational support equipment for a taxi service business.
E04104,B0151,Taxi Service,Transportation,Taxi,Extension board,Operational / Safety Equipment,1,No,Common operational support equipment for a taxi service business.
E04105,B0151,Taxi Service,Transportation,Taxi,Surge protector,Operational / Safety Equipment,1,No,Common operational support equipment for a taxi service business.
E04106,B0152,Ride-Hailing Service,Transportation,Taxi,Fire extinguisher,Operational / Safety Equipment,1,Yes,Common operational support equipment for a ride-hailing service business.
E04107,B0152,Ride-Hailing Service,Transportation,Taxi,First aid kit,Operational / Safety Equipment,1,Yes,Common operational support equipment for a ride-hailing service business.
E04108,B0152,Ride-Hailing Service,Transportation,Taxi,Extension board,Operational / Safety Equipment,1,No,Common operational support equipment for a ride-hailing service business.
E04109,B0152,Ride-Hailing Service,Transportation,Taxi,Surge protector,Operational / Safety Equipment,1,No,Common operational support equipment for a ride-hailing service business.
E04110,B0153,Corporate Cab Service,Transportation,Taxi,Fire extinguisher,Operational / Safety Equipment,1,Yes,Common operational support equipment for a corporate cab service business.
E04111,B0153,Corporate Cab Service,Transportation,Taxi,First aid kit,Operational / Safety Equipment,1,Yes,Common operational support equipment for a corporate cab service business.
E04112,B0153,Corporate Cab Service,Transportation,Taxi,Extension board,Operational / Safety Equipment,1,No,Common operational support equipment for a corporate cab service business.
E04113,B0153,Corporate Cab Service,Transportation,Taxi,Surge protector,Operational / Safety Equipment,1,No,Common operational support equipment for a corporate cab service business.
E04114,B0154,Airport Taxi Service,Transportation,Taxi,Fire extinguisher,Operational / Safety Equipment,1,Yes,Common operational support equipment for a airport taxi service business.
E04115,B0154,Airport Taxi Service,Transportation,Taxi,First aid kit,Operational / Safety Equipment,1,Yes,Common operational support equipment for a airport taxi service business.
E04116,B0154,Airport Taxi Service,Transportation,Taxi,Extension board,Operational / Safety Equipment,1,No,Common operational support equipment for a airport taxi service business.
E04117,B0154,Airport Taxi Service,Transportation,Taxi,Surge protector,Operational / Safety Equipment,1,No,Common operational support equipment for a airport taxi service business.
E04118,B0155,Outstation Cab Service,Transportation,Taxi,Fire extinguisher,Operational / Safety Equipment,1,Yes,Common operational support equipment for a outstation cab service business.
E04119,B0155,Outstation Cab Service,Transportation,Taxi,First aid kit,Operational / Safety Equipment,1,Yes,Common operational support equipment for a outstation cab service business.
E04120,B0155,Outstation Cab Service,Transportation,Taxi,Extension board,Operational / Safety Equipment,1,No,Common operational support equipment for a outstation cab service business.
E04121,B0155,Outstation Cab Service,Transportation,Taxi,Surge protector,Operational / Safety Equipment,1,No,Common operational support equipment for a outstation cab service business.
E04122,B0156,Freight Logistics Company,Transportation,Logistics,Fire extinguisher,Operational / Safety Equipment,1,Yes,Common operational support equipment for a freight logistics company business.
E04123,B0156,Freight Logistics Company,Transportation,Logistics,First aid kit,Operational / Safety Equipment,1,Yes,Common operational support equipment for a freight logistics company business.
E04124,B0156,Freight Logistics Company,Transportation,Logistics,Extension board,Operational / Safety Equipment,1,No,Common operational support equipment for a freight logistics company business.
E04125,B0156,Freight Logistics Company,Transportation,Logistics,Surge protector,Operational / Safety Equipment,1,No,Common operational support equipment for a freight logistics company business.
E04126,B0157,Last-Mile Logistics,Transportation,Logistics,Fire extinguisher,Operational / Safety Equipment,1,Yes,Common operational support equipment for a last-mile logistics business.
E04127,B0157,Last-Mile Logistics,Transportation,Logistics,First aid kit,Operational / Safety Equipment,1,Yes,Common operational support equipment for a last-mile logistics business.
E04128,B0157,Last-Mile Logistics,Transportation,Logistics,Extension board,Operational / Safety Equipment,1,No,Common operational support equipment for a last-mile logistics business.
E04129,B0157,Last-Mile Logistics,Transportation,Logistics,Surge protector,Operational / Safety Equipment,1,No,Common operational support equipment for a last-mile logistics business.
E04130,B0158,Cold Chain Logistics,Transportation,Logistics,Fire extinguisher,Operational / Safety Equipment,1,Yes,Common operational support equipment for a cold chain logistics business.
E04131,B0158,Cold Chain Logistics,Transportation,Logistics,First aid kit,Operational / Safety Equipment,1,Yes,Common operational support equipment for a cold chain logistics business.
E04132,B0158,Cold Chain Logistics,Transportation,Logistics,Extension board,Operational / Safety Equipment,1,No,Common operational support equipment for a cold chain logistics business.
E04133,B0158,Cold Chain Logistics,Transportation,Logistics,Surge protector,Operational / Safety Equipment,1,No,Common operational support equipment for a cold chain logistics business.
E04134,B0159,Express Logistics,Transportation,Logistics,Fire extinguisher,Operational / Safety Equipment,1,Yes,Common operational support equipment for a express logistics business.
E04135,B0159,Express Logistics,Transportation,Logistics,First aid kit,Operational / Safety Equipment,1,Yes,Common operational support equipment for a express logistics business.
E04136,B0159,Express Logistics,Transportation,Logistics,Extension board,Operational / Safety Equipment,1,No,Common operational support equipment for a express logistics business.
E04137,B0159,Express Logistics,Transportation,Logistics,Surge protector,Operational / Safety Equipment,1,No,Common operational support equipment for a express logistics business.
E04138,B0160,B2B Logistics,Transportation,Logistics,Fire extinguisher,Operational / Safety Equipment,1,Yes,Common operational support equipment for a b2b logistics business.
E04139,B0160,B2B Logistics,Transportation,Logistics,First aid kit,Operational / Safety Equipment,1,Yes,Common operational support equipment for a b2b logistics business.
E04140,B0160,B2B Logistics,Transportation,Logistics,Extension board,Operational / Safety Equipment,1,No,Common operational support equipment for a b2b logistics business.
E04141,B0160,B2B Logistics,Transportation,Logistics,Surge protector,Operational / Safety Equipment,1,No,Common operational support equipment for a b2b logistics business.
E04142,B0161,Courier Service,Transportation,Courier,Fire extinguisher,Operational / Safety Equipment,1,Yes,Common operational support equipment for a courier service business.
E04143,B0161,Courier Service,Transportation,Courier,First aid kit,Operational / Safety Equipment,1,Yes,Common operational support equipment for a courier service business.
E04144,B0161,Courier Service,Transportation,Courier,Extension board,Operational / Safety Equipment,1,No,Common operational support equipment for a courier service business.
E04145,B0161,Courier Service,Transportation,Courier,Surge protector,Operational / Safety Equipment,1,No,Common operational support equipment for a courier service business.
E04146,B0162,Document Courier,Transportation,Courier,Fire extinguisher,Operational / Safety Equipment,1,Yes,Common operational support equipment for a document courier business.
E04147,B0162,Document Courier,Transportation,Courier,First aid kit,Operational / Safety Equipment,1,Yes,Common operational support equipment for a document courier business.
E04148,B0162,Document Courier,Transportation,Courier,Extension board,Operational / Safety Equipment,1,No,Common operational support equipment for a document courier business.
E04149,B0162,Document Courier,Transportation,Courier,Surge protector,Operational / Safety Equipment,1,No,Common operational support equipment for a document courier business.
E04150,B0163,Parcel Delivery Service,Transportation,Courier,Fire extinguisher,Operational / Safety Equipment,1,Yes,Common operational support equipment for a parcel delivery service business.
E04151,B0163,Parcel Delivery Service,Transportation,Courier,First aid kit,Operational / Safety Equipment,1,Yes,Common operational support equipment for a parcel delivery service business.
E04152,B0163,Parcel Delivery Service,Transportation,Courier,Extension board,Operational / Safety Equipment,1,No,Common operational support equipment for a parcel delivery service business.
E04153,B0163,Parcel Delivery Service,Transportation,Courier,Surge protector,Operational / Safety Equipment,1,No,Common operational support equipment for a parcel delivery service business.
E04154,B0164,Same-Day Courier,Transportation,Courier,Fire extinguisher,Operational / Safety Equipment,1,Yes,Common operational support equipment for a same-day courier business.
E04155,B0164,Same-Day Courier,Transportation,Courier,First aid kit,Operational / Safety Equipment,1,Yes,Common operational support equipment for a same-day courier business.
E04156,B0164,Same-Day Courier,Transportation,Courier,Extension board,Operational / Safety Equipment,1,No,Common operational support equipment for a same-day courier business.
E04157,B0164,Same-Day Courier,Transportation,Courier,Surge protector,Operational / Safety Equipment,1,No,Common operational support equipment for a same-day courier business.
E04158,B0165,E-commerce Courier,Transportation,Courier,Fire extinguisher,Operational / Safety Equipment,1,Yes,Common operational support equipment for a e-commerce courier business.
E04159,B0165,E-commerce Courier,Transportation,Courier,First aid kit,Operational / Safety Equipment,1,Yes,Common operational support equipment for a e-commerce courier business.
E04160,B0165,E-commerce Courier,Transportation,Courier,Extension board,Operational / Safety Equipment,1,No,Common operational support equipment for a e-commerce courier business.
E04161,B0165,E-commerce Courier,Transportation,Courier,Surge protector,Operational / Safety Equipment,1,No,Common operational support equipment for a e-commerce courier business.
E04162,B0166,Self-Drive Car Rental,Transportation,Car Rental,Fire extinguisher,Operational / Safety Equipment,1,Yes,Common operational support equipment for a self-drive car rental business.
E04163,B0166,Self-Drive Car Rental,Transportation,Car Rental,First aid kit,Operational / Safety Equipment,1,Yes,Common operational support equipment for a self-drive car rental business.
E04164,B0166,Self-Drive Car Rental,Transportation,Car Rental,Extension board,Operational / Safety Equipment,1,No,Common operational support equipment for a self-drive car rental business.
E04165,B0166,Self-Drive Car Rental,Transportation,Car Rental,Surge protector,Operational / Safety Equipment,1,No,Common operational support equipment for a self-drive car rental business.
E04166,B0167,Chauffeur Car Rental,Transportation,Car Rental,Fire extinguisher,Operational / Safety Equipment,1,Yes,Common operational support equipment for a chauffeur car rental business.
E04167,B0167,Chauffeur Car Rental,Transportation,Car Rental,First aid kit,Operational / Safety Equipment,1,Yes,Common operational support equipment for a chauffeur car rental business.
E04168,B0167,Chauffeur Car Rental,Transportation,Car Rental,Extension board,Operational / Safety Equipment,1,No,Common operational support equipment for a chauffeur car rental business.
E04169,B0167,Chauffeur Car Rental,Transportation,Car Rental,Surge protector,Operational / Safety Equipment,1,No,Common operational support equipment for a chauffeur car rental business.
E04170,B0168,Corporate Car Rental,Transportation,Car Rental,Fire extinguisher,Operational / Safety Equipment,1,Yes,Common operational support equipment for a corporate car rental business.
E04171,B0168,Corporate Car Rental,Transportation,Car Rental,First aid kit,Operational / Safety Equipment,1,Yes,Common operational support equipment for a corporate car rental business.
E04172,B0168,Corporate Car Rental,Transportation,Car Rental,Extension board,Operational / Safety Equipment,1,No,Common operational support equipment for a corporate car rental business.
E04173,B0168,Corporate Car Rental,Transportation,Car Rental,Surge protector,Operational / Safety Equipment,1,No,Common operational support equipment for a corporate car rental business.
E04174,B0169,Luxury Car Rental,Transportation,Car Rental,Fire extinguisher,Operational / Safety Equipment,1,Yes,Common operational support equipment for a luxury car rental business.
E04175,B0169,Luxury Car Rental,Transportation,Car Rental,First aid kit,Operational / Safety Equipment,1,Yes,Common operational support equipment for a luxury car rental business.
E04176,B0169,Luxury Car Rental,Transportation,Car Rental,Extension board,Operational / Safety Equipment,1,No,Common operational support equipment for a luxury car rental business.
E04177,B0169,Luxury Car Rental,Transportation,Car Rental,Surge protector,Operational / Safety Equipment,1,No,Common operational support equipment for a luxury car rental business.
E04178,B0170,Tourist Car Rental,Transportation,Car Rental,Fire extinguisher,Operational / Safety Equipment,1,Yes,Common operational support equipment for a tourist car rental business.
E04179,B0170,Tourist Car Rental,Transportation,Car Rental,First aid kit,Operational / Safety Equipment,1,Yes,Common operational support equipment for a tourist car rental business.
E04180,B0170,Tourist Car Rental,Transportation,Car Rental,Extension board,Operational / Safety Equipment,1,No,Common operational support equipment for a tourist car rental business.
E04181,B0170,Tourist Car Rental,Transportation,Car Rental,Surge protector,Operational / Safety Equipment,1,No,Common operational support equipment for a tourist car rental business.
E04182,B0171,EV Fleet Service,Transportation,EV,Fire extinguisher,Operational / Safety Equipment,1,Yes,Common operational support equipment for a ev fleet service business.
E04183,B0171,EV Fleet Service,Transportation,EV,First aid kit,Operational / Safety Equipment,1,Yes,Common operational support equipment for a ev fleet service business.
E04184,B0171,EV Fleet Service,Transportation,EV,Extension board,Operational / Safety Equipment,1,No,Common operational support equipment for a ev fleet service business.
E04185,B0171,EV Fleet Service,Transportation,EV,Surge protector,Operational / Safety Equipment,1,No,Common operational support equipment for a ev fleet service business.
E04186,B0172,EV Mobility Company,Transportation,EV,Fire extinguisher,Operational / Safety Equipment,1,Yes,Common operational support equipment for a ev mobility company business.
E04187,B0172,EV Mobility Company,Transportation,EV,First aid kit,Operational / Safety Equipment,1,Yes,Common operational support equipment for a ev mobility company business.
E04188,B0172,EV Mobility Company,Transportation,EV,Extension board,Operational / Safety Equipment,1,No,Common operational support equipment for a ev mobility company business.
E04189,B0172,EV Mobility Company,Transportation,EV,Surge protector,Operational / Safety Equipment,1,No,Common operational support equipment for a ev mobility company business.
E04190,B0173,Electric Taxi Service,Transportation,EV,Fire extinguisher,Operational / Safety Equipment,1,Yes,Common operational support equipment for a electric taxi service business.
E04191,B0173,Electric Taxi Service,Transportation,EV,First aid kit,Operational / Safety Equipment,1,Yes,Common operational support equipment for a electric taxi service business.
E04192,B0173,Electric Taxi Service,Transportation,EV,Extension board,Operational / Safety Equipment,1,No,Common operational support equipment for a electric taxi service business.
E04193,B0173,Electric Taxi Service,Transportation,EV,Surge protector,Operational / Safety Equipment,1,No,Common operational support equipment for a electric taxi service business.
E04194,B0174,EV Rental Service,Transportation,EV,Fire extinguisher,Operational / Safety Equipment,1,Yes,Common operational support equipment for a ev rental service business.
E04195,B0174,EV Rental Service,Transportation,EV,First aid kit,Operational / Safety Equipment,1,Yes,Common operational support equipment for a ev rental service business.
E04196,B0174,EV Rental Service,Transportation,EV,Extension board,Operational / Safety Equipment,1,No,Common operational support equipment for a ev rental service business.
E04197,B0174,EV Rental Service,Transportation,EV,Surge protector,Operational / Safety Equipment,1,No,Common operational support equipment for a ev rental service business.
E04198,B0175,EV Delivery Fleet,Transportation,EV,Fire extinguisher,Operational / Safety Equipment,1,Yes,Common operational support equipment for a ev delivery fleet business.
E04199,B0175,EV Delivery Fleet,Transportation,EV,First aid kit,Operational / Safety Equipment,1,Yes,Common operational support equipment for a ev delivery fleet business.
E04200,B0175,EV Delivery Fleet,Transportation,EV,Extension board,Operational / Safety Equipment,1,No,Common operational support equipment for a ev delivery fleet business.
E04201,B0175,EV Delivery Fleet,Transportation,EV,Surge protector,Operational / Safety Equipment,1,No,Common operational support equipment for a ev delivery fleet business.
E04202,B0176,Digital Payments Startup,Finance,FinTech,Fire extinguisher,Operational / Safety Equipment,1,Yes,Common operational support equipment for a digital payments startup business.
E04203,B0176,Digital Payments Startup,Finance,FinTech,First aid kit,Operational / Safety Equipment,1,Yes,Common operational support equipment for a digital payments startup business.
E04204,B0176,Digital Payments Startup,Finance,FinTech,Extension board,Operational / Safety Equipment,1,No,Common operational support equipment for a digital payments startup business.
E04205,B0176,Digital Payments Startup,Finance,FinTech,Surge protector,Operational / Safety Equipment,1,No,Common operational support equipment for a digital payments startup business.
E04206,B0177,Personal Finance App,Finance,FinTech,Fire extinguisher,Operational / Safety Equipment,1,Yes,Common operational support equipment for a personal finance app business.
E04207,B0177,Personal Finance App,Finance,FinTech,First aid kit,Operational / Safety Equipment,1,Yes,Common operational support equipment for a personal finance app business.
E04208,B0177,Personal Finance App,Finance,FinTech,Extension board,Operational / Safety Equipment,1,No,Common operational support equipment for a personal finance app business.
E04209,B0177,Personal Finance App,Finance,FinTech,Surge protector,Operational / Safety Equipment,1,No,Common operational support equipment for a personal finance app business.
E04210,B0178,Lending Platform,Finance,FinTech,Fire extinguisher,Operational / Safety Equipment,1,Yes,Common operational support equipment for a lending platform business.
E04211,B0178,Lending Platform,Finance,FinTech,First aid kit,Operational / Safety Equipment,1,Yes,Common operational support equipment for a lending platform business.
E04212,B0178,Lending Platform,Finance,FinTech,Extension board,Operational / Safety Equipment,1,No,Common operational support equipment for a lending platform business.
E04213,B0178,Lending Platform,Finance,FinTech,Surge protector,Operational / Safety Equipment,1,No,Common operational support equipment for a lending platform business.
E04214,B0179,WealthTech Startup,Finance,FinTech,Fire extinguisher,Operational / Safety Equipment,1,Yes,Common operational support equipment for a wealthtech startup business.
E04215,B0179,WealthTech Startup,Finance,FinTech,First aid kit,Operational / Safety Equipment,1,Yes,Common operational support equipment for a wealthtech startup business.
E04216,B0179,WealthTech Startup,Finance,FinTech,Extension board,Operational / Safety Equipment,1,No,Common operational support equipment for a wealthtech startup business.
E04217,B0179,WealthTech Startup,Finance,FinTech,Surge protector,Operational / Safety Equipment,1,No,Common operational support equipment for a wealthtech startup business.
E04218,B0180,InsurTech Startup,Finance,FinTech,Fire extinguisher,Operational / Safety Equipment,1,Yes,Common operational support equipment for a insurtech startup business.
E04219,B0180,InsurTech Startup,Finance,FinTech,First aid kit,Operational / Safety Equipment,1,Yes,Common operational support equipment for a insurtech startup business.
E04220,B0180,InsurTech Startup,Finance,FinTech,Extension board,Operational / Safety Equipment,1,No,Common operational support equipment for a insurtech startup business.
E04221,B0180,InsurTech Startup,Finance,FinTech,Surge protector,Operational / Safety Equipment,1,No,Common operational support equipment for a insurtech startup business.
E04222,B0181,Accounting Firm,Finance,Accounting,Fire extinguisher,Operational / Safety Equipment,1,Yes,Common operational support equipment for a accounting firm business.
E04223,B0181,Accounting Firm,Finance,Accounting,First aid kit,Operational / Safety Equipment,1,Yes,Common operational support equipment for a accounting firm business.
E04224,B0181,Accounting Firm,Finance,Accounting,Extension board,Operational / Safety Equipment,1,No,Common operational support equipment for a accounting firm business.
E04225,B0181,Accounting Firm,Finance,Accounting,Surge protector,Operational / Safety Equipment,1,No,Common operational support equipment for a accounting firm business.
E04226,B0182,Bookkeeping Service,Finance,Accounting,Fire extinguisher,Operational / Safety Equipment,1,Yes,Common operational support equipment for a bookkeeping service business.
E04227,B0182,Bookkeeping Service,Finance,Accounting,First aid kit,Operational / Safety Equipment,1,Yes,Common operational support equipment for a bookkeeping service business.
E04228,B0182,Bookkeeping Service,Finance,Accounting,Extension board,Operational / Safety Equipment,1,No,Common operational support equipment for a bookkeeping service business.
E04229,B0182,Bookkeeping Service,Finance,Accounting,Surge protector,Operational / Safety Equipment,1,No,Common operational support equipment for a bookkeeping service business.
E04230,B0183,Tax Consultancy,Finance,Accounting,Fire extinguisher,Operational / Safety Equipment,1,Yes,Common operational support equipment for a tax consultancy business.
E04231,B0183,Tax Consultancy,Finance,Accounting,First aid kit,Operational / Safety Equipment,1,Yes,Common operational support equipment for a tax consultancy business.
E04232,B0183,Tax Consultancy,Finance,Accounting,Extension board,Operational / Safety Equipment,1,No,Common operational support equipment for a tax consultancy business.
E04233,B0183,Tax Consultancy,Finance,Accounting,Surge protector,Operational / Safety Equipment,1,No,Common operational support equipment for a tax consultancy business.
E04234,B0184,Payroll Service,Finance,Accounting,Fire extinguisher,Operational / Safety Equipment,1,Yes,Common operational support equipment for a payroll service business.
E04235,B0184,Payroll Service,Finance,Accounting,First aid kit,Operational / Safety Equipment,1,Yes,Common operational support equipment for a payroll service business.
E04236,B0184,Payroll Service,Finance,Accounting,Extension board,Operational / Safety Equipment,1,No,Common operational support equipment for a payroll service business.
E04237,B0184,Payroll Service,Finance,Accounting,Surge protector,Operational / Safety Equipment,1,No,Common operational support equipment for a payroll service business.
E04238,B0185,Audit Consultancy,Finance,Accounting,Fire extinguisher,Operational / Safety Equipment,1,Yes,Common operational support equipment for a audit consultancy business.
E04239,B0185,Audit Consultancy,Finance,Accounting,First aid kit,Operational / Safety Equipment,1,Yes,Common operational support equipment for a audit consultancy business.
E04240,B0185,Audit Consultancy,Finance,Accounting,Extension board,Operational / Safety Equipment,1,No,Common operational support equipment for a audit consultancy business.
E04241,B0185,Audit Consultancy,Finance,Accounting,Surge protector,Operational / Safety Equipment,1,No,Common operational support equipment for a audit consultancy business.
E04242,B0186,Insurance Agency,Finance,Insurance,Fire extinguisher,Operational / Safety Equipment,1,Yes,Common operational support equipment for a insurance agency business.
E04243,B0186,Insurance Agency,Finance,Insurance,First aid kit,Operational / Safety Equipment,1,Yes,Common operational support equipment for a insurance agency business.
E04244,B0186,Insurance Agency,Finance,Insurance,Extension board,Operational / Safety Equipment,1,No,Common operational support equipment for a insurance agency business.
E04245,B0186,Insurance Agency,Finance,Insurance,Surge protector,Operational / Safety Equipment,1,No,Common operational support equipment for a insurance agency business.
E04246,B0187,Insurance Brokerage,Finance,Insurance,Fire extinguisher,Operational / Safety Equipment,1,Yes,Common operational support equipment for a insurance brokerage business.
E04247,B0187,Insurance Brokerage,Finance,Insurance,First aid kit,Operational / Safety Equipment,1,Yes,Common operational support equipment for a insurance brokerage business.
E04248,B0187,Insurance Brokerage,Finance,Insurance,Extension board,Operational / Safety Equipment,1,No,Common operational support equipment for a insurance brokerage business.
E04249,B0187,Insurance Brokerage,Finance,Insurance,Surge protector,Operational / Safety Equipment,1,No,Common operational support equipment for a insurance brokerage business.
E04250,B0188,Health Insurance Consultancy,Finance,Insurance,Fire extinguisher,Operational / Safety Equipment,1,Yes,Common operational support equipment for a health insurance consultancy business.
E04251,B0188,Health Insurance Consultancy,Finance,Insurance,First aid kit,Operational / Safety Equipment,1,Yes,Common operational support equipment for a health insurance consultancy business.
E04252,B0188,Health Insurance Consultancy,Finance,Insurance,Extension board,Operational / Safety Equipment,1,No,Common operational support equipment for a health insurance consultancy business.
E04253,B0188,Health Insurance Consultancy,Finance,Insurance,Surge protector,Operational / Safety Equipment,1,No,Common operational support equipment for a health insurance consultancy business.
E04254,B0189,Life Insurance Agency,Finance,Insurance,Fire extinguisher,Operational / Safety Equipment,1,Yes,Common operational support equipment for a life insurance agency business.
E04255,B0189,Life Insurance Agency,Finance,Insurance,First aid kit,Operational / Safety Equipment,1,Yes,Common operational support equipment for a life insurance agency business.
E04256,B0189,Life Insurance Agency,Finance,Insurance,Extension board,Operational / Safety Equipment,1,No,Common operational support equipment for a life insurance agency business.
E04257,B0189,Life Insurance Agency,Finance,Insurance,Surge protector,Operational / Safety Equipment,1,No,Common operational support equipment for a life insurance agency business.
E04258,B0190,General Insurance Agency,Finance,Insurance,Fire extinguisher,Operational / Safety Equipment,1,Yes,Common operational support equipment for a general insurance agency business.
E04259,B0190,General Insurance Agency,Finance,Insurance,First aid kit,Operational / Safety Equipment,1,Yes,Common operational support equipment for a general insurance agency business.
E04260,B0190,General Insurance Agency,Finance,Insurance,Extension board,Operational / Safety Equipment,1,No,Common operational support equipment for a general insurance agency business.
E04261,B0190,General Insurance Agency,Finance,Insurance,Surge protector,Operational / Safety Equipment,1,No,Common operational support equipment for a general insurance agency business.
E04262,B0191,Loan Consultancy,Finance,Loans,Fire extinguisher,Operational / Safety Equipment,1,Yes,Common operational support equipment for a loan consultancy business.
E04263,B0191,Loan Consultancy,Finance,Loans,First aid kit,Operational / Safety Equipment,1,Yes,Common operational support equipment for a loan consultancy business.
E04264,B0191,Loan Consultancy,Finance,Loans,Extension board,Operational / Safety Equipment,1,No,Common operational support equipment for a loan consultancy business.
E04265,B0191,Loan Consultancy,Finance,Loans,Surge protector,Operational / Safety Equipment,1,No,Common operational support equipment for a loan consultancy business.
E04266,B0192,Microfinance Service,Finance,Loans,Fire extinguisher,Operational / Safety Equipment,1,Yes,Common operational support equipment for a microfinance service business.
E04267,B0192,Microfinance Service,Finance,Loans,First aid kit,Operational / Safety Equipment,1,Yes,Common operational support equipment for a microfinance service business.
E04268,B0192,Microfinance Service,Finance,Loans,Extension board,Operational / Safety Equipment,1,No,Common operational support equipment for a microfinance service business.
E04269,B0192,Microfinance Service,Finance,Loans,Surge protector,Operational / Safety Equipment,1,No,Common operational support equipment for a microfinance service business.
E04270,B0193,Business Loan Agency,Finance,Loans,Fire extinguisher,Operational / Safety Equipment,1,Yes,Common operational support equipment for a business loan agency business.
E04271,B0193,Business Loan Agency,Finance,Loans,First aid kit,Operational / Safety Equipment,1,Yes,Common operational support equipment for a business loan agency business.
E04272,B0193,Business Loan Agency,Finance,Loans,Extension board,Operational / Safety Equipment,1,No,Common operational support equipment for a business loan agency business.
E04273,B0193,Business Loan Agency,Finance,Loans,Surge protector,Operational / Safety Equipment,1,No,Common operational support equipment for a business loan agency business.
E04274,B0194,Mortgage Consultancy,Finance,Loans,Fire extinguisher,Operational / Safety Equipment,1,Yes,Common operational support equipment for a mortgage consultancy business.
E04275,B0194,Mortgage Consultancy,Finance,Loans,First aid kit,Operational / Safety Equipment,1,Yes,Common operational support equipment for a mortgage consultancy business.
E04276,B0194,Mortgage Consultancy,Finance,Loans,Extension board,Operational / Safety Equipment,1,No,Common operational support equipment for a mortgage consultancy business.
E04277,B0194,Mortgage Consultancy,Finance,Loans,Surge protector,Operational / Safety Equipment,1,No,Common operational support equipment for a mortgage consultancy business.
E04278,B0195,Education Loan Service,Finance,Loans,Fire extinguisher,Operational / Safety Equipment,1,Yes,Common operational support equipment for a education loan service business.
E04279,B0195,Education Loan Service,Finance,Loans,First aid kit,Operational / Safety Equipment,1,Yes,Common operational support equipment for a education loan service business.
E04280,B0195,Education Loan Service,Finance,Loans,Extension board,Operational / Safety Equipment,1,No,Common operational support equipment for a education loan service business.
E04281,B0195,Education Loan Service,Finance,Loans,Surge protector,Operational / Safety Equipment,1,No,Common operational support equipment for a education loan service business.
E04282,B0196,Investment Advisory,Finance,Investment,Fire extinguisher,Operational / Safety Equipment,1,Yes,Common operational support equipment for a investment advisory business.
E04283,B0196,Investment Advisory,Finance,Investment,First aid kit,Operational / Safety Equipment,1,Yes,Common operational support equipment for a investment advisory business.
E04284,B0196,Investment Advisory,Finance,Investment,Extension board,Operational / Safety Equipment,1,No,Common operational support equipment for a investment advisory business.
E04285,B0196,Investment Advisory,Finance,Investment,Surge protector,Operational / Safety Equipment,1,No,Common operational support equipment for a investment advisory business.
E04286,B0197,Mutual Fund Advisory,Finance,Investment,Fire extinguisher,Operational / Safety Equipment,1,Yes,Common operational support equipment for a mutual fund advisory business.
E04287,B0197,Mutual Fund Advisory,Finance,Investment,First aid kit,Operational / Safety Equipment,1,Yes,Common operational support equipment for a mutual fund advisory business.
E04288,B0197,Mutual Fund Advisory,Finance,Investment,Extension board,Operational / Safety Equipment,1,No,Common operational support equipment for a mutual fund advisory business.
E04289,B0197,Mutual Fund Advisory,Finance,Investment,Surge protector,Operational / Safety Equipment,1,No,Common operational support equipment for a mutual fund advisory business.
E04290,B0198,Portfolio Management Service,Finance,Investment,Fire extinguisher,Operational / Safety Equipment,1,Yes,Common operational support equipment for a portfolio management service business.
E04291,B0198,Portfolio Management Service,Finance,Investment,First aid kit,Operational / Safety Equipment,1,Yes,Common operational support equipment for a portfolio management service business.
E04292,B0198,Portfolio Management Service,Finance,Investment,Extension board,Operational / Safety Equipment,1,No,Common operational support equipment for a portfolio management service business.
E04293,B0198,Portfolio Management Service,Finance,Investment,Surge protector,Operational / Safety Equipment,1,No,Common operational support equipment for a portfolio management service business.
E04294,B0199,Financial Planning Firm,Finance,Investment,Fire extinguisher,Operational / Safety Equipment,1,Yes,Common operational support equipment for a financial planning firm business.
E04295,B0199,Financial Planning Firm,Finance,Investment,First aid kit,Operational / Safety Equipment,1,Yes,Common operational support equipment for a financial planning firm business.
E04296,B0199,Financial Planning Firm,Finance,Investment,Extension board,Operational / Safety Equipment,1,No,Common operational support equipment for a financial planning firm business.
E04297,B0199,Financial Planning Firm,Finance,Investment,Surge protector,Operational / Safety Equipment,1,No,Common operational support equipment for a financial planning firm business.
E04298,B0200,Investment Research Firm,Finance,Investment,Fire extinguisher,Operational / Safety Equipment,1,Yes,Common operational support equipment for a investment research firm business.
E04299,B0200,Investment Research Firm,Finance,Investment,First aid kit,Operational / Safety Equipment,1,Yes,Common operational support equipment for a investment research firm business.
E04300,B0200,Investment Research Firm,Finance,Investment,Extension board,Operational / Safety Equipment,1,No,Common operational support equipment for a investment research firm business.
E04301,B0200,Investment Research Firm,Finance,Investment,Surge protector,Operational / Safety Equipment,1,No,Common operational support equipment for a investment research firm business.
E04302,B0201,Grocery Store,Retail,Grocery,Fire extinguisher,Operational / Safety Equipment,1,Yes,Common operational support equipment for a grocery store business.
E04303,B0201,Grocery Store,Retail,Grocery,First aid kit,Operational / Safety Equipment,1,Yes,Common operational support equipment for a grocery store business.
E04304,B0201,Grocery Store,Retail,Grocery,Extension board,Operational / Safety Equipment,1,No,Common operational support equipment for a grocery store business.
E04305,B0201,Grocery Store,Retail,Grocery,Surge protector,Operational / Safety Equipment,1,No,Common operational support equipment for a grocery store business.
E04306,B0202,Supermarket,Retail,Grocery,Fire extinguisher,Operational / Safety Equipment,1,Yes,Common operational support equipment for a supermarket business.
E04307,B0202,Supermarket,Retail,Grocery,First aid kit,Operational / Safety Equipment,1,Yes,Common operational support equipment for a supermarket business.
E04308,B0202,Supermarket,Retail,Grocery,Extension board,Operational / Safety Equipment,1,No,Common operational support equipment for a supermarket business.
E04309,B0202,Supermarket,Retail,Grocery,Surge protector,Operational / Safety Equipment,1,No,Common operational support equipment for a supermarket business.
E04310,B0203,Organic Grocery Store,Retail,Grocery,Fire extinguisher,Operational / Safety Equipment,1,Yes,Common operational support equipment for a organic grocery store business.
E04311,B0203,Organic Grocery Store,Retail,Grocery,First aid kit,Operational / Safety Equipment,1,Yes,Common operational support equipment for a organic grocery store business.
E04312,B0203,Organic Grocery Store,Retail,Grocery,Extension board,Operational / Safety Equipment,1,No,Common operational support equipment for a organic grocery store business.
E04313,B0203,Organic Grocery Store,Retail,Grocery,Surge protector,Operational / Safety Equipment,1,No,Common operational support equipment for a organic grocery store business.
E04314,B0204,Convenience Store,Retail,Grocery,Fire extinguisher,Operational / Safety Equipment,1,Yes,Common operational support equipment for a convenience store business.
E04315,B0204,Convenience Store,Retail,Grocery,First aid kit,Operational / Safety Equipment,1,Yes,Common operational support equipment for a convenience store business.
E04316,B0204,Convenience Store,Retail,Grocery,Extension board,Operational / Safety Equipment,1,No,Common operational support equipment for a convenience store business.
E04317,B0204,Convenience Store,Retail,Grocery,Surge protector,Operational / Safety Equipment,1,No,Common operational support equipment for a convenience store business.
E04318,B0205,Wholesale Grocery,Retail,Grocery,Fire extinguisher,Operational / Safety Equipment,1,Yes,Common operational support equipment for a wholesale grocery business.
E04319,B0205,Wholesale Grocery,Retail,Grocery,First aid kit,Operational / Safety Equipment,1,Yes,Common operational support equipment for a wholesale grocery business.
E04320,B0205,Wholesale Grocery,Retail,Grocery,Extension board,Operational / Safety Equipment,1,No,Common operational support equipment for a wholesale grocery business.
E04321,B0205,Wholesale Grocery,Retail,Grocery,Surge protector,Operational / Safety Equipment,1,No,Common operational support equipment for a wholesale grocery business.
E04322,B0206,Electronics Store,Retail,Electronics,Fire extinguisher,Operational / Safety Equipment,1,Yes,Common operational support equipment for a electronics store business.
E04323,B0206,Electronics Store,Retail,Electronics,First aid kit,Operational / Safety Equipment,1,Yes,Common operational support equipment for a electronics store business.
E04324,B0206,Electronics Store,Retail,Electronics,Extension board,Operational / Safety Equipment,1,No,Common operational support equipment for a electronics store business.
E04325,B0206,Electronics Store,Retail,Electronics,Surge protector,Operational / Safety Equipment,1,No,Common operational support equipment for a electronics store business.
E04326,B0207,Computer Store,Retail,Electronics,Fire extinguisher,Operational / Safety Equipment,1,Yes,Common operational support equipment for a computer store business.
E04327,B0207,Computer Store,Retail,Electronics,First aid kit,Operational / Safety Equipment,1,Yes,Common operational support equipment for a computer store business.
E04328,B0207,Computer Store,Retail,Electronics,Extension board,Operational / Safety Equipment,1,No,Common operational support equipment for a computer store business.
E04329,B0207,Computer Store,Retail,Electronics,Surge protector,Operational / Safety Equipment,1,No,Common operational support equipment for a computer store business.
E04330,B0208,Mobile Store,Retail,Electronics,Fire extinguisher,Operational / Safety Equipment,1,Yes,Common operational support equipment for a mobile store business.
E04331,B0208,Mobile Store,Retail,Electronics,First aid kit,Operational / Safety Equipment,1,Yes,Common operational support equipment for a mobile store business.
E04332,B0208,Mobile Store,Retail,Electronics,Extension board,Operational / Safety Equipment,1,No,Common operational support equipment for a mobile store business.
E04333,B0208,Mobile Store,Retail,Electronics,Surge protector,Operational / Safety Equipment,1,No,Common operational support equipment for a mobile store business.
E04334,B0209,Home Appliance Store,Retail,Electronics,Fire extinguisher,Operational / Safety Equipment,1,Yes,Common operational support equipment for a home appliance store business.
E04335,B0209,Home Appliance Store,Retail,Electronics,First aid kit,Operational / Safety Equipment,1,Yes,Common operational support equipment for a home appliance store business.
E04336,B0209,Home Appliance Store,Retail,Electronics,Extension board,Operational / Safety Equipment,1,No,Common operational support equipment for a home appliance store business.
E04337,B0209,Home Appliance Store,Retail,Electronics,Surge protector,Operational / Safety Equipment,1,No,Common operational support equipment for a home appliance store business.
E04338,B0210,Consumer Electronics Brand,Retail,Electronics,Fire extinguisher,Operational / Safety Equipment,1,Yes,Common operational support equipment for a consumer electronics brand business.
E04339,B0210,Consumer Electronics Brand,Retail,Electronics,First aid kit,Operational / Safety Equipment,1,Yes,Common operational support equipment for a consumer electronics brand business.
E04340,B0210,Consumer Electronics Brand,Retail,Electronics,Extension board,Operational / Safety Equipment,1,No,Common operational support equipment for a consumer electronics brand business.
E04341,B0210,Consumer Electronics Brand,Retail,Electronics,Surge protector,Operational / Safety Equipment,1,No,Common operational support equipment for a consumer electronics brand business.
E04342,B0211,Furniture Store,Retail,Furniture,Fire extinguisher,Operational / Safety Equipment,1,Yes,Common operational support equipment for a furniture store business.
E04343,B0211,Furniture Store,Retail,Furniture,First aid kit,Operational / Safety Equipment,1,Yes,Common operational support equipment for a furniture store business.
E04344,B0211,Furniture Store,Retail,Furniture,Extension board,Operational / Safety Equipment,1,No,Common operational support equipment for a furniture store business.
E04345,B0211,Furniture Store,Retail,Furniture,Surge protector,Operational / Safety Equipment,1,No,Common operational support equipment for a furniture store business.
E04346,B0212,Office Furniture Store,Retail,Furniture,Fire extinguisher,Operational / Safety Equipment,1,Yes,Common operational support equipment for a office furniture store business.
E04347,B0212,Office Furniture Store,Retail,Furniture,First aid kit,Operational / Safety Equipment,1,Yes,Common operational support equipment for a office furniture store business.
E04348,B0212,Office Furniture Store,Retail,Furniture,Extension board,Operational / Safety Equipment,1,No,Common operational support equipment for a office furniture store business.
E04349,B0212,Office Furniture Store,Retail,Furniture,Surge protector,Operational / Safety Equipment,1,No,Common operational support equipment for a office furniture store business.
E04350,B0213,Custom Furniture Studio,Retail,Furniture,Fire extinguisher,Operational / Safety Equipment,1,Yes,Common operational support equipment for a custom furniture studio business.
E04351,B0213,Custom Furniture Studio,Retail,Furniture,First aid kit,Operational / Safety Equipment,1,Yes,Common operational support equipment for a custom furniture studio business.
E04352,B0213,Custom Furniture Studio,Retail,Furniture,Extension board,Operational / Safety Equipment,1,No,Common operational support equipment for a custom furniture studio business.
E04353,B0213,Custom Furniture Studio,Retail,Furniture,Surge protector,Operational / Safety Equipment,1,No,Common operational support equipment for a custom furniture studio business.
E04354,B0214,Home Furnishing Store,Retail,Furniture,Fire extinguisher,Operational / Safety Equipment,1,Yes,Common operational support equipment for a home furnishing store business.
E04355,B0214,Home Furnishing Store,Retail,Furniture,First aid kit,Operational / Safety Equipment,1,Yes,Common operational support equipment for a home furnishing store business.
E04356,B0214,Home Furnishing Store,Retail,Furniture,Extension board,Operational / Safety Equipment,1,No,Common operational support equipment for a home furnishing store business.
E04357,B0214,Home Furnishing Store,Retail,Furniture,Surge protector,Operational / Safety Equipment,1,No,Common operational support equipment for a home furnishing store business.
E04358,B0215,Furniture Showroom,Retail,Furniture,Fire extinguisher,Operational / Safety Equipment,1,Yes,Common operational support equipment for a furniture showroom business.
E04359,B0215,Furniture Showroom,Retail,Furniture,First aid kit,Operational / Safety Equipment,1,Yes,Common operational support equipment for a furniture showroom business.
E04360,B0215,Furniture Showroom,Retail,Furniture,Extension board,Operational / Safety Equipment,1,No,Common operational support equipment for a furniture showroom business.
E04361,B0215,Furniture Showroom,Retail,Furniture,Surge protector,Operational / Safety Equipment,1,No,Common operational support equipment for a furniture showroom business.
E04362,B0216,Neighborhood Supermarket,Retail,Supermarket,Fire extinguisher,Operational / Safety Equipment,1,Yes,Common operational support equipment for a neighborhood supermarket business.
E04363,B0216,Neighborhood Supermarket,Retail,Supermarket,First aid kit,Operational / Safety Equipment,1,Yes,Common operational support equipment for a neighborhood supermarket business.
E04364,B0216,Neighborhood Supermarket,Retail,Supermarket,Extension board,Operational / Safety Equipment,1,No,Common operational support equipment for a neighborhood supermarket business.
E04365,B0216,Neighborhood Supermarket,Retail,Supermarket,Surge protector,Operational / Safety Equipment,1,No,Common operational support equipment for a neighborhood supermarket business.
E04366,B0217,Hypermarket,Retail,Supermarket,Fire extinguisher,Operational / Safety Equipment,1,Yes,Common operational support equipment for a hypermarket business.
E04367,B0217,Hypermarket,Retail,Supermarket,First aid kit,Operational / Safety Equipment,1,Yes,Common operational support equipment for a hypermarket business.
E04368,B0217,Hypermarket,Retail,Supermarket,Extension board,Operational / Safety Equipment,1,No,Common operational support equipment for a hypermarket business.
E04369,B0217,Hypermarket,Retail,Supermarket,Surge protector,Operational / Safety Equipment,1,No,Common operational support equipment for a hypermarket business.
E04370,B0218,Mini Supermarket,Retail,Supermarket,Fire extinguisher,Operational / Safety Equipment,1,Yes,Common operational support equipment for a mini supermarket business.
E04371,B0218,Mini Supermarket,Retail,Supermarket,First aid kit,Operational / Safety Equipment,1,Yes,Common operational support equipment for a mini supermarket business.
E04372,B0218,Mini Supermarket,Retail,Supermarket,Extension board,Operational / Safety Equipment,1,No,Common operational support equipment for a mini supermarket business.
E04373,B0218,Mini Supermarket,Retail,Supermarket,Surge protector,Operational / Safety Equipment,1,No,Common operational support equipment for a mini supermarket business.
E04374,B0219,Specialty Supermarket,Retail,Supermarket,Fire extinguisher,Operational / Safety Equipment,1,Yes,Common operational support equipment for a specialty supermarket business.
E04375,B0219,Specialty Supermarket,Retail,Supermarket,First aid kit,Operational / Safety Equipment,1,Yes,Common operational support equipment for a specialty supermarket business.
E04376,B0219,Specialty Supermarket,Retail,Supermarket,Extension board,Operational / Safety Equipment,1,No,Common operational support equipment for a specialty supermarket business.
E04377,B0219,Specialty Supermarket,Retail,Supermarket,Surge protector,Operational / Safety Equipment,1,No,Common operational support equipment for a specialty supermarket business.
E04378,B0220,Wholesale Supermarket,Retail,Supermarket,Fire extinguisher,Operational / Safety Equipment,1,Yes,Common operational support equipment for a wholesale supermarket business.
E04379,B0220,Wholesale Supermarket,Retail,Supermarket,First aid kit,Operational / Safety Equipment,1,Yes,Common operational support equipment for a wholesale supermarket business.
E04380,B0220,Wholesale Supermarket,Retail,Supermarket,Extension board,Operational / Safety Equipment,1,No,Common operational support equipment for a wholesale supermarket business.
E04381,B0220,Wholesale Supermarket,Retail,Supermarket,Surge protector,Operational / Safety Equipment,1,No,Common operational support equipment for a wholesale supermarket business.
E04382,B0221,General E-commerce Store,Retail,E-commerce,Fire extinguisher,Operational / Safety Equipment,1,Yes,Common operational support equipment for a general e-commerce store business.
E04383,B0221,General E-commerce Store,Retail,E-commerce,First aid kit,Operational / Safety Equipment,1,Yes,Common operational support equipment for a general e-commerce store business.
E04384,B0221,General E-commerce Store,Retail,E-commerce,Extension board,Operational / Safety Equipment,1,No,Common operational support equipment for a general e-commerce store business.
E04385,B0221,General E-commerce Store,Retail,E-commerce,Surge protector,Operational / Safety Equipment,1,No,Common operational support equipment for a general e-commerce store business.
E04386,B0222,Fashion E-commerce Store,Retail,E-commerce,Fire extinguisher,Operational / Safety Equipment,1,Yes,Common operational support equipment for a fashion e-commerce store business.
E04387,B0222,Fashion E-commerce Store,Retail,E-commerce,First aid kit,Operational / Safety Equipment,1,Yes,Common operational support equipment for a fashion e-commerce store business.
E04388,B0222,Fashion E-commerce Store,Retail,E-commerce,Extension board,Operational / Safety Equipment,1,No,Common operational support equipment for a fashion e-commerce store business.
E04389,B0222,Fashion E-commerce Store,Retail,E-commerce,Surge protector,Operational / Safety Equipment,1,No,Common operational support equipment for a fashion e-commerce store business.
E04390,B0223,Grocery E-commerce Store,Retail,E-commerce,Fire extinguisher,Operational / Safety Equipment,1,Yes,Common operational support equipment for a grocery e-commerce store business.
E04391,B0223,Grocery E-commerce Store,Retail,E-commerce,First aid kit,Operational / Safety Equipment,1,Yes,Common operational support equipment for a grocery e-commerce store business.
E04392,B0223,Grocery E-commerce Store,Retail,E-commerce,Extension board,Operational / Safety Equipment,1,No,Common operational support equipment for a grocery e-commerce store business.
E04393,B0223,Grocery E-commerce Store,Retail,E-commerce,Surge protector,Operational / Safety Equipment,1,No,Common operational support equipment for a grocery e-commerce store business.
E04394,B0224,Electronics E-commerce Store,Retail,E-commerce,Fire extinguisher,Operational / Safety Equipment,1,Yes,Common operational support equipment for a electronics e-commerce store business.
E04395,B0224,Electronics E-commerce Store,Retail,E-commerce,First aid kit,Operational / Safety Equipment,1,Yes,Common operational support equipment for a electronics e-commerce store business.
E04396,B0224,Electronics E-commerce Store,Retail,E-commerce,Extension board,Operational / Safety Equipment,1,No,Common operational support equipment for a electronics e-commerce store business.
E04397,B0224,Electronics E-commerce Store,Retail,E-commerce,Surge protector,Operational / Safety Equipment,1,No,Common operational support equipment for a electronics e-commerce store business.
E04398,B0225,Niche E-commerce Store,Retail,E-commerce,Fire extinguisher,Operational / Safety Equipment,1,Yes,Common operational support equipment for a niche e-commerce store business.
E04399,B0225,Niche E-commerce Store,Retail,E-commerce,First aid kit,Operational / Safety Equipment,1,Yes,Common operational support equipment for a niche e-commerce store business.
E04400,B0225,Niche E-commerce Store,Retail,E-commerce,Extension board,Operational / Safety Equipment,1,No,Common operational support equipment for a niche e-commerce store business.
E04401,B0225,Niche E-commerce Store,Retail,E-commerce,Surge protector,Operational / Safety Equipment,1,No,Common operational support equipment for a niche e-commerce store business.
E04402,B0226,Industrial Machinery Manufacturer,Manufacturing,Machinery,Fire extinguisher,Operational / Safety Equipment,1,Yes,Common operational support equipment for a industrial machinery manufacturer business.
E04403,B0226,Industrial Machinery Manufacturer,Manufacturing,Machinery,First aid kit,Operational / Safety Equipment,1,Yes,Common operational support equipment for a industrial machinery manufacturer business.
E04404,B0226,Industrial Machinery Manufacturer,Manufacturing,Machinery,Extension board,Operational / Safety Equipment,1,No,Common operational support equipment for a industrial machinery manufacturer business.
E04405,B0226,Industrial Machinery Manufacturer,Manufacturing,Machinery,Surge protector,Operational / Safety Equipment,1,No,Common operational support equipment for a industrial machinery manufacturer business.
E04406,B0227,Machine Tools Manufacturer,Manufacturing,Machinery,Fire extinguisher,Operational / Safety Equipment,1,Yes,Common operational support equipment for a machine tools manufacturer business.
E04407,B0227,Machine Tools Manufacturer,Manufacturing,Machinery,First aid kit,Operational / Safety Equipment,1,Yes,Common operational support equipment for a machine tools manufacturer business.
E04408,B0227,Machine Tools Manufacturer,Manufacturing,Machinery,Extension board,Operational / Safety Equipment,1,No,Common operational support equipment for a machine tools manufacturer business.
E04409,B0227,Machine Tools Manufacturer,Manufacturing,Machinery,Surge protector,Operational / Safety Equipment,1,No,Common operational support equipment for a machine tools manufacturer business.
E04410,B0228,CNC Equipment Manufacturer,Manufacturing,Machinery,Fire extinguisher,Operational / Safety Equipment,1,Yes,Common operational support equipment for a cnc equipment manufacturer business.
E04411,B0228,CNC Equipment Manufacturer,Manufacturing,Machinery,First aid kit,Operational / Safety Equipment,1,Yes,Common operational support equipment for a cnc equipment manufacturer business.
E04412,B0228,CNC Equipment Manufacturer,Manufacturing,Machinery,Extension board,Operational / Safety Equipment,1,No,Common operational support equipment for a cnc equipment manufacturer business.
E04413,B0228,CNC Equipment Manufacturer,Manufacturing,Machinery,Surge protector,Operational / Safety Equipment,1,No,Common operational support equipment for a cnc equipment manufacturer business.
E04414,B0229,Industrial Equipment Manufacturer,Manufacturing,Machinery,Fire extinguisher,Operational / Safety Equipment,1,Yes,Common operational support equipment for a industrial equipment manufacturer business.
E04415,B0229,Industrial Equipment Manufacturer,Manufacturing,Machinery,First aid kit,Operational / Safety Equipment,1,Yes,Common operational support equipment for a industrial equipment manufacturer business.
E04416,B0229,Industrial Equipment Manufacturer,Manufacturing,Machinery,Extension board,Operational / Safety Equipment,1,No,Common operational support equipment for a industrial equipment manufacturer business.
E04417,B0229,Industrial Equipment Manufacturer,Manufacturing,Machinery,Surge protector,Operational / Safety Equipment,1,No,Common operational support equipment for a industrial equipment manufacturer business.
E04418,B0230,Process Machinery Manufacturer,Manufacturing,Machinery,Fire extinguisher,Operational / Safety Equipment,1,Yes,Common operational support equipment for a process machinery manufacturer business.
E04419,B0230,Process Machinery Manufacturer,Manufacturing,Machinery,First aid kit,Operational / Safety Equipment,1,Yes,Common operational support equipment for a process machinery manufacturer business.
E04420,B0230,Process Machinery Manufacturer,Manufacturing,Machinery,Extension board,Operational / Safety Equipment,1,No,Common operational support equipment for a process machinery manufacturer business.
E04421,B0230,Process Machinery Manufacturer,Manufacturing,Machinery,Surge protector,Operational / Safety Equipment,1,No,Common operational support equipment for a process machinery manufacturer business.
E04422,B0231,Electronics Manufacturer,Manufacturing,Electronics,Fire extinguisher,Operational / Safety Equipment,1,Yes,Common operational support equipment for a electronics manufacturer business.
E04423,B0231,Electronics Manufacturer,Manufacturing,Electronics,First aid kit,Operational / Safety Equipment,1,Yes,Common operational support equipment for a electronics manufacturer business.
E04424,B0231,Electronics Manufacturer,Manufacturing,Electronics,Extension board,Operational / Safety Equipment,1,No,Common operational support equipment for a electronics manufacturer business.
E04425,B0231,Electronics Manufacturer,Manufacturing,Electronics,Surge protector,Operational / Safety Equipment,1,No,Common operational support equipment for a electronics manufacturer business.
E04426,B0232,PCB Assembly Unit,Manufacturing,Electronics,Fire extinguisher,Operational / Safety Equipment,1,Yes,Common operational support equipment for a pcb assembly unit business.
E04427,B0232,PCB Assembly Unit,Manufacturing,Electronics,First aid kit,Operational / Safety Equipment,1,Yes,Common operational support equipment for a pcb assembly unit business.
E04428,B0232,PCB Assembly Unit,Manufacturing,Electronics,Extension board,Operational / Safety Equipment,1,No,Common operational support equipment for a pcb assembly unit business.
E04429,B0232,PCB Assembly Unit,Manufacturing,Electronics,Surge protector,Operational / Safety Equipment,1,No,Common operational support equipment for a pcb assembly unit business.
E04430,B0233,Consumer Electronics Manufacturer,Manufacturing,Electronics,Fire extinguisher,Operational / Safety Equipment,1,Yes,Common operational support equipment for a consumer electronics manufacturer business.
E04431,B0233,Consumer Electronics Manufacturer,Manufacturing,Electronics,First aid kit,Operational / Safety Equipment,1,Yes,Common operational support equipment for a consumer electronics manufacturer business.
E04432,B0233,Consumer Electronics Manufacturer,Manufacturing,Electronics,Extension board,Operational / Safety Equipment,1,No,Common operational support equipment for a consumer electronics manufacturer business.
E04433,B0233,Consumer Electronics Manufacturer,Manufacturing,Electronics,Surge protector,Operational / Safety Equipment,1,No,Common operational support equipment for a consumer electronics manufacturer business.
E04434,B0234,Industrial Electronics Manufacturer,Manufacturing,Electronics,Fire extinguisher,Operational / Safety Equipment,1,Yes,Common operational support equipment for a industrial electronics manufacturer business.
E04435,B0234,Industrial Electronics Manufacturer,Manufacturing,Electronics,First aid kit,Operational / Safety Equipment,1,Yes,Common operational support equipment for a industrial electronics manufacturer business.
E04436,B0234,Industrial Electronics Manufacturer,Manufacturing,Electronics,Extension board,Operational / Safety Equipment,1,No,Common operational support equipment for a industrial electronics manufacturer business.
E04437,B0234,Industrial Electronics Manufacturer,Manufacturing,Electronics,Surge protector,Operational / Safety Equipment,1,No,Common operational support equipment for a industrial electronics manufacturer business.
E04438,B0235,Embedded Systems Manufacturer,Manufacturing,Electronics,Fire extinguisher,Operational / Safety Equipment,1,Yes,Common operational support equipment for a embedded systems manufacturer business.
E04439,B0235,Embedded Systems Manufacturer,Manufacturing,Electronics,First aid kit,Operational / Safety Equipment,1,Yes,Common operational support equipment for a embedded systems manufacturer business.
E04440,B0235,Embedded Systems Manufacturer,Manufacturing,Electronics,Extension board,Operational / Safety Equipment,1,No,Common operational support equipment for a embedded systems manufacturer business.
E04441,B0235,Embedded Systems Manufacturer,Manufacturing,Electronics,Surge protector,Operational / Safety Equipment,1,No,Common operational support equipment for a embedded systems manufacturer business.
E04442,B0236,Textile Manufacturing Unit,Manufacturing,Textiles,Fire extinguisher,Operational / Safety Equipment,1,Yes,Common operational support equipment for a textile manufacturing unit business.
E04443,B0236,Textile Manufacturing Unit,Manufacturing,Textiles,First aid kit,Operational / Safety Equipment,1,Yes,Common operational support equipment for a textile manufacturing unit business.
E04444,B0236,Textile Manufacturing Unit,Manufacturing,Textiles,Extension board,Operational / Safety Equipment,1,No,Common operational support equipment for a textile manufacturing unit business.
E04445,B0236,Textile Manufacturing Unit,Manufacturing,Textiles,Surge protector,Operational / Safety Equipment,1,No,Common operational support equipment for a textile manufacturing unit business.
E04446,B0237,Garment Factory,Manufacturing,Textiles,Fire extinguisher,Operational / Safety Equipment,1,Yes,Common operational support equipment for a garment factory business.
E04447,B0237,Garment Factory,Manufacturing,Textiles,First aid kit,Operational / Safety Equipment,1,Yes,Common operational support equipment for a garment factory business.
E04448,B0237,Garment Factory,Manufacturing,Textiles,Extension board,Operational / Safety Equipment,1,No,Common operational support equipment for a garment factory business.
E04449,B0237,Garment Factory,Manufacturing,Textiles,Surge protector,Operational / Safety Equipment,1,No,Common operational support equipment for a garment factory business.
E04450,B0238,Knitting Unit,Manufacturing,Textiles,Fire extinguisher,Operational / Safety Equipment,1,Yes,Common operational support equipment for a knitting unit business.
E04451,B0238,Knitting Unit,Manufacturing,Textiles,First aid kit,Operational / Safety Equipment,1,Yes,Common operational support equipment for a knitting unit business.
E04452,B0238,Knitting Unit,Manufacturing,Textiles,Extension board,Operational / Safety Equipment,1,No,Common operational support equipment for a knitting unit business.
E04453,B0238,Knitting Unit,Manufacturing,Textiles,Surge protector,Operational / Safety Equipment,1,No,Common operational support equipment for a knitting unit business.
E04454,B0239,Dyeing Unit,Manufacturing,Textiles,Fire extinguisher,Operational / Safety Equipment,1,Yes,Common operational support equipment for a dyeing unit business.
E04455,B0239,Dyeing Unit,Manufacturing,Textiles,First aid kit,Operational / Safety Equipment,1,Yes,Common operational support equipment for a dyeing unit business.
E04456,B0239,Dyeing Unit,Manufacturing,Textiles,Extension board,Operational / Safety Equipment,1,No,Common operational support equipment for a dyeing unit business.
E04457,B0239,Dyeing Unit,Manufacturing,Textiles,Surge protector,Operational / Safety Equipment,1,No,Common operational support equipment for a dyeing unit business.
E04458,B0240,Home Textile Factory,Manufacturing,Textiles,Fire extinguisher,Operational / Safety Equipment,1,Yes,Common operational support equipment for a home textile factory business.
E04459,B0240,Home Textile Factory,Manufacturing,Textiles,First aid kit,Operational / Safety Equipment,1,Yes,Common operational support equipment for a home textile factory business.
E04460,B0240,Home Textile Factory,Manufacturing,Textiles,Extension board,Operational / Safety Equipment,1,No,Common operational support equipment for a home textile factory business.
E04461,B0240,Home Textile Factory,Manufacturing,Textiles,Surge protector,Operational / Safety Equipment,1,No,Common operational support equipment for a home textile factory business.
E04462,B0241,Packaging Manufacturer,Manufacturing,Packaging,Fire extinguisher,Operational / Safety Equipment,1,Yes,Common operational support equipment for a packaging manufacturer business.
E04463,B0241,Packaging Manufacturer,Manufacturing,Packaging,First aid kit,Operational / Safety Equipment,1,Yes,Common operational support equipment for a packaging manufacturer business.
E04464,B0241,Packaging Manufacturer,Manufacturing,Packaging,Extension board,Operational / Safety Equipment,1,No,Common operational support equipment for a packaging manufacturer business.
E04465,B0241,Packaging Manufacturer,Manufacturing,Packaging,Surge protector,Operational / Safety Equipment,1,No,Common operational support equipment for a packaging manufacturer business.
E04466,B0242,Carton Box Manufacturer,Manufacturing,Packaging,Fire extinguisher,Operational / Safety Equipment,1,Yes,Common operational support equipment for a carton box manufacturer business.
E04467,B0242,Carton Box Manufacturer,Manufacturing,Packaging,First aid kit,Operational / Safety Equipment,1,Yes,Common operational support equipment for a carton box manufacturer business.
E04468,B0242,Carton Box Manufacturer,Manufacturing,Packaging,Extension board,Operational / Safety Equipment,1,No,Common operational support equipment for a carton box manufacturer business.
E04469,B0242,Carton Box Manufacturer,Manufacturing,Packaging,Surge protector,Operational / Safety Equipment,1,No,Common operational support equipment for a carton box manufacturer business.
E04470,B0243,Flexible Packaging Unit,Manufacturing,Packaging,Fire extinguisher,Operational / Safety Equipment,1,Yes,Common operational support equipment for a flexible packaging unit business.
E04471,B0243,Flexible Packaging Unit,Manufacturing,Packaging,First aid kit,Operational / Safety Equipment,1,Yes,Common operational support equipment for a flexible packaging unit business.
E04472,B0243,Flexible Packaging Unit,Manufacturing,Packaging,Extension board,Operational / Safety Equipment,1,No,Common operational support equipment for a flexible packaging unit business.
E04473,B0243,Flexible Packaging Unit,Manufacturing,Packaging,Surge protector,Operational / Safety Equipment,1,No,Common operational support equipment for a flexible packaging unit business.
E04474,B0244,Bottle Packaging Manufacturer,Manufacturing,Packaging,Fire extinguisher,Operational / Safety Equipment,1,Yes,Common operational support equipment for a bottle packaging manufacturer business.
E04475,B0244,Bottle Packaging Manufacturer,Manufacturing,Packaging,First aid kit,Operational / Safety Equipment,1,Yes,Common operational support equipment for a bottle packaging manufacturer business.
E04476,B0244,Bottle Packaging Manufacturer,Manufacturing,Packaging,Extension board,Operational / Safety Equipment,1,No,Common operational support equipment for a bottle packaging manufacturer business.
E04477,B0244,Bottle Packaging Manufacturer,Manufacturing,Packaging,Surge protector,Operational / Safety Equipment,1,No,Common operational support equipment for a bottle packaging manufacturer business.
E04478,B0245,Label Printing Unit,Manufacturing,Packaging,Fire extinguisher,Operational / Safety Equipment,1,Yes,Common operational support equipment for a label printing unit business.
E04479,B0245,Label Printing Unit,Manufacturing,Packaging,First aid kit,Operational / Safety Equipment,1,Yes,Common operational support equipment for a label printing unit business.
E04480,B0245,Label Printing Unit,Manufacturing,Packaging,Extension board,Operational / Safety Equipment,1,No,Common operational support equipment for a label printing unit business.
E04481,B0245,Label Printing Unit,Manufacturing,Packaging,Surge protector,Operational / Safety Equipment,1,No,Common operational support equipment for a label printing unit business.
E04482,B0246,Auto Parts Manufacturer,Manufacturing,Automotive,Fire extinguisher,Operational / Safety Equipment,1,Yes,Common operational support equipment for a auto parts manufacturer business.
E04483,B0246,Auto Parts Manufacturer,Manufacturing,Automotive,First aid kit,Operational / Safety Equipment,1,Yes,Common operational support equipment for a auto parts manufacturer business.
E04484,B0246,Auto Parts Manufacturer,Manufacturing,Automotive,Extension board,Operational / Safety Equipment,1,No,Common operational support equipment for a auto parts manufacturer business.
E04485,B0246,Auto Parts Manufacturer,Manufacturing,Automotive,Surge protector,Operational / Safety Equipment,1,No,Common operational support equipment for a auto parts manufacturer business.
E04486,B0247,Automotive Component Unit,Manufacturing,Automotive,Fire extinguisher,Operational / Safety Equipment,1,Yes,Common operational support equipment for a automotive component unit business.
E04487,B0247,Automotive Component Unit,Manufacturing,Automotive,First aid kit,Operational / Safety Equipment,1,Yes,Common operational support equipment for a automotive component unit business.
E04488,B0247,Automotive Component Unit,Manufacturing,Automotive,Extension board,Operational / Safety Equipment,1,No,Common operational support equipment for a automotive component unit business.
E04489,B0247,Automotive Component Unit,Manufacturing,Automotive,Surge protector,Operational / Safety Equipment,1,No,Common operational support equipment for a automotive component unit business.
E04490,B0248,EV Component Manufacturer,Manufacturing,Automotive,Fire extinguisher,Operational / Safety Equipment,1,Yes,Common operational support equipment for a ev component manufacturer business.
E04491,B0248,EV Component Manufacturer,Manufacturing,Automotive,First aid kit,Operational / Safety Equipment,1,Yes,Common operational support equipment for a ev component manufacturer business.
E04492,B0248,EV Component Manufacturer,Manufacturing,Automotive,Extension board,Operational / Safety Equipment,1,No,Common operational support equipment for a ev component manufacturer business.
E04493,B0248,EV Component Manufacturer,Manufacturing,Automotive,Surge protector,Operational / Safety Equipment,1,No,Common operational support equipment for a ev component manufacturer business.
E04494,B0249,Auto Accessories Manufacturer,Manufacturing,Automotive,Fire extinguisher,Operational / Safety Equipment,1,Yes,Common operational support equipment for a auto accessories manufacturer business.
E04495,B0249,Auto Accessories Manufacturer,Manufacturing,Automotive,First aid kit,Operational / Safety Equipment,1,Yes,Common operational support equipment for a auto accessories manufacturer business.
E04496,B0249,Auto Accessories Manufacturer,Manufacturing,Automotive,Extension board,Operational / Safety Equipment,1,No,Common operational support equipment for a auto accessories manufacturer business.
E04497,B0249,Auto Accessories Manufacturer,Manufacturing,Automotive,Surge protector,Operational / Safety Equipment,1,No,Common operational support equipment for a auto accessories manufacturer business.
E04498,B0250,Precision Auto Parts Unit,Manufacturing,Automotive,Fire extinguisher,Operational / Safety Equipment,1,Yes,Common operational support equipment for a precision auto parts unit business.
E04499,B0250,Precision Auto Parts Unit,Manufacturing,Automotive,First aid kit,Operational / Safety Equipment,1,Yes,Common operational support equipment for a precision auto parts unit business.
E04500,B0250,Precision Auto Parts Unit,Manufacturing,Automotive,Extension board,Operational / Safety Equipment,1,No,Common operational support equipment for a precision auto parts unit business.
E04501,B0250,Precision Auto Parts Unit,Manufacturing,Automotive,Surge protector,Operational / Safety Equipment,1,No,Common operational support equipment for a precision auto parts unit business.
E04502,B0251,Vegetable Farm,Agriculture,Farming,Fire extinguisher,Operational / Safety Equipment,1,Yes,Common operational support equipment for a vegetable farm business.
E04503,B0251,Vegetable Farm,Agriculture,Farming,First aid kit,Operational / Safety Equipment,1,Yes,Common operational support equipment for a vegetable farm business.
E04504,B0251,Vegetable Farm,Agriculture,Farming,Extension board,Operational / Safety Equipment,1,No,Common operational support equipment for a vegetable farm business.
E04505,B0251,Vegetable Farm,Agriculture,Farming,Surge protector,Operational / Safety Equipment,1,No,Common operational support equipment for a vegetable farm business.
E04506,B0252,Fruit Farm,Agriculture,Farming,Fire extinguisher,Operational / Safety Equipment,1,Yes,Common operational support equipment for a fruit farm business.
E04507,B0252,Fruit Farm,Agriculture,Farming,First aid kit,Operational / Safety Equipment,1,Yes,Common operational support equipment for a fruit farm business.
E04508,B0252,Fruit Farm,Agriculture,Farming,Extension board,Operational / Safety Equipment,1,No,Common operational support equipment for a fruit farm business.
E04509,B0252,Fruit Farm,Agriculture,Farming,Surge protector,Operational / Safety Equipment,1,No,Common operational support equipment for a fruit farm business.
E04510,B0253,Organic Farm,Agriculture,Farming,Fire extinguisher,Operational / Safety Equipment,1,Yes,Common operational support equipment for a organic farm business.
E04511,B0253,Organic Farm,Agriculture,Farming,First aid kit,Operational / Safety Equipment,1,Yes,Common operational support equipment for a organic farm business.
E04512,B0253,Organic Farm,Agriculture,Farming,Extension board,Operational / Safety Equipment,1,No,Common operational support equipment for a organic farm business.
E04513,B0253,Organic Farm,Agriculture,Farming,Surge protector,Operational / Safety Equipment,1,No,Common operational support equipment for a organic farm business.
E04514,B0254,Greenhouse Farm,Agriculture,Farming,Fire extinguisher,Operational / Safety Equipment,1,Yes,Common operational support equipment for a greenhouse farm business.
E04515,B0254,Greenhouse Farm,Agriculture,Farming,First aid kit,Operational / Safety Equipment,1,Yes,Common operational support equipment for a greenhouse farm business.
E04516,B0254,Greenhouse Farm,Agriculture,Farming,Extension board,Operational / Safety Equipment,1,No,Common operational support equipment for a greenhouse farm business.
E04517,B0254,Greenhouse Farm,Agriculture,Farming,Surge protector,Operational / Safety Equipment,1,No,Common operational support equipment for a greenhouse farm business.
E04518,B0255,Hydroponic Farm,Agriculture,Farming,Fire extinguisher,Operational / Safety Equipment,1,Yes,Common operational support equipment for a hydroponic farm business.
E04519,B0255,Hydroponic Farm,Agriculture,Farming,First aid kit,Operational / Safety Equipment,1,Yes,Common operational support equipment for a hydroponic farm business.
E04520,B0255,Hydroponic Farm,Agriculture,Farming,Extension board,Operational / Safety Equipment,1,No,Common operational support equipment for a hydroponic farm business.
E04521,B0255,Hydroponic Farm,Agriculture,Farming,Surge protector,Operational / Safety Equipment,1,No,Common operational support equipment for a hydroponic farm business.
E04522,B0256,Precision Agriculture Startup,Agriculture,AgriTech,Fire extinguisher,Operational / Safety Equipment,1,Yes,Common operational support equipment for a precision agriculture startup business.
E04523,B0256,Precision Agriculture Startup,Agriculture,AgriTech,First aid kit,Operational / Safety Equipment,1,Yes,Common operational support equipment for a precision agriculture startup business.
E04524,B0256,Precision Agriculture Startup,Agriculture,AgriTech,Extension board,Operational / Safety Equipment,1,No,Common operational support equipment for a precision agriculture startup business.
E04525,B0256,Precision Agriculture Startup,Agriculture,AgriTech,Surge protector,Operational / Safety Equipment,1,No,Common operational support equipment for a precision agriculture startup business.
E04526,B0257,Farm Management Platform,Agriculture,AgriTech,Fire extinguisher,Operational / Safety Equipment,1,Yes,Common operational support equipment for a farm management platform business.
E04527,B0257,Farm Management Platform,Agriculture,AgriTech,First aid kit,Operational / Safety Equipment,1,Yes,Common operational support equipment for a farm management platform business.
E04528,B0257,Farm Management Platform,Agriculture,AgriTech,Extension board,Operational / Safety Equipment,1,No,Common operational support equipment for a farm management platform business.
E04529,B0257,Farm Management Platform,Agriculture,AgriTech,Surge protector,Operational / Safety Equipment,1,No,Common operational support equipment for a farm management platform business.
E04530,B0258,Agricultural Drone Service,Agriculture,AgriTech,Fire extinguisher,Operational / Safety Equipment,1,Yes,Common operational support equipment for a agricultural drone service business.
E04531,B0258,Agricultural Drone Service,Agriculture,AgriTech,First aid kit,Operational / Safety Equipment,1,Yes,Common operational support equipment for a agricultural drone service business.
E04532,B0258,Agricultural Drone Service,Agriculture,AgriTech,Extension board,Operational / Safety Equipment,1,No,Common operational support equipment for a agricultural drone service business.
E04533,B0258,Agricultural Drone Service,Agriculture,AgriTech,Surge protector,Operational / Safety Equipment,1,No,Common operational support equipment for a agricultural drone service business.
E04534,B0259,Smart Irrigation Company,Agriculture,AgriTech,Fire extinguisher,Operational / Safety Equipment,1,Yes,Common operational support equipment for a smart irrigation company business.
E04535,B0259,Smart Irrigation Company,Agriculture,AgriTech,First aid kit,Operational / Safety Equipment,1,Yes,Common operational support equipment for a smart irrigation company business.
E04536,B0259,Smart Irrigation Company,Agriculture,AgriTech,Extension board,Operational / Safety Equipment,1,No,Common operational support equipment for a smart irrigation company business.
E04537,B0259,Smart Irrigation Company,Agriculture,AgriTech,Surge protector,Operational / Safety Equipment,1,No,Common operational support equipment for a smart irrigation company business.
E04538,B0260,Farm IoT Company,Agriculture,AgriTech,Fire extinguisher,Operational / Safety Equipment,1,Yes,Common operational support equipment for a farm iot company business.
E04539,B0260,Farm IoT Company,Agriculture,AgriTech,First aid kit,Operational / Safety Equipment,1,Yes,Common operational support equipment for a farm iot company business.
E04540,B0260,Farm IoT Company,Agriculture,AgriTech,Extension board,Operational / Safety Equipment,1,No,Common operational support equipment for a farm iot company business.
E04541,B0260,Farm IoT Company,Agriculture,AgriTech,Surge protector,Operational / Safety Equipment,1,No,Common operational support equipment for a farm iot company business.
E04542,B0261,Seed Production Unit,Agriculture,Seeds,Fire extinguisher,Operational / Safety Equipment,1,Yes,Common operational support equipment for a seed production unit business.
E04543,B0261,Seed Production Unit,Agriculture,Seeds,First aid kit,Operational / Safety Equipment,1,Yes,Common operational support equipment for a seed production unit business.
E04544,B0261,Seed Production Unit,Agriculture,Seeds,Extension board,Operational / Safety Equipment,1,No,Common operational support equipment for a seed production unit business.
E04545,B0261,Seed Production Unit,Agriculture,Seeds,Surge protector,Operational / Safety Equipment,1,No,Common operational support equipment for a seed production unit business.
E04546,B0262,Seed Processing Unit,Agriculture,Seeds,Fire extinguisher,Operational / Safety Equipment,1,Yes,Common operational support equipment for a seed processing unit business.
E04547,B0262,Seed Processing Unit,Agriculture,Seeds,First aid kit,Operational / Safety Equipment,1,Yes,Common operational support equipment for a seed processing unit business.
E04548,B0262,Seed Processing Unit,Agriculture,Seeds,Extension board,Operational / Safety Equipment,1,No,Common operational support equipment for a seed processing unit business.
E04549,B0262,Seed Processing Unit,Agriculture,Seeds,Surge protector,Operational / Safety Equipment,1,No,Common operational support equipment for a seed processing unit business.
E04550,B0263,Seed Distribution Business,Agriculture,Seeds,Fire extinguisher,Operational / Safety Equipment,1,Yes,Common operational support equipment for a seed distribution business business.
E04551,B0263,Seed Distribution Business,Agriculture,Seeds,First aid kit,Operational / Safety Equipment,1,Yes,Common operational support equipment for a seed distribution business business.
E04552,B0263,Seed Distribution Business,Agriculture,Seeds,Extension board,Operational / Safety Equipment,1,No,Common operational support equipment for a seed distribution business business.
E04553,B0263,Seed Distribution Business,Agriculture,Seeds,Surge protector,Operational / Safety Equipment,1,No,Common operational support equipment for a seed distribution business business.
E04554,B0264,Nursery Business,Agriculture,Seeds,Fire extinguisher,Operational / Safety Equipment,1,Yes,Common operational support equipment for a nursery business business.
E04555,B0264,Nursery Business,Agriculture,Seeds,First aid kit,Operational / Safety Equipment,1,Yes,Common operational support equipment for a nursery business business.
E04556,B0264,Nursery Business,Agriculture,Seeds,Extension board,Operational / Safety Equipment,1,No,Common operational support equipment for a nursery business business.
E04557,B0264,Nursery Business,Agriculture,Seeds,Surge protector,Operational / Safety Equipment,1,No,Common operational support equipment for a nursery business business.
E04558,B0265,Hybrid Seed Company,Agriculture,Seeds,Fire extinguisher,Operational / Safety Equipment,1,Yes,Common operational support equipment for a hybrid seed company business.
E04559,B0265,Hybrid Seed Company,Agriculture,Seeds,First aid kit,Operational / Safety Equipment,1,Yes,Common operational support equipment for a hybrid seed company business.
E04560,B0265,Hybrid Seed Company,Agriculture,Seeds,Extension board,Operational / Safety Equipment,1,No,Common operational support equipment for a hybrid seed company business.
E04561,B0265,Hybrid Seed Company,Agriculture,Seeds,Surge protector,Operational / Safety Equipment,1,No,Common operational support equipment for a hybrid seed company business.
E04562,B0266,Fertilizer Distribution Business,Agriculture,Fertilizer,Fire extinguisher,Operational / Safety Equipment,1,Yes,Common operational support equipment for a fertilizer distribution business business.
E04563,B0266,Fertilizer Distribution Business,Agriculture,Fertilizer,First aid kit,Operational / Safety Equipment,1,Yes,Common operational support equipment for a fertilizer distribution business business.
E04564,B0266,Fertilizer Distribution Business,Agriculture,Fertilizer,Extension board,Operational / Safety Equipment,1,No,Common operational support equipment for a fertilizer distribution business business.
E04565,B0266,Fertilizer Distribution Business,Agriculture,Fertilizer,Surge protector,Operational / Safety Equipment,1,No,Common operational support equipment for a fertilizer distribution business business.
E04566,B0267,Organic Fertilizer Unit,Agriculture,Fertilizer,Fire extinguisher,Operational / Safety Equipment,1,Yes,Common operational support equipment for a organic fertilizer unit business.
E04567,B0267,Organic Fertilizer Unit,Agriculture,Fertilizer,First aid kit,Operational / Safety Equipment,1,Yes,Common operational support equipment for a organic fertilizer unit business.
E04568,B0267,Organic Fertilizer Unit,Agriculture,Fertilizer,Extension board,Operational / Safety Equipment,1,No,Common operational support equipment for a organic fertilizer unit business.
E04569,B0267,Organic Fertilizer Unit,Agriculture,Fertilizer,Surge protector,Operational / Safety Equipment,1,No,Common operational support equipment for a organic fertilizer unit business.
E04570,B0268,Compost Production Unit,Agriculture,Fertilizer,Fire extinguisher,Operational / Safety Equipment,1,Yes,Common operational support equipment for a compost production unit business.
E04571,B0268,Compost Production Unit,Agriculture,Fertilizer,First aid kit,Operational / Safety Equipment,1,Yes,Common operational support equipment for a compost production unit business.
E04572,B0268,Compost Production Unit,Agriculture,Fertilizer,Extension board,Operational / Safety Equipment,1,No,Common operational support equipment for a compost production unit business.
E04573,B0268,Compost Production Unit,Agriculture,Fertilizer,Surge protector,Operational / Safety Equipment,1,No,Common operational support equipment for a compost production unit business.
E04574,B0269,Biofertilizer Unit,Agriculture,Fertilizer,Fire extinguisher,Operational / Safety Equipment,1,Yes,Common operational support equipment for a biofertilizer unit business.
E04575,B0269,Biofertilizer Unit,Agriculture,Fertilizer,First aid kit,Operational / Safety Equipment,1,Yes,Common operational support equipment for a biofertilizer unit business.
E04576,B0269,Biofertilizer Unit,Agriculture,Fertilizer,Extension board,Operational / Safety Equipment,1,No,Common operational support equipment for a biofertilizer unit business.
E04577,B0269,Biofertilizer Unit,Agriculture,Fertilizer,Surge protector,Operational / Safety Equipment,1,No,Common operational support equipment for a biofertilizer unit business.
E04578,B0270,Soil Amendment Business,Agriculture,Fertilizer,Fire extinguisher,Operational / Safety Equipment,1,Yes,Common operational support equipment for a soil amendment business business.
E04579,B0270,Soil Amendment Business,Agriculture,Fertilizer,First aid kit,Operational / Safety Equipment,1,Yes,Common operational support equipment for a soil amendment business business.
E04580,B0270,Soil Amendment Business,Agriculture,Fertilizer,Extension board,Operational / Safety Equipment,1,No,Common operational support equipment for a soil amendment business business.
E04581,B0270,Soil Amendment Business,Agriculture,Fertilizer,Surge protector,Operational / Safety Equipment,1,No,Common operational support equipment for a soil amendment business business.
E04582,B0271,Dairy Farm,Agriculture,Dairy & Poultry,Fire extinguisher,Operational / Safety Equipment,1,Yes,Common operational support equipment for a dairy farm business.
E04583,B0271,Dairy Farm,Agriculture,Dairy & Poultry,First aid kit,Operational / Safety Equipment,1,Yes,Common operational support equipment for a dairy farm business.
E04584,B0271,Dairy Farm,Agriculture,Dairy & Poultry,Extension board,Operational / Safety Equipment,1,No,Common operational support equipment for a dairy farm business.
E04585,B0271,Dairy Farm,Agriculture,Dairy & Poultry,Surge protector,Operational / Safety Equipment,1,No,Common operational support equipment for a dairy farm business.
E04586,B0272,Milk Processing Unit,Agriculture,Dairy & Poultry,Fire extinguisher,Operational / Safety Equipment,1,Yes,Common operational support equipment for a milk processing unit business.
E04587,B0272,Milk Processing Unit,Agriculture,Dairy & Poultry,First aid kit,Operational / Safety Equipment,1,Yes,Common operational support equipment for a milk processing unit business.
E04588,B0272,Milk Processing Unit,Agriculture,Dairy & Poultry,Extension board,Operational / Safety Equipment,1,No,Common operational support equipment for a milk processing unit business.
E04589,B0272,Milk Processing Unit,Agriculture,Dairy & Poultry,Surge protector,Operational / Safety Equipment,1,No,Common operational support equipment for a milk processing unit business.
E04590,B0273,Poultry Farm,Agriculture,Dairy & Poultry,Fire extinguisher,Operational / Safety Equipment,1,Yes,Common operational support equipment for a poultry farm business.
E04591,B0273,Poultry Farm,Agriculture,Dairy & Poultry,First aid kit,Operational / Safety Equipment,1,Yes,Common operational support equipment for a poultry farm business.
E04592,B0273,Poultry Farm,Agriculture,Dairy & Poultry,Extension board,Operational / Safety Equipment,1,No,Common operational support equipment for a poultry farm business.
E04593,B0273,Poultry Farm,Agriculture,Dairy & Poultry,Surge protector,Operational / Safety Equipment,1,No,Common operational support equipment for a poultry farm business.
E04594,B0274,Egg Production Unit,Agriculture,Dairy & Poultry,Fire extinguisher,Operational / Safety Equipment,1,Yes,Common operational support equipment for a egg production unit business.
E04595,B0274,Egg Production Unit,Agriculture,Dairy & Poultry,First aid kit,Operational / Safety Equipment,1,Yes,Common operational support equipment for a egg production unit business.
E04596,B0274,Egg Production Unit,Agriculture,Dairy & Poultry,Extension board,Operational / Safety Equipment,1,No,Common operational support equipment for a egg production unit business.
E04597,B0274,Egg Production Unit,Agriculture,Dairy & Poultry,Surge protector,Operational / Safety Equipment,1,No,Common operational support equipment for a egg production unit business.
E04598,B0275,Animal Feed Business,Agriculture,Dairy & Poultry,Fire extinguisher,Operational / Safety Equipment,1,Yes,Common operational support equipment for a animal feed business business.
E04599,B0275,Animal Feed Business,Agriculture,Dairy & Poultry,First aid kit,Operational / Safety Equipment,1,Yes,Common operational support equipment for a animal feed business business.
E04600,B0275,Animal Feed Business,Agriculture,Dairy & Poultry,Extension board,Operational / Safety Equipment,1,No,Common operational support equipment for a animal feed business business.
E04601,B0275,Animal Feed Business,Agriculture,Dairy & Poultry,Surge protector,Operational / Safety Equipment,1,No,Common operational support equipment for a animal feed business business.
E04602,B0276,Unisex Salon,Beauty,Salon,Fire extinguisher,Operational / Safety Equipment,1,Yes,Common operational support equipment for a unisex salon business.
E04603,B0276,Unisex Salon,Beauty,Salon,First aid kit,Operational / Safety Equipment,1,Yes,Common operational support equipment for a unisex salon business.
E04604,B0276,Unisex Salon,Beauty,Salon,Extension board,Operational / Safety Equipment,1,No,Common operational support equipment for a unisex salon business.
E04605,B0276,Unisex Salon,Beauty,Salon,Surge protector,Operational / Safety Equipment,1,No,Common operational support equipment for a unisex salon business.
E04606,B0277,Ladies Salon,Beauty,Salon,Fire extinguisher,Operational / Safety Equipment,1,Yes,Common operational support equipment for a ladies salon business.
E04607,B0277,Ladies Salon,Beauty,Salon,First aid kit,Operational / Safety Equipment,1,Yes,Common operational support equipment for a ladies salon business.
E04608,B0277,Ladies Salon,Beauty,Salon,Extension board,Operational / Safety Equipment,1,No,Common operational support equipment for a ladies salon business.
E04609,B0277,Ladies Salon,Beauty,Salon,Surge protector,Operational / Safety Equipment,1,No,Common operational support equipment for a ladies salon business.
E04610,B0278,Gents Salon,Beauty,Salon,Fire extinguisher,Operational / Safety Equipment,1,Yes,Common operational support equipment for a gents salon business.
E04611,B0278,Gents Salon,Beauty,Salon,First aid kit,Operational / Safety Equipment,1,Yes,Common operational support equipment for a gents salon business.
E04612,B0278,Gents Salon,Beauty,Salon,Extension board,Operational / Safety Equipment,1,No,Common operational support equipment for a gents salon business.
E04613,B0278,Gents Salon,Beauty,Salon,Surge protector,Operational / Safety Equipment,1,No,Common operational support equipment for a gents salon business.
E04614,B0279,Hair Studio,Beauty,Salon,Fire extinguisher,Operational / Safety Equipment,1,Yes,Common operational support equipment for a hair studio business.
E04615,B0279,Hair Studio,Beauty,Salon,First aid kit,Operational / Safety Equipment,1,Yes,Common operational support equipment for a hair studio business.
E04616,B0279,Hair Studio,Beauty,Salon,Extension board,Operational / Safety Equipment,1,No,Common operational support equipment for a hair studio business.
E04617,B0279,Hair Studio,Beauty,Salon,Surge protector,Operational / Safety Equipment,1,No,Common operational support equipment for a hair studio business.
E04618,B0280,Premium Salon,Beauty,Salon,Fire extinguisher,Operational / Safety Equipment,1,Yes,Common operational support equipment for a premium salon business.
E04619,B0280,Premium Salon,Beauty,Salon,First aid kit,Operational / Safety Equipment,1,Yes,Common operational support equipment for a premium salon business.
E04620,B0280,Premium Salon,Beauty,Salon,Extension board,Operational / Safety Equipment,1,No,Common operational support equipment for a premium salon business.
E04621,B0280,Premium Salon,Beauty,Salon,Surge protector,Operational / Safety Equipment,1,No,Common operational support equipment for a premium salon business.
E04622,B0281,Day Spa,Beauty,Spa,Fire extinguisher,Operational / Safety Equipment,1,Yes,Common operational support equipment for a day spa business.
E04623,B0281,Day Spa,Beauty,Spa,First aid kit,Operational / Safety Equipment,1,Yes,Common operational support equipment for a day spa business.
E04624,B0281,Day Spa,Beauty,Spa,Extension board,Operational / Safety Equipment,1,No,Common operational support equipment for a day spa business.
E04625,B0281,Day Spa,Beauty,Spa,Surge protector,Operational / Safety Equipment,1,No,Common operational support equipment for a day spa business.
E04626,B0282,Wellness Spa,Beauty,Spa,Fire extinguisher,Operational / Safety Equipment,1,Yes,Common operational support equipment for a wellness spa business.
E04627,B0282,Wellness Spa,Beauty,Spa,First aid kit,Operational / Safety Equipment,1,Yes,Common operational support equipment for a wellness spa business.
E04628,B0282,Wellness Spa,Beauty,Spa,Extension board,Operational / Safety Equipment,1,No,Common operational support equipment for a wellness spa business.
E04629,B0282,Wellness Spa,Beauty,Spa,Surge protector,Operational / Safety Equipment,1,No,Common operational support equipment for a wellness spa business.
E04630,B0283,Ayurvedic Spa,Beauty,Spa,Fire extinguisher,Operational / Safety Equipment,1,Yes,Common operational support equipment for a ayurvedic spa business.
E04631,B0283,Ayurvedic Spa,Beauty,Spa,First aid kit,Operational / Safety Equipment,1,Yes,Common operational support equipment for a ayurvedic spa business.
E04632,B0283,Ayurvedic Spa,Beauty,Spa,Extension board,Operational / Safety Equipment,1,No,Common operational support equipment for a ayurvedic spa business.
E04633,B0283,Ayurvedic Spa,Beauty,Spa,Surge protector,Operational / Safety Equipment,1,No,Common operational support equipment for a ayurvedic spa business.
E04634,B0284,Massage Center,Beauty,Spa,Fire extinguisher,Operational / Safety Equipment,1,Yes,Common operational support equipment for a massage center business.
E04635,B0284,Massage Center,Beauty,Spa,First aid kit,Operational / Safety Equipment,1,Yes,Common operational support equipment for a massage center business.
E04636,B0284,Massage Center,Beauty,Spa,Extension board,Operational / Safety Equipment,1,No,Common operational support equipment for a massage center business.
E04637,B0284,Massage Center,Beauty,Spa,Surge protector,Operational / Safety Equipment,1,No,Common operational support equipment for a massage center business.
E04638,B0285,Luxury Spa,Beauty,Spa,Fire extinguisher,Operational / Safety Equipment,1,Yes,Common operational support equipment for a luxury spa business.
E04639,B0285,Luxury Spa,Beauty,Spa,First aid kit,Operational / Safety Equipment,1,Yes,Common operational support equipment for a luxury spa business.
E04640,B0285,Luxury Spa,Beauty,Spa,Extension board,Operational / Safety Equipment,1,No,Common operational support equipment for a luxury spa business.
E04641,B0285,Luxury Spa,Beauty,Spa,Surge protector,Operational / Safety Equipment,1,No,Common operational support equipment for a luxury spa business.
E04642,B0286,Makeup Studio,Beauty,Makeup,Fire extinguisher,Operational / Safety Equipment,1,Yes,Common operational support equipment for a makeup studio business.
E04643,B0286,Makeup Studio,Beauty,Makeup,First aid kit,Operational / Safety Equipment,1,Yes,Common operational support equipment for a makeup studio business.
E04644,B0286,Makeup Studio,Beauty,Makeup,Extension board,Operational / Safety Equipment,1,No,Common operational support equipment for a makeup studio business.
E04645,B0286,Makeup Studio,Beauty,Makeup,Surge protector,Operational / Safety Equipment,1,No,Common operational support equipment for a makeup studio business.
E04646,B0287,Bridal Makeup Studio,Beauty,Makeup,Fire extinguisher,Operational / Safety Equipment,1,Yes,Common operational support equipment for a bridal makeup studio business.
E04647,B0287,Bridal Makeup Studio,Beauty,Makeup,First aid kit,Operational / Safety Equipment,1,Yes,Common operational support equipment for a bridal makeup studio business.
E04648,B0287,Bridal Makeup Studio,Beauty,Makeup,Extension board,Operational / Safety Equipment,1,No,Common operational support equipment for a bridal makeup studio business.
E04649,B0287,Bridal Makeup Studio,Beauty,Makeup,Surge protector,Operational / Safety Equipment,1,No,Common operational support equipment for a bridal makeup studio business.
E04650,B0288,Makeup Academy,Beauty,Makeup,Fire extinguisher,Operational / Safety Equipment,1,Yes,Common operational support equipment for a makeup academy business.
E04651,B0288,Makeup Academy,Beauty,Makeup,First aid kit,Operational / Safety Equipment,1,Yes,Common operational support equipment for a makeup academy business.
E04652,B0288,Makeup Academy,Beauty,Makeup,Extension board,Operational / Safety Equipment,1,No,Common operational support equipment for a makeup academy business.
E04653,B0288,Makeup Academy,Beauty,Makeup,Surge protector,Operational / Safety Equipment,1,No,Common operational support equipment for a makeup academy business.
E04654,B0289,Freelance Makeup Service,Beauty,Makeup,Fire extinguisher,Operational / Safety Equipment,1,Yes,Common operational support equipment for a freelance makeup service business.
E04655,B0289,Freelance Makeup Service,Beauty,Makeup,First aid kit,Operational / Safety Equipment,1,Yes,Common operational support equipment for a freelance makeup service business.
E04656,B0289,Freelance Makeup Service,Beauty,Makeup,Extension board,Operational / Safety Equipment,1,No,Common operational support equipment for a freelance makeup service business.
E04657,B0289,Freelance Makeup Service,Beauty,Makeup,Surge protector,Operational / Safety Equipment,1,No,Common operational support equipment for a freelance makeup service business.
E04658,B0290,Beauty Training Studio,Beauty,Makeup,Fire extinguisher,Operational / Safety Equipment,1,Yes,Common operational support equipment for a beauty training studio business.
E04659,B0290,Beauty Training Studio,Beauty,Makeup,First aid kit,Operational / Safety Equipment,1,Yes,Common operational support equipment for a beauty training studio business.
E04660,B0290,Beauty Training Studio,Beauty,Makeup,Extension board,Operational / Safety Equipment,1,No,Common operational support equipment for a beauty training studio business.
E04661,B0290,Beauty Training Studio,Beauty,Makeup,Surge protector,Operational / Safety Equipment,1,No,Common operational support equipment for a beauty training studio business.
E04662,B0291,Skincare Clinic,Beauty,Skincare,Fire extinguisher,Operational / Safety Equipment,1,Yes,Common operational support equipment for a skincare clinic business.
E04663,B0291,Skincare Clinic,Beauty,Skincare,First aid kit,Operational / Safety Equipment,1,Yes,Common operational support equipment for a skincare clinic business.
E04664,B0291,Skincare Clinic,Beauty,Skincare,Extension board,Operational / Safety Equipment,1,No,Common operational support equipment for a skincare clinic business.
E04665,B0291,Skincare Clinic,Beauty,Skincare,Surge protector,Operational / Safety Equipment,1,No,Common operational support equipment for a skincare clinic business.
E04666,B0292,Facial Studio,Beauty,Skincare,Fire extinguisher,Operational / Safety Equipment,1,Yes,Common operational support equipment for a facial studio business.
E04667,B0292,Facial Studio,Beauty,Skincare,First aid kit,Operational / Safety Equipment,1,Yes,Common operational support equipment for a facial studio business.
E04668,B0292,Facial Studio,Beauty,Skincare,Extension board,Operational / Safety Equipment,1,No,Common operational support equipment for a facial studio business.
E04669,B0292,Facial Studio,Beauty,Skincare,Surge protector,Operational / Safety Equipment,1,No,Common operational support equipment for a facial studio business.
E04670,B0293,Skin Treatment Center,Beauty,Skincare,Fire extinguisher,Operational / Safety Equipment,1,Yes,Common operational support equipment for a skin treatment center business.
E04671,B0293,Skin Treatment Center,Beauty,Skincare,First aid kit,Operational / Safety Equipment,1,Yes,Common operational support equipment for a skin treatment center business.
E04672,B0293,Skin Treatment Center,Beauty,Skincare,Extension board,Operational / Safety Equipment,1,No,Common operational support equipment for a skin treatment center business.
E04673,B0293,Skin Treatment Center,Beauty,Skincare,Surge protector,Operational / Safety Equipment,1,No,Common operational support equipment for a skin treatment center business.
E04674,B0294,Skincare Product Brand,Beauty,Skincare,Fire extinguisher,Operational / Safety Equipment,1,Yes,Common operational support equipment for a skincare product brand business.
E04675,B0294,Skincare Product Brand,Beauty,Skincare,First aid kit,Operational / Safety Equipment,1,Yes,Common operational support equipment for a skincare product brand business.
E04676,B0294,Skincare Product Brand,Beauty,Skincare,Extension board,Operational / Safety Equipment,1,No,Common operational support equipment for a skincare product brand business.
E04677,B0294,Skincare Product Brand,Beauty,Skincare,Surge protector,Operational / Safety Equipment,1,No,Common operational support equipment for a skincare product brand business.
E04678,B0295,Aesthetic Beauty Studio,Beauty,Skincare,Fire extinguisher,Operational / Safety Equipment,1,Yes,Common operational support equipment for a aesthetic beauty studio business.
E04679,B0295,Aesthetic Beauty Studio,Beauty,Skincare,First aid kit,Operational / Safety Equipment,1,Yes,Common operational support equipment for a aesthetic beauty studio business.
E04680,B0295,Aesthetic Beauty Studio,Beauty,Skincare,Extension board,Operational / Safety Equipment,1,No,Common operational support equipment for a aesthetic beauty studio business.
E04681,B0295,Aesthetic Beauty Studio,Beauty,Skincare,Surge protector,Operational / Safety Equipment,1,No,Common operational support equipment for a aesthetic beauty studio business.
E04682,B0296,Hair Treatment Center,Beauty,Haircare,Fire extinguisher,Operational / Safety Equipment,1,Yes,Common operational support equipment for a hair treatment center business.
E04683,B0296,Hair Treatment Center,Beauty,Haircare,First aid kit,Operational / Safety Equipment,1,Yes,Common operational support equipment for a hair treatment center business.
E04684,B0296,Hair Treatment Center,Beauty,Haircare,Extension board,Operational / Safety Equipment,1,No,Common operational support equipment for a hair treatment center business.
E04685,B0296,Hair Treatment Center,Beauty,Haircare,Surge protector,Operational / Safety Equipment,1,No,Common operational support equipment for a hair treatment center business.
E04686,B0297,Hair Transplant Clinic,Beauty,Haircare,Fire extinguisher,Operational / Safety Equipment,1,Yes,Common operational support equipment for a hair transplant clinic business.
E04687,B0297,Hair Transplant Clinic,Beauty,Haircare,First aid kit,Operational / Safety Equipment,1,Yes,Common operational support equipment for a hair transplant clinic business.
E04688,B0297,Hair Transplant Clinic,Beauty,Haircare,Extension board,Operational / Safety Equipment,1,No,Common operational support equipment for a hair transplant clinic business.
E04689,B0297,Hair Transplant Clinic,Beauty,Haircare,Surge protector,Operational / Safety Equipment,1,No,Common operational support equipment for a hair transplant clinic business.
E04690,B0298,Haircare Product Brand,Beauty,Haircare,Fire extinguisher,Operational / Safety Equipment,1,Yes,Common operational support equipment for a haircare product brand business.
E04691,B0298,Haircare Product Brand,Beauty,Haircare,First aid kit,Operational / Safety Equipment,1,Yes,Common operational support equipment for a haircare product brand business.
E04692,B0298,Haircare Product Brand,Beauty,Haircare,Extension board,Operational / Safety Equipment,1,No,Common operational support equipment for a haircare product brand business.
E04693,B0298,Haircare Product Brand,Beauty,Haircare,Surge protector,Operational / Safety Equipment,1,No,Common operational support equipment for a haircare product brand business.
E04694,B0299,Scalp Care Studio,Beauty,Haircare,Fire extinguisher,Operational / Safety Equipment,1,Yes,Common operational support equipment for a scalp care studio business.
E04695,B0299,Scalp Care Studio,Beauty,Haircare,First aid kit,Operational / Safety Equipment,1,Yes,Common operational support equipment for a scalp care studio business.
E04696,B0299,Scalp Care Studio,Beauty,Haircare,Extension board,Operational / Safety Equipment,1,No,Common operational support equipment for a scalp care studio business.
E04697,B0299,Scalp Care Studio,Beauty,Haircare,Surge protector,Operational / Safety Equipment,1,No,Common operational support equipment for a scalp care studio business.
E04698,B0300,Hair Extension Studio,Beauty,Haircare,Fire extinguisher,Operational / Safety Equipment,1,Yes,Common operational support equipment for a hair extension studio business.
E04699,B0300,Hair Extension Studio,Beauty,Haircare,First aid kit,Operational / Safety Equipment,1,Yes,Common operational support equipment for a hair extension studio business.
E04700,B0300,Hair Extension Studio,Beauty,Haircare,Extension board,Operational / Safety Equipment,1,No,Common operational support equipment for a hair extension studio business.
E04701,B0300,Hair Extension Studio,Beauty,Haircare,Surge protector,Operational / Safety Equipment,1,No,Common operational support equipment for a hair extension studio business.
E04702,B0301,Commercial Gym,Fitness,Gym,Fire extinguisher,Operational / Safety Equipment,1,Yes,Common operational support equipment for a commercial gym business.
E04703,B0301,Commercial Gym,Fitness,Gym,First aid kit,Operational / Safety Equipment,1,Yes,Common operational support equipment for a commercial gym business.
E04704,B0301,Commercial Gym,Fitness,Gym,Extension board,Operational / Safety Equipment,1,No,Common operational support equipment for a commercial gym business.
E04705,B0301,Commercial Gym,Fitness,Gym,Surge protector,Operational / Safety Equipment,1,No,Common operational support equipment for a commercial gym business.
E04706,B0302,Boutique Gym,Fitness,Gym,Fire extinguisher,Operational / Safety Equipment,1,Yes,Common operational support equipment for a boutique gym business.
E04707,B0302,Boutique Gym,Fitness,Gym,First aid kit,Operational / Safety Equipment,1,Yes,Common operational support equipment for a boutique gym business.
E04708,B0302,Boutique Gym,Fitness,Gym,Extension board,Operational / Safety Equipment,1,No,Common operational support equipment for a boutique gym business.
E04709,B0302,Boutique Gym,Fitness,Gym,Surge protector,Operational / Safety Equipment,1,No,Common operational support equipment for a boutique gym business.
E04710,B0303,Ladies Gym,Fitness,Gym,Fire extinguisher,Operational / Safety Equipment,1,Yes,Common operational support equipment for a ladies gym business.
E04711,B0303,Ladies Gym,Fitness,Gym,First aid kit,Operational / Safety Equipment,1,Yes,Common operational support equipment for a ladies gym business.
E04712,B0303,Ladies Gym,Fitness,Gym,Extension board,Operational / Safety Equipment,1,No,Common operational support equipment for a ladies gym business.
E04713,B0303,Ladies Gym,Fitness,Gym,Surge protector,Operational / Safety Equipment,1,No,Common operational support equipment for a ladies gym business.
E04714,B0304,CrossFit Gym,Fitness,Gym,Fire extinguisher,Operational / Safety Equipment,1,Yes,Common operational support equipment for a crossfit gym business.
E04715,B0304,CrossFit Gym,Fitness,Gym,First aid kit,Operational / Safety Equipment,1,Yes,Common operational support equipment for a crossfit gym business.
E04716,B0304,CrossFit Gym,Fitness,Gym,Extension board,Operational / Safety Equipment,1,No,Common operational support equipment for a crossfit gym business.
E04717,B0304,CrossFit Gym,Fitness,Gym,Surge protector,Operational / Safety Equipment,1,No,Common operational support equipment for a crossfit gym business.
E04718,B0305,Strength Training Center,Fitness,Gym,Fire extinguisher,Operational / Safety Equipment,1,Yes,Common operational support equipment for a strength training center business.
E04719,B0305,Strength Training Center,Fitness,Gym,First aid kit,Operational / Safety Equipment,1,Yes,Common operational support equipment for a strength training center business.
E04720,B0305,Strength Training Center,Fitness,Gym,Extension board,Operational / Safety Equipment,1,No,Common operational support equipment for a strength training center business.
E04721,B0305,Strength Training Center,Fitness,Gym,Surge protector,Operational / Safety Equipment,1,No,Common operational support equipment for a strength training center business.
E04722,B0306,Yoga Studio,Fitness,Yoga,Fire extinguisher,Operational / Safety Equipment,1,Yes,Common operational support equipment for a yoga studio business.
E04723,B0306,Yoga Studio,Fitness,Yoga,First aid kit,Operational / Safety Equipment,1,Yes,Common operational support equipment for a yoga studio business.
E04724,B0306,Yoga Studio,Fitness,Yoga,Extension board,Operational / Safety Equipment,1,No,Common operational support equipment for a yoga studio business.
E04725,B0306,Yoga Studio,Fitness,Yoga,Surge protector,Operational / Safety Equipment,1,No,Common operational support equipment for a yoga studio business.
E04726,B0307,Meditation Center,Fitness,Yoga,Fire extinguisher,Operational / Safety Equipment,1,Yes,Common operational support equipment for a meditation center business.
E04727,B0307,Meditation Center,Fitness,Yoga,First aid kit,Operational / Safety Equipment,1,Yes,Common operational support equipment for a meditation center business.
E04728,B0307,Meditation Center,Fitness,Yoga,Extension board,Operational / Safety Equipment,1,No,Common operational support equipment for a meditation center business.
E04729,B0307,Meditation Center,Fitness,Yoga,Surge protector,Operational / Safety Equipment,1,No,Common operational support equipment for a meditation center business.
E04730,B0308,Online Yoga Studio,Fitness,Yoga,Fire extinguisher,Operational / Safety Equipment,1,Yes,Common operational support equipment for a online yoga studio business.
E04731,B0308,Online Yoga Studio,Fitness,Yoga,First aid kit,Operational / Safety Equipment,1,Yes,Common operational support equipment for a online yoga studio business.
E04732,B0308,Online Yoga Studio,Fitness,Yoga,Extension board,Operational / Safety Equipment,1,No,Common operational support equipment for a online yoga studio business.
E04733,B0308,Online Yoga Studio,Fitness,Yoga,Surge protector,Operational / Safety Equipment,1,No,Common operational support equipment for a online yoga studio business.
E04734,B0309,Prenatal Yoga Center,Fitness,Yoga,Fire extinguisher,Operational / Safety Equipment,1,Yes,Common operational support equipment for a prenatal yoga center business.
E04735,B0309,Prenatal Yoga Center,Fitness,Yoga,First aid kit,Operational / Safety Equipment,1,Yes,Common operational support equipment for a prenatal yoga center business.
E04736,B0309,Prenatal Yoga Center,Fitness,Yoga,Extension board,Operational / Safety Equipment,1,No,Common operational support equipment for a prenatal yoga center business.
E04737,B0309,Prenatal Yoga Center,Fitness,Yoga,Surge protector,Operational / Safety Equipment,1,No,Common operational support equipment for a prenatal yoga center business.
E04738,B0310,Yoga Retreat Center,Fitness,Yoga,Fire extinguisher,Operational / Safety Equipment,1,Yes,Common operational support equipment for a yoga retreat center business.
E04739,B0310,Yoga Retreat Center,Fitness,Yoga,First aid kit,Operational / Safety Equipment,1,Yes,Common operational support equipment for a yoga retreat center business.
E04740,B0310,Yoga Retreat Center,Fitness,Yoga,Extension board,Operational / Safety Equipment,1,No,Common operational support equipment for a yoga retreat center business.
E04741,B0310,Yoga Retreat Center,Fitness,Yoga,Surge protector,Operational / Safety Equipment,1,No,Common operational support equipment for a yoga retreat center business.
E04742,B0311,Cricket Academy,Fitness,Sports Academy,Fire extinguisher,Operational / Safety Equipment,1,Yes,Common operational support equipment for a cricket academy business.
E04743,B0311,Cricket Academy,Fitness,Sports Academy,First aid kit,Operational / Safety Equipment,1,Yes,Common operational support equipment for a cricket academy business.
E04744,B0311,Cricket Academy,Fitness,Sports Academy,Extension board,Operational / Safety Equipment,1,No,Common operational support equipment for a cricket academy business.
E04745,B0311,Cricket Academy,Fitness,Sports Academy,Surge protector,Operational / Safety Equipment,1,No,Common operational support equipment for a cricket academy business.
E04746,B0312,Football Academy,Fitness,Sports Academy,Fire extinguisher,Operational / Safety Equipment,1,Yes,Common operational support equipment for a football academy business.
E04747,B0312,Football Academy,Fitness,Sports Academy,First aid kit,Operational / Safety Equipment,1,Yes,Common operational support equipment for a football academy business.
E04748,B0312,Football Academy,Fitness,Sports Academy,Extension board,Operational / Safety Equipment,1,No,Common operational support equipment for a football academy business.
E04749,B0312,Football Academy,Fitness,Sports Academy,Surge protector,Operational / Safety Equipment,1,No,Common operational support equipment for a football academy business.
E04750,B0313,Badminton Academy,Fitness,Sports Academy,Fire extinguisher,Operational / Safety Equipment,1,Yes,Common operational support equipment for a badminton academy business.
E04751,B0313,Badminton Academy,Fitness,Sports Academy,First aid kit,Operational / Safety Equipment,1,Yes,Common operational support equipment for a badminton academy business.
E04752,B0313,Badminton Academy,Fitness,Sports Academy,Extension board,Operational / Safety Equipment,1,No,Common operational support equipment for a badminton academy business.
E04753,B0313,Badminton Academy,Fitness,Sports Academy,Surge protector,Operational / Safety Equipment,1,No,Common operational support equipment for a badminton academy business.
E04754,B0314,Tennis Academy,Fitness,Sports Academy,Fire extinguisher,Operational / Safety Equipment,1,Yes,Common operational support equipment for a tennis academy business.
E04755,B0314,Tennis Academy,Fitness,Sports Academy,First aid kit,Operational / Safety Equipment,1,Yes,Common operational support equipment for a tennis academy business.
E04756,B0314,Tennis Academy,Fitness,Sports Academy,Extension board,Operational / Safety Equipment,1,No,Common operational support equipment for a tennis academy business.
E04757,B0314,Tennis Academy,Fitness,Sports Academy,Surge protector,Operational / Safety Equipment,1,No,Common operational support equipment for a tennis academy business.
E04758,B0315,Swimming Academy,Fitness,Sports Academy,Fire extinguisher,Operational / Safety Equipment,1,Yes,Common operational support equipment for a swimming academy business.
E04759,B0315,Swimming Academy,Fitness,Sports Academy,First aid kit,Operational / Safety Equipment,1,Yes,Common operational support equipment for a swimming academy business.
E04760,B0315,Swimming Academy,Fitness,Sports Academy,Extension board,Operational / Safety Equipment,1,No,Common operational support equipment for a swimming academy business.
E04761,B0315,Swimming Academy,Fitness,Sports Academy,Surge protector,Operational / Safety Equipment,1,No,Common operational support equipment for a swimming academy business.
E04762,B0316,Personal Training Studio,Fitness,Fitness Center,Fire extinguisher,Operational / Safety Equipment,1,Yes,Common operational support equipment for a personal training studio business.
E04763,B0316,Personal Training Studio,Fitness,Fitness Center,First aid kit,Operational / Safety Equipment,1,Yes,Common operational support equipment for a personal training studio business.
E04764,B0316,Personal Training Studio,Fitness,Fitness Center,Extension board,Operational / Safety Equipment,1,No,Common operational support equipment for a personal training studio business.
E04765,B0316,Personal Training Studio,Fitness,Fitness Center,Surge protector,Operational / Safety Equipment,1,No,Common operational support equipment for a personal training studio business.
E04766,B0317,Functional Fitness Center,Fitness,Fitness Center,Fire extinguisher,Operational / Safety Equipment,1,Yes,Common operational support equipment for a functional fitness center business.
E04767,B0317,Functional Fitness Center,Fitness,Fitness Center,First aid kit,Operational / Safety Equipment,1,Yes,Common operational support equipment for a functional fitness center business.
E04768,B0317,Functional Fitness Center,Fitness,Fitness Center,Extension board,Operational / Safety Equipment,1,No,Common operational support equipment for a functional fitness center business.
E04769,B0317,Functional Fitness Center,Fitness,Fitness Center,Surge protector,Operational / Safety Equipment,1,No,Common operational support equipment for a functional fitness center business.
E04770,B0318,Fitness Club,Fitness,Fitness Center,Fire extinguisher,Operational / Safety Equipment,1,Yes,Common operational support equipment for a fitness club business.
E04771,B0318,Fitness Club,Fitness,Fitness Center,First aid kit,Operational / Safety Equipment,1,Yes,Common operational support equipment for a fitness club business.
E04772,B0318,Fitness Club,Fitness,Fitness Center,Extension board,Operational / Safety Equipment,1,No,Common operational support equipment for a fitness club business.
E04773,B0318,Fitness Club,Fitness,Fitness Center,Surge protector,Operational / Safety Equipment,1,No,Common operational support equipment for a fitness club business.
E04774,B0319,Senior Fitness Center,Fitness,Fitness Center,Fire extinguisher,Operational / Safety Equipment,1,Yes,Common operational support equipment for a senior fitness center business.
E04775,B0319,Senior Fitness Center,Fitness,Fitness Center,First aid kit,Operational / Safety Equipment,1,Yes,Common operational support equipment for a senior fitness center business.
E04776,B0319,Senior Fitness Center,Fitness,Fitness Center,Extension board,Operational / Safety Equipment,1,No,Common operational support equipment for a senior fitness center business.
E04777,B0319,Senior Fitness Center,Fitness,Fitness Center,Surge protector,Operational / Safety Equipment,1,No,Common operational support equipment for a senior fitness center business.
E04778,B0320,Rehabilitation Fitness Center,Fitness,Fitness Center,Fire extinguisher,Operational / Safety Equipment,1,Yes,Common operational support equipment for a rehabilitation fitness center business.
E04779,B0320,Rehabilitation Fitness Center,Fitness,Fitness Center,First aid kit,Operational / Safety Equipment,1,Yes,Common operational support equipment for a rehabilitation fitness center business.
E04780,B0320,Rehabilitation Fitness Center,Fitness,Fitness Center,Extension board,Operational / Safety Equipment,1,No,Common operational support equipment for a rehabilitation fitness center business.
E04781,B0320,Rehabilitation Fitness Center,Fitness,Fitness Center,Surge protector,Operational / Safety Equipment,1,No,Common operational support equipment for a rehabilitation fitness center business.
E04782,B0321,Sports Equipment Store,Fitness,Sports Equipment,Fire extinguisher,Operational / Safety Equipment,1,Yes,Common operational support equipment for a sports equipment store business.
E04783,B0321,Sports Equipment Store,Fitness,Sports Equipment,First aid kit,Operational / Safety Equipment,1,Yes,Common operational support equipment for a sports equipment store business.
E04784,B0321,Sports Equipment Store,Fitness,Sports Equipment,Extension board,Operational / Safety Equipment,1,No,Common operational support equipment for a sports equipment store business.
E04785,B0321,Sports Equipment Store,Fitness,Sports Equipment,Surge protector,Operational / Safety Equipment,1,No,Common operational support equipment for a sports equipment store business.
E04786,B0322,Fitness Equipment Store,Fitness,Sports Equipment,Fire extinguisher,Operational / Safety Equipment,1,Yes,Common operational support equipment for a fitness equipment store business.
E04787,B0322,Fitness Equipment Store,Fitness,Sports Equipment,First aid kit,Operational / Safety Equipment,1,Yes,Common operational support equipment for a fitness equipment store business.
E04788,B0322,Fitness Equipment Store,Fitness,Sports Equipment,Extension board,Operational / Safety Equipment,1,No,Common operational support equipment for a fitness equipment store business.
E04789,B0322,Fitness Equipment Store,Fitness,Sports Equipment,Surge protector,Operational / Safety Equipment,1,No,Common operational support equipment for a fitness equipment store business.
E04790,B0323,Sports Gear Brand,Fitness,Sports Equipment,Fire extinguisher,Operational / Safety Equipment,1,Yes,Common operational support equipment for a sports gear brand business.
E04791,B0323,Sports Gear Brand,Fitness,Sports Equipment,First aid kit,Operational / Safety Equipment,1,Yes,Common operational support equipment for a sports gear brand business.
E04792,B0323,Sports Gear Brand,Fitness,Sports Equipment,Extension board,Operational / Safety Equipment,1,No,Common operational support equipment for a sports gear brand business.
E04793,B0323,Sports Gear Brand,Fitness,Sports Equipment,Surge protector,Operational / Safety Equipment,1,No,Common operational support equipment for a sports gear brand business.
E04794,B0324,Gym Equipment Dealer,Fitness,Sports Equipment,Fire extinguisher,Operational / Safety Equipment,1,Yes,Common operational support equipment for a gym equipment dealer business.
E04795,B0324,Gym Equipment Dealer,Fitness,Sports Equipment,First aid kit,Operational / Safety Equipment,1,Yes,Common operational support equipment for a gym equipment dealer business.
E04796,B0324,Gym Equipment Dealer,Fitness,Sports Equipment,Extension board,Operational / Safety Equipment,1,No,Common operational support equipment for a gym equipment dealer business.
E04797,B0324,Gym Equipment Dealer,Fitness,Sports Equipment,Surge protector,Operational / Safety Equipment,1,No,Common operational support equipment for a gym equipment dealer business.
E04798,B0325,Athletic Equipment Rental,Fitness,Sports Equipment,Fire extinguisher,Operational / Safety Equipment,1,Yes,Common operational support equipment for a athletic equipment rental business.
E04799,B0325,Athletic Equipment Rental,Fitness,Sports Equipment,First aid kit,Operational / Safety Equipment,1,Yes,Common operational support equipment for a athletic equipment rental business.
E04800,B0325,Athletic Equipment Rental,Fitness,Sports Equipment,Extension board,Operational / Safety Equipment,1,No,Common operational support equipment for a athletic equipment rental business.
E04801,B0325,Athletic Equipment Rental,Fitness,Sports Equipment,Surge protector,Operational / Safety Equipment,1,No,Common operational support equipment for a athletic equipment rental business.
E04802,B0326,Budget Hotel,Travel,Hotel,Fire extinguisher,Operational / Safety Equipment,1,Yes,Common operational support equipment for a budget hotel business.
E04803,B0326,Budget Hotel,Travel,Hotel,First aid kit,Operational / Safety Equipment,1,Yes,Common operational support equipment for a budget hotel business.
E04804,B0326,Budget Hotel,Travel,Hotel,Extension board,Operational / Safety Equipment,1,No,Common operational support equipment for a budget hotel business.
E04805,B0326,Budget Hotel,Travel,Hotel,Surge protector,Operational / Safety Equipment,1,No,Common operational support equipment for a budget hotel business.
E04806,B0327,Business Hotel,Travel,Hotel,Fire extinguisher,Operational / Safety Equipment,1,Yes,Common operational support equipment for a business hotel business.
E04807,B0327,Business Hotel,Travel,Hotel,First aid kit,Operational / Safety Equipment,1,Yes,Common operational support equipment for a business hotel business.
E04808,B0327,Business Hotel,Travel,Hotel,Extension board,Operational / Safety Equipment,1,No,Common operational support equipment for a business hotel business.
E04809,B0327,Business Hotel,Travel,Hotel,Surge protector,Operational / Safety Equipment,1,No,Common operational support equipment for a business hotel business.
E04810,B0328,Boutique Hotel,Travel,Hotel,Fire extinguisher,Operational / Safety Equipment,1,Yes,Common operational support equipment for a boutique hotel business.
E04811,B0328,Boutique Hotel,Travel,Hotel,First aid kit,Operational / Safety Equipment,1,Yes,Common operational support equipment for a boutique hotel business.
E04812,B0328,Boutique Hotel,Travel,Hotel,Extension board,Operational / Safety Equipment,1,No,Common operational support equipment for a boutique hotel business.
E04813,B0328,Boutique Hotel,Travel,Hotel,Surge protector,Operational / Safety Equipment,1,No,Common operational support equipment for a boutique hotel business.
E04814,B0329,Resort,Travel,Hotel,Fire extinguisher,Operational / Safety Equipment,1,Yes,Common operational support equipment for a resort business.
E04815,B0329,Resort,Travel,Hotel,First aid kit,Operational / Safety Equipment,1,Yes,Common operational support equipment for a resort business.
E04816,B0329,Resort,Travel,Hotel,Extension board,Operational / Safety Equipment,1,No,Common operational support equipment for a resort business.
E04817,B0329,Resort,Travel,Hotel,Surge protector,Operational / Safety Equipment,1,No,Common operational support equipment for a resort business.
E04818,B0330,Luxury Hotel,Travel,Hotel,Fire extinguisher,Operational / Safety Equipment,1,Yes,Common operational support equipment for a luxury hotel business.
E04819,B0330,Luxury Hotel,Travel,Hotel,First aid kit,Operational / Safety Equipment,1,Yes,Common operational support equipment for a luxury hotel business.
E04820,B0330,Luxury Hotel,Travel,Hotel,Extension board,Operational / Safety Equipment,1,No,Common operational support equipment for a luxury hotel business.
E04821,B0330,Luxury Hotel,Travel,Hotel,Surge protector,Operational / Safety Equipment,1,No,Common operational support equipment for a luxury hotel business.
E04822,B0331,Tour Operator,Travel,Tourism,Fire extinguisher,Operational / Safety Equipment,1,Yes,Common operational support equipment for a tour operator business.
E04823,B0331,Tour Operator,Travel,Tourism,First aid kit,Operational / Safety Equipment,1,Yes,Common operational support equipment for a tour operator business.
E04824,B0331,Tour Operator,Travel,Tourism,Extension board,Operational / Safety Equipment,1,No,Common operational support equipment for a tour operator business.
E04825,B0331,Tour Operator,Travel,Tourism,Surge protector,Operational / Safety Equipment,1,No,Common operational support equipment for a tour operator business.
E04826,B0332,Local Tourism Company,Travel,Tourism,Fire extinguisher,Operational / Safety Equipment,1,Yes,Common operational support equipment for a local tourism company business.
E04827,B0332,Local Tourism Company,Travel,Tourism,First aid kit,Operational / Safety Equipment,1,Yes,Common operational support equipment for a local tourism company business.
E04828,B0332,Local Tourism Company,Travel,Tourism,Extension board,Operational / Safety Equipment,1,No,Common operational support equipment for a local tourism company business.
E04829,B0332,Local Tourism Company,Travel,Tourism,Surge protector,Operational / Safety Equipment,1,No,Common operational support equipment for a local tourism company business.
E04830,B0333,Adventure Tourism Company,Travel,Tourism,Fire extinguisher,Operational / Safety Equipment,1,Yes,Common operational support equipment for a adventure tourism company business.
E04831,B0333,Adventure Tourism Company,Travel,Tourism,First aid kit,Operational / Safety Equipment,1,Yes,Common operational support equipment for a adventure tourism company business.
E04832,B0333,Adventure Tourism Company,Travel,Tourism,Extension board,Operational / Safety Equipment,1,No,Common operational support equipment for a adventure tourism company business.
E04833,B0333,Adventure Tourism Company,Travel,Tourism,Surge protector,Operational / Safety Equipment,1,No,Common operational support equipment for a adventure tourism company business.
E04834,B0334,Eco Tourism Company,Travel,Tourism,Fire extinguisher,Operational / Safety Equipment,1,Yes,Common operational support equipment for a eco tourism company business.
E04835,B0334,Eco Tourism Company,Travel,Tourism,First aid kit,Operational / Safety Equipment,1,Yes,Common operational support equipment for a eco tourism company business.
E04836,B0334,Eco Tourism Company,Travel,Tourism,Extension board,Operational / Safety Equipment,1,No,Common operational support equipment for a eco tourism company business.
E04837,B0334,Eco Tourism Company,Travel,Tourism,Surge protector,Operational / Safety Equipment,1,No,Common operational support equipment for a eco tourism company business.
E04838,B0335,Pilgrimage Tour Company,Travel,Tourism,Fire extinguisher,Operational / Safety Equipment,1,Yes,Common operational support equipment for a pilgrimage tour company business.
E04839,B0335,Pilgrimage Tour Company,Travel,Tourism,First aid kit,Operational / Safety Equipment,1,Yes,Common operational support equipment for a pilgrimage tour company business.
E04840,B0335,Pilgrimage Tour Company,Travel,Tourism,Extension board,Operational / Safety Equipment,1,No,Common operational support equipment for a pilgrimage tour company business.
E04841,B0335,Pilgrimage Tour Company,Travel,Tourism,Surge protector,Operational / Safety Equipment,1,No,Common operational support equipment for a pilgrimage tour company business.
E04842,B0336,Corporate Travel Agency,Travel,Travel Agency,Fire extinguisher,Operational / Safety Equipment,1,Yes,Common operational support equipment for a corporate travel agency business.
E04843,B0336,Corporate Travel Agency,Travel,Travel Agency,First aid kit,Operational / Safety Equipment,1,Yes,Common operational support equipment for a corporate travel agency business.
E04844,B0336,Corporate Travel Agency,Travel,Travel Agency,Extension board,Operational / Safety Equipment,1,No,Common operational support equipment for a corporate travel agency business.
E04845,B0336,Corporate Travel Agency,Travel,Travel Agency,Surge protector,Operational / Safety Equipment,1,No,Common operational support equipment for a corporate travel agency business.
E04846,B0337,Leisure Travel Agency,Travel,Travel Agency,Fire extinguisher,Operational / Safety Equipment,1,Yes,Common operational support equipment for a leisure travel agency business.
E04847,B0337,Leisure Travel Agency,Travel,Travel Agency,First aid kit,Operational / Safety Equipment,1,Yes,Common operational support equipment for a leisure travel agency business.
E04848,B0337,Leisure Travel Agency,Travel,Travel Agency,Extension board,Operational / Safety Equipment,1,No,Common operational support equipment for a leisure travel agency business.
E04849,B0337,Leisure Travel Agency,Travel,Travel Agency,Surge protector,Operational / Safety Equipment,1,No,Common operational support equipment for a leisure travel agency business.
E04850,B0338,Online Travel Agency,Travel,Travel Agency,Fire extinguisher,Operational / Safety Equipment,1,Yes,Common operational support equipment for a online travel agency business.
E04851,B0338,Online Travel Agency,Travel,Travel Agency,First aid kit,Operational / Safety Equipment,1,Yes,Common operational support equipment for a online travel agency business.
E04852,B0338,Online Travel Agency,Travel,Travel Agency,Extension board,Operational / Safety Equipment,1,No,Common operational support equipment for a online travel agency business.
E04853,B0338,Online Travel Agency,Travel,Travel Agency,Surge protector,Operational / Safety Equipment,1,No,Common operational support equipment for a online travel agency business.
E04854,B0339,Visa Consultancy,Travel,Travel Agency,Fire extinguisher,Operational / Safety Equipment,1,Yes,Common operational support equipment for a visa consultancy business.
E04855,B0339,Visa Consultancy,Travel,Travel Agency,First aid kit,Operational / Safety Equipment,1,Yes,Common operational support equipment for a visa consultancy business.
E04856,B0339,Visa Consultancy,Travel,Travel Agency,Extension board,Operational / Safety Equipment,1,No,Common operational support equipment for a visa consultancy business.
E04857,B0339,Visa Consultancy,Travel,Travel Agency,Surge protector,Operational / Safety Equipment,1,No,Common operational support equipment for a visa consultancy business.
E04858,B0340,Ticketing Agency,Travel,Travel Agency,Fire extinguisher,Operational / Safety Equipment,1,Yes,Common operational support equipment for a ticketing agency business.
E04859,B0340,Ticketing Agency,Travel,Travel Agency,First aid kit,Operational / Safety Equipment,1,Yes,Common operational support equipment for a ticketing agency business.
E04860,B0340,Ticketing Agency,Travel,Travel Agency,Extension board,Operational / Safety Equipment,1,No,Common operational support equipment for a ticketing agency business.
E04861,B0340,Ticketing Agency,Travel,Travel Agency,Surge protector,Operational / Safety Equipment,1,No,Common operational support equipment for a ticketing agency business.
E04862,B0341,Family Homestay,Travel,Homestay,Fire extinguisher,Operational / Safety Equipment,1,Yes,Common operational support equipment for a family homestay business.
E04863,B0341,Family Homestay,Travel,Homestay,First aid kit,Operational / Safety Equipment,1,Yes,Common operational support equipment for a family homestay business.
E04864,B0341,Family Homestay,Travel,Homestay,Extension board,Operational / Safety Equipment,1,No,Common operational support equipment for a family homestay business.
E04865,B0341,Family Homestay,Travel,Homestay,Surge protector,Operational / Safety Equipment,1,No,Common operational support equipment for a family homestay business.
E04866,B0342,Farm Homestay,Travel,Homestay,Fire extinguisher,Operational / Safety Equipment,1,Yes,Common operational support equipment for a farm homestay business.
E04867,B0342,Farm Homestay,Travel,Homestay,First aid kit,Operational / Safety Equipment,1,Yes,Common operational support equipment for a farm homestay business.
E04868,B0342,Farm Homestay,Travel,Homestay,Extension board,Operational / Safety Equipment,1,No,Common operational support equipment for a farm homestay business.
E04869,B0342,Farm Homestay,Travel,Homestay,Surge protector,Operational / Safety Equipment,1,No,Common operational support equipment for a farm homestay business.
E04870,B0343,Heritage Homestay,Travel,Homestay,Fire extinguisher,Operational / Safety Equipment,1,Yes,Common operational support equipment for a heritage homestay business.
E04871,B0343,Heritage Homestay,Travel,Homestay,First aid kit,Operational / Safety Equipment,1,Yes,Common operational support equipment for a heritage homestay business.
E04872,B0343,Heritage Homestay,Travel,Homestay,Extension board,Operational / Safety Equipment,1,No,Common operational support equipment for a heritage homestay business.
E04873,B0343,Heritage Homestay,Travel,Homestay,Surge protector,Operational / Safety Equipment,1,No,Common operational support equipment for a heritage homestay business.
E04874,B0344,Luxury Homestay,Travel,Homestay,Fire extinguisher,Operational / Safety Equipment,1,Yes,Common operational support equipment for a luxury homestay business.
E04875,B0344,Luxury Homestay,Travel,Homestay,First aid kit,Operational / Safety Equipment,1,Yes,Common operational support equipment for a luxury homestay business.
E04876,B0344,Luxury Homestay,Travel,Homestay,Extension board,Operational / Safety Equipment,1,No,Common operational support equipment for a luxury homestay business.
E04877,B0344,Luxury Homestay,Travel,Homestay,Surge protector,Operational / Safety Equipment,1,No,Common operational support equipment for a luxury homestay business.
E04878,B0345,Backpacker Homestay,Travel,Homestay,Fire extinguisher,Operational / Safety Equipment,1,Yes,Common operational support equipment for a backpacker homestay business.
E04879,B0345,Backpacker Homestay,Travel,Homestay,First aid kit,Operational / Safety Equipment,1,Yes,Common operational support equipment for a backpacker homestay business.
E04880,B0345,Backpacker Homestay,Travel,Homestay,Extension board,Operational / Safety Equipment,1,No,Common operational support equipment for a backpacker homestay business.
E04881,B0345,Backpacker Homestay,Travel,Homestay,Surge protector,Operational / Safety Equipment,1,No,Common operational support equipment for a backpacker homestay business.
E04882,B0346,Destination Management Company,Travel,Events & Tours,Fire extinguisher,Operational / Safety Equipment,1,Yes,Common operational support equipment for a destination management company business.
E04883,B0346,Destination Management Company,Travel,Events & Tours,First aid kit,Operational / Safety Equipment,1,Yes,Common operational support equipment for a destination management company business.
E04884,B0346,Destination Management Company,Travel,Events & Tours,Extension board,Operational / Safety Equipment,1,No,Common operational support equipment for a destination management company business.
E04885,B0346,Destination Management Company,Travel,Events & Tours,Surge protector,Operational / Safety Equipment,1,No,Common operational support equipment for a destination management company business.
E04886,B0347,Travel Experience Company,Travel,Events & Tours,Fire extinguisher,Operational / Safety Equipment,1,Yes,Common operational support equipment for a travel experience company business.
E04887,B0347,Travel Experience Company,Travel,Events & Tours,First aid kit,Operational / Safety Equipment,1,Yes,Common operational support equipment for a travel experience company business.
E04888,B0347,Travel Experience Company,Travel,Events & Tours,Extension board,Operational / Safety Equipment,1,No,Common operational support equipment for a travel experience company business.
E04889,B0347,Travel Experience Company,Travel,Events & Tours,Surge protector,Operational / Safety Equipment,1,No,Common operational support equipment for a travel experience company business.
E04890,B0348,Adventure Tour Organizer,Travel,Events & Tours,Fire extinguisher,Operational / Safety Equipment,1,Yes,Common operational support equipment for a adventure tour organizer business.
E04891,B0348,Adventure Tour Organizer,Travel,Events & Tours,First aid kit,Operational / Safety Equipment,1,Yes,Common operational support equipment for a adventure tour organizer business.
E04892,B0348,Adventure Tour Organizer,Travel,Events & Tours,Extension board,Operational / Safety Equipment,1,No,Common operational support equipment for a adventure tour organizer business.
E04893,B0348,Adventure Tour Organizer,Travel,Events & Tours,Surge protector,Operational / Safety Equipment,1,No,Common operational support equipment for a adventure tour organizer business.
E04894,B0349,Cruise Tour Agency,Travel,Events & Tours,Fire extinguisher,Operational / Safety Equipment,1,Yes,Common operational support equipment for a cruise tour agency business.
E04895,B0349,Cruise Tour Agency,Travel,Events & Tours,First aid kit,Operational / Safety Equipment,1,Yes,Common operational support equipment for a cruise tour agency business.
E04896,B0349,Cruise Tour Agency,Travel,Events & Tours,Extension board,Operational / Safety Equipment,1,No,Common operational support equipment for a cruise tour agency business.
E04897,B0349,Cruise Tour Agency,Travel,Events & Tours,Surge protector,Operational / Safety Equipment,1,No,Common operational support equipment for a cruise tour agency business.
E04898,B0350,Group Tour Organizer,Travel,Events & Tours,Fire extinguisher,Operational / Safety Equipment,1,Yes,Common operational support equipment for a group tour organizer business.
E04899,B0350,Group Tour Organizer,Travel,Events & Tours,First aid kit,Operational / Safety Equipment,1,Yes,Common operational support equipment for a group tour organizer business.
E04900,B0350,Group Tour Organizer,Travel,Events & Tours,Extension board,Operational / Safety Equipment,1,No,Common operational support equipment for a group tour organizer business.
E04901,B0350,Group Tour Organizer,Travel,Events & Tours,Surge protector,Operational / Safety Equipment,1,No,Common operational support equipment for a group tour organizer business.
E04902,B0351,Car Service Center,Automotive,Car Service,Fire extinguisher,Operational / Safety Equipment,1,Yes,Common operational support equipment for a car service center business.
E04903,B0351,Car Service Center,Automotive,Car Service,First aid kit,Operational / Safety Equipment,1,Yes,Common operational support equipment for a car service center business.
E04904,B0351,Car Service Center,Automotive,Car Service,Extension board,Operational / Safety Equipment,1,No,Common operational support equipment for a car service center business.
E04905,B0351,Car Service Center,Automotive,Car Service,Surge protector,Operational / Safety Equipment,1,No,Common operational support equipment for a car service center business.
E04906,B0352,Multi-Brand Garage,Automotive,Car Service,Fire extinguisher,Operational / Safety Equipment,1,Yes,Common operational support equipment for a multi-brand garage business.
E04907,B0352,Multi-Brand Garage,Automotive,Car Service,First aid kit,Operational / Safety Equipment,1,Yes,Common operational support equipment for a multi-brand garage business.
E04908,B0352,Multi-Brand Garage,Automotive,Car Service,Extension board,Operational / Safety Equipment,1,No,Common operational support equipment for a multi-brand garage business.
E04909,B0352,Multi-Brand Garage,Automotive,Car Service,Surge protector,Operational / Safety Equipment,1,No,Common operational support equipment for a multi-brand garage business.
E04910,B0353,Premium Car Service,Automotive,Car Service,Fire extinguisher,Operational / Safety Equipment,1,Yes,Common operational support equipment for a premium car service business.
E04911,B0353,Premium Car Service,Automotive,Car Service,First aid kit,Operational / Safety Equipment,1,Yes,Common operational support equipment for a premium car service business.
E04912,B0353,Premium Car Service,Automotive,Car Service,Extension board,Operational / Safety Equipment,1,No,Common operational support equipment for a premium car service business.
E04913,B0353,Premium Car Service,Automotive,Car Service,Surge protector,Operational / Safety Equipment,1,No,Common operational support equipment for a premium car service business.
E04914,B0354,Engine Repair Center,Automotive,Car Service,Fire extinguisher,Operational / Safety Equipment,1,Yes,Common operational support equipment for a engine repair center business.
E04915,B0354,Engine Repair Center,Automotive,Car Service,First aid kit,Operational / Safety Equipment,1,Yes,Common operational support equipment for a engine repair center business.
E04916,B0354,Engine Repair Center,Automotive,Car Service,Extension board,Operational / Safety Equipment,1,No,Common operational support equipment for a engine repair center business.
E04917,B0354,Engine Repair Center,Automotive,Car Service,Surge protector,Operational / Safety Equipment,1,No,Common operational support equipment for a engine repair center business.
E04918,B0355,Auto Electrical Workshop,Automotive,Car Service,Fire extinguisher,Operational / Safety Equipment,1,Yes,Common operational support equipment for a auto electrical workshop business.
E04919,B0355,Auto Electrical Workshop,Automotive,Car Service,First aid kit,Operational / Safety Equipment,1,Yes,Common operational support equipment for a auto electrical workshop business.
E04920,B0355,Auto Electrical Workshop,Automotive,Car Service,Extension board,Operational / Safety Equipment,1,No,Common operational support equipment for a auto electrical workshop business.
E04921,B0355,Auto Electrical Workshop,Automotive,Car Service,Surge protector,Operational / Safety Equipment,1,No,Common operational support equipment for a auto electrical workshop business.
E04922,B0356,General Garage,Automotive,Garage,Fire extinguisher,Operational / Safety Equipment,1,Yes,Common operational support equipment for a general garage business.
E04923,B0356,General Garage,Automotive,Garage,First aid kit,Operational / Safety Equipment,1,Yes,Common operational support equipment for a general garage business.
E04924,B0356,General Garage,Automotive,Garage,Extension board,Operational / Safety Equipment,1,No,Common operational support equipment for a general garage business.
E04925,B0356,General Garage,Automotive,Garage,Surge protector,Operational / Safety Equipment,1,No,Common operational support equipment for a general garage business.
E04926,B0357,Two-Wheeler Garage,Automotive,Garage,Fire extinguisher,Operational / Safety Equipment,1,Yes,Common operational support equipment for a two-wheeler garage business.
E04927,B0357,Two-Wheeler Garage,Automotive,Garage,First aid kit,Operational / Safety Equipment,1,Yes,Common operational support equipment for a two-wheeler garage business.
E04928,B0357,Two-Wheeler Garage,Automotive,Garage,Extension board,Operational / Safety Equipment,1,No,Common operational support equipment for a two-wheeler garage business.
E04929,B0357,Two-Wheeler Garage,Automotive,Garage,Surge protector,Operational / Safety Equipment,1,No,Common operational support equipment for a two-wheeler garage business.
E04930,B0358,Heavy Vehicle Garage,Automotive,Garage,Fire extinguisher,Operational / Safety Equipment,1,Yes,Common operational support equipment for a heavy vehicle garage business.
E04931,B0358,Heavy Vehicle Garage,Automotive,Garage,First aid kit,Operational / Safety Equipment,1,Yes,Common operational support equipment for a heavy vehicle garage business.
E04932,B0358,Heavy Vehicle Garage,Automotive,Garage,Extension board,Operational / Safety Equipment,1,No,Common operational support equipment for a heavy vehicle garage business.
E04933,B0358,Heavy Vehicle Garage,Automotive,Garage,Surge protector,Operational / Safety Equipment,1,No,Common operational support equipment for a heavy vehicle garage business.
E04934,B0359,EV Garage,Automotive,Garage,Fire extinguisher,Operational / Safety Equipment,1,Yes,Common operational support equipment for a ev garage business.
E04935,B0359,EV Garage,Automotive,Garage,First aid kit,Operational / Safety Equipment,1,Yes,Common operational support equipment for a ev garage business.
E04936,B0359,EV Garage,Automotive,Garage,Extension board,Operational / Safety Equipment,1,No,Common operational support equipment for a ev garage business.
E04937,B0359,EV Garage,Automotive,Garage,Surge protector,Operational / Safety Equipment,1,No,Common operational support equipment for a ev garage business.
E04938,B0360,Performance Garage,Automotive,Garage,Fire extinguisher,Operational / Safety Equipment,1,Yes,Common operational support equipment for a performance garage business.
E04939,B0360,Performance Garage,Automotive,Garage,First aid kit,Operational / Safety Equipment,1,Yes,Common operational support equipment for a performance garage business.
E04940,B0360,Performance Garage,Automotive,Garage,Extension board,Operational / Safety Equipment,1,No,Common operational support equipment for a performance garage business.
E04941,B0360,Performance Garage,Automotive,Garage,Surge protector,Operational / Safety Equipment,1,No,Common operational support equipment for a performance garage business.
E04942,B0361,Auto Parts Store,Automotive,Parts,Fire extinguisher,Operational / Safety Equipment,1,Yes,Common operational support equipment for a auto parts store business.
E04943,B0361,Auto Parts Store,Automotive,Parts,First aid kit,Operational / Safety Equipment,1,Yes,Common operational support equipment for a auto parts store business.
E04944,B0361,Auto Parts Store,Automotive,Parts,Extension board,Operational / Safety Equipment,1,No,Common operational support equipment for a auto parts store business.
E04945,B0361,Auto Parts Store,Automotive,Parts,Surge protector,Operational / Safety Equipment,1,No,Common operational support equipment for a auto parts store business.
E04946,B0362,Spare Parts Distributor,Automotive,Parts,Fire extinguisher,Operational / Safety Equipment,1,Yes,Common operational support equipment for a spare parts distributor business.
E04947,B0362,Spare Parts Distributor,Automotive,Parts,First aid kit,Operational / Safety Equipment,1,Yes,Common operational support equipment for a spare parts distributor business.
E04948,B0362,Spare Parts Distributor,Automotive,Parts,Extension board,Operational / Safety Equipment,1,No,Common operational support equipment for a spare parts distributor business.
E04949,B0362,Spare Parts Distributor,Automotive,Parts,Surge protector,Operational / Safety Equipment,1,No,Common operational support equipment for a spare parts distributor business.
E04950,B0363,EV Parts Store,Automotive,Parts,Fire extinguisher,Operational / Safety Equipment,1,Yes,Common operational support equipment for a ev parts store business.
E04951,B0363,EV Parts Store,Automotive,Parts,First aid kit,Operational / Safety Equipment,1,Yes,Common operational support equipment for a ev parts store business.
E04952,B0363,EV Parts Store,Automotive,Parts,Extension board,Operational / Safety Equipment,1,No,Common operational support equipment for a ev parts store business.
E04953,B0363,EV Parts Store,Automotive,Parts,Surge protector,Operational / Safety Equipment,1,No,Common operational support equipment for a ev parts store business.
E04954,B0364,Tyre Store,Automotive,Parts,Fire extinguisher,Operational / Safety Equipment,1,Yes,Common operational support equipment for a tyre store business.
E04955,B0364,Tyre Store,Automotive,Parts,First aid kit,Operational / Safety Equipment,1,Yes,Common operational support equipment for a tyre store business.
E04956,B0364,Tyre Store,Automotive,Parts,Extension board,Operational / Safety Equipment,1,No,Common operational support equipment for a tyre store business.
E04957,B0364,Tyre Store,Automotive,Parts,Surge protector,Operational / Safety Equipment,1,No,Common operational support equipment for a tyre store business.
E04958,B0365,Battery Store,Automotive,Parts,Fire extinguisher,Operational / Safety Equipment,1,Yes,Common operational support equipment for a battery store business.
E04959,B0365,Battery Store,Automotive,Parts,First aid kit,Operational / Safety Equipment,1,Yes,Common operational support equipment for a battery store business.
E04960,B0365,Battery Store,Automotive,Parts,Extension board,Operational / Safety Equipment,1,No,Common operational support equipment for a battery store business.
E04961,B0365,Battery Store,Automotive,Parts,Surge protector,Operational / Safety Equipment,1,No,Common operational support equipment for a battery store business.
E04962,B0366,Automatic Car Wash,Automotive,Car Wash,Fire extinguisher,Operational / Safety Equipment,1,Yes,Common operational support equipment for a automatic car wash business.
E04963,B0366,Automatic Car Wash,Automotive,Car Wash,First aid kit,Operational / Safety Equipment,1,Yes,Common operational support equipment for a automatic car wash business.
E04964,B0366,Automatic Car Wash,Automotive,Car Wash,Extension board,Operational / Safety Equipment,1,No,Common operational support equipment for a automatic car wash business.
E04965,B0366,Automatic Car Wash,Automotive,Car Wash,Surge protector,Operational / Safety Equipment,1,No,Common operational support equipment for a automatic car wash business.
E04966,B0367,Manual Car Wash,Automotive,Car Wash,Fire extinguisher,Operational / Safety Equipment,1,Yes,Common operational support equipment for a manual car wash business.
E04967,B0367,Manual Car Wash,Automotive,Car Wash,First aid kit,Operational / Safety Equipment,1,Yes,Common operational support equipment for a manual car wash business.
E04968,B0367,Manual Car Wash,Automotive,Car Wash,Extension board,Operational / Safety Equipment,1,No,Common operational support equipment for a manual car wash business.
E04969,B0367,Manual Car Wash,Automotive,Car Wash,Surge protector,Operational / Safety Equipment,1,No,Common operational support equipment for a manual car wash business.
E04970,B0368,Detailing Center,Automotive,Car Wash,Fire extinguisher,Operational / Safety Equipment,1,Yes,Common operational support equipment for a detailing center business.
E04971,B0368,Detailing Center,Automotive,Car Wash,First aid kit,Operational / Safety Equipment,1,Yes,Common operational support equipment for a detailing center business.
E04972,B0368,Detailing Center,Automotive,Car Wash,Extension board,Operational / Safety Equipment,1,No,Common operational support equipment for a detailing center business.
E04973,B0368,Detailing Center,Automotive,Car Wash,Surge protector,Operational / Safety Equipment,1,No,Common operational support equipment for a detailing center business.
E04974,B0369,Mobile Car Wash,Automotive,Car Wash,Fire extinguisher,Operational / Safety Equipment,1,Yes,Common operational support equipment for a mobile car wash business.
E04975,B0369,Mobile Car Wash,Automotive,Car Wash,First aid kit,Operational / Safety Equipment,1,Yes,Common operational support equipment for a mobile car wash business.
E04976,B0369,Mobile Car Wash,Automotive,Car Wash,Extension board,Operational / Safety Equipment,1,No,Common operational support equipment for a mobile car wash business.
E04977,B0369,Mobile Car Wash,Automotive,Car Wash,Surge protector,Operational / Safety Equipment,1,No,Common operational support equipment for a mobile car wash business.
E04978,B0370,Eco Car Wash,Automotive,Car Wash,Fire extinguisher,Operational / Safety Equipment,1,Yes,Common operational support equipment for a eco car wash business.
E04979,B0370,Eco Car Wash,Automotive,Car Wash,First aid kit,Operational / Safety Equipment,1,Yes,Common operational support equipment for a eco car wash business.
E04980,B0370,Eco Car Wash,Automotive,Car Wash,Extension board,Operational / Safety Equipment,1,No,Common operational support equipment for a eco car wash business.
E04981,B0370,Eco Car Wash,Automotive,Car Wash,Surge protector,Operational / Safety Equipment,1,No,Common operational support equipment for a eco car wash business.
E04982,B0371,EV Charging Station,Automotive,EV Charging,Fire extinguisher,Operational / Safety Equipment,1,Yes,Common operational support equipment for a ev charging station business.
E04983,B0371,EV Charging Station,Automotive,EV Charging,First aid kit,Operational / Safety Equipment,1,Yes,Common operational support equipment for a ev charging station business.
E04984,B0371,EV Charging Station,Automotive,EV Charging,Extension board,Operational / Safety Equipment,1,No,Common operational support equipment for a ev charging station business.
E04985,B0371,EV Charging Station,Automotive,EV Charging,Surge protector,Operational / Safety Equipment,1,No,Common operational support equipment for a ev charging station business.
E04986,B0372,Fast Charging Hub,Automotive,EV Charging,Fire extinguisher,Operational / Safety Equipment,1,Yes,Common operational support equipment for a fast charging hub business.
E04987,B0372,Fast Charging Hub,Automotive,EV Charging,First aid kit,Operational / Safety Equipment,1,Yes,Common operational support equipment for a fast charging hub business.
E04988,B0372,Fast Charging Hub,Automotive,EV Charging,Extension board,Operational / Safety Equipment,1,No,Common operational support equipment for a fast charging hub business.
E04989,B0372,Fast Charging Hub,Automotive,EV Charging,Surge protector,Operational / Safety Equipment,1,No,Common operational support equipment for a fast charging hub business.
E04990,B0373,Fleet Charging Center,Automotive,EV Charging,Fire extinguisher,Operational / Safety Equipment,1,Yes,Common operational support equipment for a fleet charging center business.
E04991,B0373,Fleet Charging Center,Automotive,EV Charging,First aid kit,Operational / Safety Equipment,1,Yes,Common operational support equipment for a fleet charging center business.
E04992,B0373,Fleet Charging Center,Automotive,EV Charging,Extension board,Operational / Safety Equipment,1,No,Common operational support equipment for a fleet charging center business.
E04993,B0373,Fleet Charging Center,Automotive,EV Charging,Surge protector,Operational / Safety Equipment,1,No,Common operational support equipment for a fleet charging center business.
E04994,B0374,Apartment EV Charging Service,Automotive,EV Charging,Fire extinguisher,Operational / Safety Equipment,1,Yes,Common operational support equipment for a apartment ev charging service business.
E04995,B0374,Apartment EV Charging Service,Automotive,EV Charging,First aid kit,Operational / Safety Equipment,1,Yes,Common operational support equipment for a apartment ev charging service business.
E04996,B0374,Apartment EV Charging Service,Automotive,EV Charging,Extension board,Operational / Safety Equipment,1,No,Common operational support equipment for a apartment ev charging service business.
E04997,B0374,Apartment EV Charging Service,Automotive,EV Charging,Surge protector,Operational / Safety Equipment,1,No,Common operational support equipment for a apartment ev charging service business.
E04998,B0375,Highway EV Charging Station,Automotive,EV Charging,Fire extinguisher,Operational / Safety Equipment,1,Yes,Common operational support equipment for a highway ev charging station business.
E04999,B0375,Highway EV Charging Station,Automotive,EV Charging,First aid kit,Operational / Safety Equipment,1,Yes,Common operational support equipment for a highway ev charging station business.
E05000,B0375,Highway EV Charging Station,Automotive,EV Charging,Extension board,Operational / Safety Equipment,1,No,Common operational support equipment for a highway ev charging station business.
E05001,B0375,Highway EV Charging Station,Automotive,EV Charging,Surge protector,Operational / Safety Equipment,1,No,Common operational support equipment for a highway ev charging station business.
E05002,B0376,Pet Supplies Store,Pet,Pet Store,Fire extinguisher,Operational / Safety Equipment,1,Yes,Common operational support equipment for a pet supplies store business.
E05003,B0376,Pet Supplies Store,Pet,Pet Store,First aid kit,Operational / Safety Equipment,1,Yes,Common operational support equipment for a pet supplies store business.
E05004,B0376,Pet Supplies Store,Pet,Pet Store,Extension board,Operational / Safety Equipment,1,No,Common operational support equipment for a pet supplies store business.
E05005,B0376,Pet Supplies Store,Pet,Pet Store,Surge protector,Operational / Safety Equipment,1,No,Common operational support equipment for a pet supplies store business.
E05006,B0377,Pet Food Store,Pet,Pet Store,Fire extinguisher,Operational / Safety Equipment,1,Yes,Common operational support equipment for a pet food store business.
E05007,B0377,Pet Food Store,Pet,Pet Store,First aid kit,Operational / Safety Equipment,1,Yes,Common operational support equipment for a pet food store business.
E05008,B0377,Pet Food Store,Pet,Pet Store,Extension board,Operational / Safety Equipment,1,No,Common operational support equipment for a pet food store business.
E05009,B0377,Pet Food Store,Pet,Pet Store,Surge protector,Operational / Safety Equipment,1,No,Common operational support equipment for a pet food store business.
E05010,B0378,Pet Accessories Store,Pet,Pet Store,Fire extinguisher,Operational / Safety Equipment,1,Yes,Common operational support equipment for a pet accessories store business.
E05011,B0378,Pet Accessories Store,Pet,Pet Store,First aid kit,Operational / Safety Equipment,1,Yes,Common operational support equipment for a pet accessories store business.
E05012,B0378,Pet Accessories Store,Pet,Pet Store,Extension board,Operational / Safety Equipment,1,No,Common operational support equipment for a pet accessories store business.
E05013,B0378,Pet Accessories Store,Pet,Pet Store,Surge protector,Operational / Safety Equipment,1,No,Common operational support equipment for a pet accessories store business.
E05014,B0379,Aquarium Store,Pet,Pet Store,Fire extinguisher,Operational / Safety Equipment,1,Yes,Common operational support equipment for a aquarium store business.
E05015,B0379,Aquarium Store,Pet,Pet Store,First aid kit,Operational / Safety Equipment,1,Yes,Common operational support equipment for a aquarium store business.
E05016,B0379,Aquarium Store,Pet,Pet Store,Extension board,Operational / Safety Equipment,1,No,Common operational support equipment for a aquarium store business.
E05017,B0379,Aquarium Store,Pet,Pet Store,Surge protector,Operational / Safety Equipment,1,No,Common operational support equipment for a aquarium store business.
E05018,B0380,Pet Product E-commerce,Pet,Pet Store,Fire extinguisher,Operational / Safety Equipment,1,Yes,Common operational support equipment for a pet product e-commerce business.
E05019,B0380,Pet Product E-commerce,Pet,Pet Store,First aid kit,Operational / Safety Equipment,1,Yes,Common operational support equipment for a pet product e-commerce business.
E05020,B0380,Pet Product E-commerce,Pet,Pet Store,Extension board,Operational / Safety Equipment,1,No,Common operational support equipment for a pet product e-commerce business.
E05021,B0380,Pet Product E-commerce,Pet,Pet Store,Surge protector,Operational / Safety Equipment,1,No,Common operational support equipment for a pet product e-commerce business.
E05022,B0381,Veterinary Clinic,Pet,Veterinary,Fire extinguisher,Operational / Safety Equipment,1,Yes,Common operational support equipment for a veterinary clinic business.
E05023,B0381,Veterinary Clinic,Pet,Veterinary,First aid kit,Operational / Safety Equipment,1,Yes,Common operational support equipment for a veterinary clinic business.
E05024,B0381,Veterinary Clinic,Pet,Veterinary,Extension board,Operational / Safety Equipment,1,No,Common operational support equipment for a veterinary clinic business.
E05025,B0381,Veterinary Clinic,Pet,Veterinary,Surge protector,Operational / Safety Equipment,1,No,Common operational support equipment for a veterinary clinic business.
E05026,B0382,Animal Hospital,Pet,Veterinary,Fire extinguisher,Operational / Safety Equipment,1,Yes,Common operational support equipment for a animal hospital business.
E05027,B0382,Animal Hospital,Pet,Veterinary,First aid kit,Operational / Safety Equipment,1,Yes,Common operational support equipment for a animal hospital business.
E05028,B0382,Animal Hospital,Pet,Veterinary,Extension board,Operational / Safety Equipment,1,No,Common operational support equipment for a animal hospital business.
E05029,B0382,Animal Hospital,Pet,Veterinary,Surge protector,Operational / Safety Equipment,1,No,Common operational support equipment for a animal hospital business.
E05030,B0383,Pet Vaccination Center,Pet,Veterinary,Fire extinguisher,Operational / Safety Equipment,1,Yes,Common operational support equipment for a pet vaccination center business.
E05031,B0383,Pet Vaccination Center,Pet,Veterinary,First aid kit,Operational / Safety Equipment,1,Yes,Common operational support equipment for a pet vaccination center business.
E05032,B0383,Pet Vaccination Center,Pet,Veterinary,Extension board,Operational / Safety Equipment,1,No,Common operational support equipment for a pet vaccination center business.
E05033,B0383,Pet Vaccination Center,Pet,Veterinary,Surge protector,Operational / Safety Equipment,1,No,Common operational support equipment for a pet vaccination center business.
E05034,B0384,Veterinary Diagnostics Center,Pet,Veterinary,Fire extinguisher,Operational / Safety Equipment,1,Yes,Common operational support equipment for a veterinary diagnostics center business.
E05035,B0384,Veterinary Diagnostics Center,Pet,Veterinary,First aid kit,Operational / Safety Equipment,1,Yes,Common operational support equipment for a veterinary diagnostics center business.
E05036,B0384,Veterinary Diagnostics Center,Pet,Veterinary,Extension board,Operational / Safety Equipment,1,No,Common operational support equipment for a veterinary diagnostics center business.
E05037,B0384,Veterinary Diagnostics Center,Pet,Veterinary,Surge protector,Operational / Safety Equipment,1,No,Common operational support equipment for a veterinary diagnostics center business.
E05038,B0385,Mobile Veterinary Service,Pet,Veterinary,Fire extinguisher,Operational / Safety Equipment,1,Yes,Common operational support equipment for a mobile veterinary service business.
E05039,B0385,Mobile Veterinary Service,Pet,Veterinary,First aid kit,Operational / Safety Equipment,1,Yes,Common operational support equipment for a mobile veterinary service business.
E05040,B0385,Mobile Veterinary Service,Pet,Veterinary,Extension board,Operational / Safety Equipment,1,No,Common operational support equipment for a mobile veterinary service business.
E05041,B0385,Mobile Veterinary Service,Pet,Veterinary,Surge protector,Operational / Safety Equipment,1,No,Common operational support equipment for a mobile veterinary service business.
E05042,B0386,Pet Grooming Salon,Pet,Grooming,Fire extinguisher,Operational / Safety Equipment,1,Yes,Common operational support equipment for a pet grooming salon business.
E05043,B0386,Pet Grooming Salon,Pet,Grooming,First aid kit,Operational / Safety Equipment,1,Yes,Common operational support equipment for a pet grooming salon business.
E05044,B0386,Pet Grooming Salon,Pet,Grooming,Extension board,Operational / Safety Equipment,1,No,Common operational support equipment for a pet grooming salon business.
E05045,B0386,Pet Grooming Salon,Pet,Grooming,Surge protector,Operational / Safety Equipment,1,No,Common operational support equipment for a pet grooming salon business.
E05046,B0387,Mobile Pet Grooming,Pet,Grooming,Fire extinguisher,Operational / Safety Equipment,1,Yes,Common operational support equipment for a mobile pet grooming business.
E05047,B0387,Mobile Pet Grooming,Pet,Grooming,First aid kit,Operational / Safety Equipment,1,Yes,Common operational support equipment for a mobile pet grooming business.
E05048,B0387,Mobile Pet Grooming,Pet,Grooming,Extension board,Operational / Safety Equipment,1,No,Common operational support equipment for a mobile pet grooming business.
E05049,B0387,Mobile Pet Grooming,Pet,Grooming,Surge protector,Operational / Safety Equipment,1,No,Common operational support equipment for a mobile pet grooming business.
E05050,B0388,Dog Grooming Studio,Pet,Grooming,Fire extinguisher,Operational / Safety Equipment,1,Yes,Common operational support equipment for a dog grooming studio business.
E05051,B0388,Dog Grooming Studio,Pet,Grooming,First aid kit,Operational / Safety Equipment,1,Yes,Common operational support equipment for a dog grooming studio business.
E05052,B0388,Dog Grooming Studio,Pet,Grooming,Extension board,Operational / Safety Equipment,1,No,Common operational support equipment for a dog grooming studio business.
E05053,B0388,Dog Grooming Studio,Pet,Grooming,Surge protector,Operational / Safety Equipment,1,No,Common operational support equipment for a dog grooming studio business.
E05054,B0389,Cat Grooming Studio,Pet,Grooming,Fire extinguisher,Operational / Safety Equipment,1,Yes,Common operational support equipment for a cat grooming studio business.
E05055,B0389,Cat Grooming Studio,Pet,Grooming,First aid kit,Operational / Safety Equipment,1,Yes,Common operational support equipment for a cat grooming studio business.
E05056,B0389,Cat Grooming Studio,Pet,Grooming,Extension board,Operational / Safety Equipment,1,No,Common operational support equipment for a cat grooming studio business.
E05057,B0389,Cat Grooming Studio,Pet,Grooming,Surge protector,Operational / Safety Equipment,1,No,Common operational support equipment for a cat grooming studio business.
E05058,B0390,Pet Spa,Pet,Grooming,Fire extinguisher,Operational / Safety Equipment,1,Yes,Common operational support equipment for a pet spa business.
E05059,B0390,Pet Spa,Pet,Grooming,First aid kit,Operational / Safety Equipment,1,Yes,Common operational support equipment for a pet spa business.
E05060,B0390,Pet Spa,Pet,Grooming,Extension board,Operational / Safety Equipment,1,No,Common operational support equipment for a pet spa business.
E05061,B0390,Pet Spa,Pet,Grooming,Surge protector,Operational / Safety Equipment,1,No,Common operational support equipment for a pet spa business.
E05062,B0391,Pet Food Brand,Pet,Pet Food,Fire extinguisher,Operational / Safety Equipment,1,Yes,Common operational support equipment for a pet food brand business.
E05063,B0391,Pet Food Brand,Pet,Pet Food,First aid kit,Operational / Safety Equipment,1,Yes,Common operational support equipment for a pet food brand business.
E05064,B0391,Pet Food Brand,Pet,Pet Food,Extension board,Operational / Safety Equipment,1,No,Common operational support equipment for a pet food brand business.
E05065,B0391,Pet Food Brand,Pet,Pet Food,Surge protector,Operational / Safety Equipment,1,No,Common operational support equipment for a pet food brand business.
E05066,B0392,Pet Treats Manufacturer,Pet,Pet Food,Fire extinguisher,Operational / Safety Equipment,1,Yes,Common operational support equipment for a pet treats manufacturer business.
E05067,B0392,Pet Treats Manufacturer,Pet,Pet Food,First aid kit,Operational / Safety Equipment,1,Yes,Common operational support equipment for a pet treats manufacturer business.
E05068,B0392,Pet Treats Manufacturer,Pet,Pet Food,Extension board,Operational / Safety Equipment,1,No,Common operational support equipment for a pet treats manufacturer business.
E05069,B0392,Pet Treats Manufacturer,Pet,Pet Food,Surge protector,Operational / Safety Equipment,1,No,Common operational support equipment for a pet treats manufacturer business.
E05070,B0393,Raw Pet Food Business,Pet,Pet Food,Fire extinguisher,Operational / Safety Equipment,1,Yes,Common operational support equipment for a raw pet food business business.
E05071,B0393,Raw Pet Food Business,Pet,Pet Food,First aid kit,Operational / Safety Equipment,1,Yes,Common operational support equipment for a raw pet food business business.
E05072,B0393,Raw Pet Food Business,Pet,Pet Food,Extension board,Operational / Safety Equipment,1,No,Common operational support equipment for a raw pet food business business.
E05073,B0393,Raw Pet Food Business,Pet,Pet Food,Surge protector,Operational / Safety Equipment,1,No,Common operational support equipment for a raw pet food business business.
E05074,B0394,Pet Nutrition Service,Pet,Pet Food,Fire extinguisher,Operational / Safety Equipment,1,Yes,Common operational support equipment for a pet nutrition service business.
E05075,B0394,Pet Nutrition Service,Pet,Pet Food,First aid kit,Operational / Safety Equipment,1,Yes,Common operational support equipment for a pet nutrition service business.
E05076,B0394,Pet Nutrition Service,Pet,Pet Food,Extension board,Operational / Safety Equipment,1,No,Common operational support equipment for a pet nutrition service business.
E05077,B0394,Pet Nutrition Service,Pet,Pet Food,Surge protector,Operational / Safety Equipment,1,No,Common operational support equipment for a pet nutrition service business.
E05078,B0395,Pet Food Distributor,Pet,Pet Food,Fire extinguisher,Operational / Safety Equipment,1,Yes,Common operational support equipment for a pet food distributor business.
E05079,B0395,Pet Food Distributor,Pet,Pet Food,First aid kit,Operational / Safety Equipment,1,Yes,Common operational support equipment for a pet food distributor business.
E05080,B0395,Pet Food Distributor,Pet,Pet Food,Extension board,Operational / Safety Equipment,1,No,Common operational support equipment for a pet food distributor business.
E05081,B0395,Pet Food Distributor,Pet,Pet Food,Surge protector,Operational / Safety Equipment,1,No,Common operational support equipment for a pet food distributor business.
E05082,B0396,Pet Boarding Center,Pet,Pet Boarding,Fire extinguisher,Operational / Safety Equipment,1,Yes,Common operational support equipment for a pet boarding center business.
E05083,B0396,Pet Boarding Center,Pet,Pet Boarding,First aid kit,Operational / Safety Equipment,1,Yes,Common operational support equipment for a pet boarding center business.
E05084,B0396,Pet Boarding Center,Pet,Pet Boarding,Extension board,Operational / Safety Equipment,1,No,Common operational support equipment for a pet boarding center business.
E05085,B0396,Pet Boarding Center,Pet,Pet Boarding,Surge protector,Operational / Safety Equipment,1,No,Common operational support equipment for a pet boarding center business.
E05086,B0397,Dog Daycare,Pet,Pet Boarding,Fire extinguisher,Operational / Safety Equipment,1,Yes,Common operational support equipment for a dog daycare business.
E05087,B0397,Dog Daycare,Pet,Pet Boarding,First aid kit,Operational / Safety Equipment,1,Yes,Common operational support equipment for a dog daycare business.
E05088,B0397,Dog Daycare,Pet,Pet Boarding,Extension board,Operational / Safety Equipment,1,No,Common operational support equipment for a dog daycare business.
E05089,B0397,Dog Daycare,Pet,Pet Boarding,Surge protector,Operational / Safety Equipment,1,No,Common operational support equipment for a dog daycare business.
E05090,B0398,Cat Boarding Center,Pet,Pet Boarding,Fire extinguisher,Operational / Safety Equipment,1,Yes,Common operational support equipment for a cat boarding center business.
E05091,B0398,Cat Boarding Center,Pet,Pet Boarding,First aid kit,Operational / Safety Equipment,1,Yes,Common operational support equipment for a cat boarding center business.
E05092,B0398,Cat Boarding Center,Pet,Pet Boarding,Extension board,Operational / Safety Equipment,1,No,Common operational support equipment for a cat boarding center business.
E05093,B0398,Cat Boarding Center,Pet,Pet Boarding,Surge protector,Operational / Safety Equipment,1,No,Common operational support equipment for a cat boarding center business.
E05094,B0399,Pet Resort,Pet,Pet Boarding,Fire extinguisher,Operational / Safety Equipment,1,Yes,Common operational support equipment for a pet resort business.
E05095,B0399,Pet Resort,Pet,Pet Boarding,First aid kit,Operational / Safety Equipment,1,Yes,Common operational support equipment for a pet resort business.
E05096,B0399,Pet Resort,Pet,Pet Boarding,Extension board,Operational / Safety Equipment,1,No,Common operational support equipment for a pet resort business.
E05097,B0399,Pet Resort,Pet,Pet Boarding,Surge protector,Operational / Safety Equipment,1,No,Common operational support equipment for a pet resort business.
E05098,B0400,Pet Sitting Service,Pet,Pet Boarding,Fire extinguisher,Operational / Safety Equipment,1,Yes,Common operational support equipment for a pet sitting service business.
E05099,B0400,Pet Sitting Service,Pet,Pet Boarding,First aid kit,Operational / Safety Equipment,1,Yes,Common operational support equipment for a pet sitting service business.
E05100,B0400,Pet Sitting Service,Pet,Pet Boarding,Extension board,Operational / Safety Equipment,1,No,Common operational support equipment for a pet sitting service business.
E05101,B0400,Pet Sitting Service,Pet,Pet Boarding,Surge protector,Operational / Safety Equipment,1,No,Common operational support equipment for a pet sitting service business.
E05102,B0401,Business Consulting Firm,Professional Services,Consulting,Fire extinguisher,Operational / Safety Equipment,1,Yes,Common operational support equipment for a business consulting firm business.
E05103,B0401,Business Consulting Firm,Professional Services,Consulting,First aid kit,Operational / Safety Equipment,1,Yes,Common operational support equipment for a business consulting firm business.
E05104,B0401,Business Consulting Firm,Professional Services,Consulting,Extension board,Operational / Safety Equipment,1,No,Common operational support equipment for a business consulting firm business.
E05105,B0401,Business Consulting Firm,Professional Services,Consulting,Surge protector,Operational / Safety Equipment,1,No,Common operational support equipment for a business consulting firm business.
E05106,B0402,IT Consulting Firm,Professional Services,Consulting,Fire extinguisher,Operational / Safety Equipment,1,Yes,Common operational support equipment for a it consulting firm business.
E05107,B0402,IT Consulting Firm,Professional Services,Consulting,First aid kit,Operational / Safety Equipment,1,Yes,Common operational support equipment for a it consulting firm business.
E05108,B0402,IT Consulting Firm,Professional Services,Consulting,Extension board,Operational / Safety Equipment,1,No,Common operational support equipment for a it consulting firm business.
E05109,B0402,IT Consulting Firm,Professional Services,Consulting,Surge protector,Operational / Safety Equipment,1,No,Common operational support equipment for a it consulting firm business.
E05110,B0403,Management Consulting Firm,Professional Services,Consulting,Fire extinguisher,Operational / Safety Equipment,1,Yes,Common operational support equipment for a management consulting firm business.
E05111,B0403,Management Consulting Firm,Professional Services,Consulting,First aid kit,Operational / Safety Equipment,1,Yes,Common operational support equipment for a management consulting firm business.
E05112,B0403,Management Consulting Firm,Professional Services,Consulting,Extension board,Operational / Safety Equipment,1,No,Common operational support equipment for a management consulting firm business.
E05113,B0403,Management Consulting Firm,Professional Services,Consulting,Surge protector,Operational / Safety Equipment,1,No,Common operational support equipment for a management consulting firm business.
E05114,B0404,Strategy Consulting Firm,Professional Services,Consulting,Fire extinguisher,Operational / Safety Equipment,1,Yes,Common operational support equipment for a strategy consulting firm business.
E05115,B0404,Strategy Consulting Firm,Professional Services,Consulting,First aid kit,Operational / Safety Equipment,1,Yes,Common operational support equipment for a strategy consulting firm business.
E05116,B0404,Strategy Consulting Firm,Professional Services,Consulting,Extension board,Operational / Safety Equipment,1,No,Common operational support equipment for a strategy consulting firm business.
E05117,B0404,Strategy Consulting Firm,Professional Services,Consulting,Surge protector,Operational / Safety Equipment,1,No,Common operational support equipment for a strategy consulting firm business.
E05118,B0405,Operations Consulting Firm,Professional Services,Consulting,Fire extinguisher,Operational / Safety Equipment,1,Yes,Common operational support equipment for a operations consulting firm business.
E05119,B0405,Operations Consulting Firm,Professional Services,Consulting,First aid kit,Operational / Safety Equipment,1,Yes,Common operational support equipment for a operations consulting firm business.
E05120,B0405,Operations Consulting Firm,Professional Services,Consulting,Extension board,Operational / Safety Equipment,1,No,Common operational support equipment for a operations consulting firm business.
E05121,B0405,Operations Consulting Firm,Professional Services,Consulting,Surge protector,Operational / Safety Equipment,1,No,Common operational support equipment for a operations consulting firm business.
E05122,B0406,Law Firm,Professional Services,Legal,Fire extinguisher,Operational / Safety Equipment,1,Yes,Common operational support equipment for a law firm business.
E05123,B0406,Law Firm,Professional Services,Legal,First aid kit,Operational / Safety Equipment,1,Yes,Common operational support equipment for a law firm business.
E05124,B0406,Law Firm,Professional Services,Legal,Extension board,Operational / Safety Equipment,1,No,Common operational support equipment for a law firm business.
E05125,B0406,Law Firm,Professional Services,Legal,Surge protector,Operational / Safety Equipment,1,No,Common operational support equipment for a law firm business.
E05126,B0407,Legal Consultancy,Professional Services,Legal,Fire extinguisher,Operational / Safety Equipment,1,Yes,Common operational support equipment for a legal consultancy business.
E05127,B0407,Legal Consultancy,Professional Services,Legal,First aid kit,Operational / Safety Equipment,1,Yes,Common operational support equipment for a legal consultancy business.
E05128,B0407,Legal Consultancy,Professional Services,Legal,Extension board,Operational / Safety Equipment,1,No,Common operational support equipment for a legal consultancy business.
E05129,B0407,Legal Consultancy,Professional Services,Legal,Surge protector,Operational / Safety Equipment,1,No,Common operational support equipment for a legal consultancy business.
E05130,B0408,Corporate Legal Service,Professional Services,Legal,Fire extinguisher,Operational / Safety Equipment,1,Yes,Common operational support equipment for a corporate legal service business.
E05131,B0408,Corporate Legal Service,Professional Services,Legal,First aid kit,Operational / Safety Equipment,1,Yes,Common operational support equipment for a corporate legal service business.
E05132,B0408,Corporate Legal Service,Professional Services,Legal,Extension board,Operational / Safety Equipment,1,No,Common operational support equipment for a corporate legal service business.
E05133,B0408,Corporate Legal Service,Professional Services,Legal,Surge protector,Operational / Safety Equipment,1,No,Common operational support equipment for a corporate legal service business.
E05134,B0409,Property Legal Consultancy,Professional Services,Legal,Fire extinguisher,Operational / Safety Equipment,1,Yes,Common operational support equipment for a property legal consultancy business.
E05135,B0409,Property Legal Consultancy,Professional Services,Legal,First aid kit,Operational / Safety Equipment,1,Yes,Common operational support equipment for a property legal consultancy business.
E05136,B0409,Property Legal Consultancy,Professional Services,Legal,Extension board,Operational / Safety Equipment,1,No,Common operational support equipment for a property legal consultancy business.
E05137,B0409,Property Legal Consultancy,Professional Services,Legal,Surge protector,Operational / Safety Equipment,1,No,Common operational support equipment for a property legal consultancy business.
E05138,B0410,Legal Documentation Service,Professional Services,Legal,Fire extinguisher,Operational / Safety Equipment,1,Yes,Common operational support equipment for a legal documentation service business.
E05139,B0410,Legal Documentation Service,Professional Services,Legal,First aid kit,Operational / Safety Equipment,1,Yes,Common operational support equipment for a legal documentation service business.
E05140,B0410,Legal Documentation Service,Professional Services,Legal,Extension board,Operational / Safety Equipment,1,No,Common operational support equipment for a legal documentation service business.
E05141,B0410,Legal Documentation Service,Professional Services,Legal,Surge protector,Operational / Safety Equipment,1,No,Common operational support equipment for a legal documentation service business.
E05142,B0411,HR Consultancy,Professional Services,HR,Fire extinguisher,Operational / Safety Equipment,1,Yes,Common operational support equipment for a hr consultancy business.
E05143,B0411,HR Consultancy,Professional Services,HR,First aid kit,Operational / Safety Equipment,1,Yes,Common operational support equipment for a hr consultancy business.
E05144,B0411,HR Consultancy,Professional Services,HR,Extension board,Operational / Safety Equipment,1,No,Common operational support equipment for a hr consultancy business.
E05145,B0411,HR Consultancy,Professional Services,HR,Surge protector,Operational / Safety Equipment,1,No,Common operational support equipment for a hr consultancy business.
E05146,B0412,Recruitment Agency,Professional Services,HR,Fire extinguisher,Operational / Safety Equipment,1,Yes,Common operational support equipment for a recruitment agency business.
E05147,B0412,Recruitment Agency,Professional Services,HR,First aid kit,Operational / Safety Equipment,1,Yes,Common operational support equipment for a recruitment agency business.
E05148,B0412,Recruitment Agency,Professional Services,HR,Extension board,Operational / Safety Equipment,1,No,Common operational support equipment for a recruitment agency business.
E05149,B0412,Recruitment Agency,Professional Services,HR,Surge protector,Operational / Safety Equipment,1,No,Common operational support equipment for a recruitment agency business.
E05150,B0413,Payroll Consultancy,Professional Services,HR,Fire extinguisher,Operational / Safety Equipment,1,Yes,Common operational support equipment for a payroll consultancy business.
E05151,B0413,Payroll Consultancy,Professional Services,HR,First aid kit,Operational / Safety Equipment,1,Yes,Common operational support equipment for a payroll consultancy business.
E05152,B0413,Payroll Consultancy,Professional Services,HR,Extension board,Operational / Safety Equipment,1,No,Common operational support equipment for a payroll consultancy business.
E05153,B0413,Payroll Consultancy,Professional Services,HR,Surge protector,Operational / Safety Equipment,1,No,Common operational support equipment for a payroll consultancy business.
E05154,B0414,Talent Management Firm,Professional Services,HR,Fire extinguisher,Operational / Safety Equipment,1,Yes,Common operational support equipment for a talent management firm business.
E05155,B0414,Talent Management Firm,Professional Services,HR,First aid kit,Operational / Safety Equipment,1,Yes,Common operational support equipment for a talent management firm business.
E05156,B0414,Talent Management Firm,Professional Services,HR,Extension board,Operational / Safety Equipment,1,No,Common operational support equipment for a talent management firm business.
E05157,B0414,Talent Management Firm,Professional Services,HR,Surge protector,Operational / Safety Equipment,1,No,Common operational support equipment for a talent management firm business.
E05158,B0415,HR Technology Service,Professional Services,HR,Fire extinguisher,Operational / Safety Equipment,1,Yes,Common operational support equipment for a hr technology service business.
E05159,B0415,HR Technology Service,Professional Services,HR,First aid kit,Operational / Safety Equipment,1,Yes,Common operational support equipment for a hr technology service business.
E05160,B0415,HR Technology Service,Professional Services,HR,Extension board,Operational / Safety Equipment,1,No,Common operational support equipment for a hr technology service business.
E05161,B0415,HR Technology Service,Professional Services,HR,Surge protector,Operational / Safety Equipment,1,No,Common operational support equipment for a hr technology service business.
E05162,B0416,Digital Marketing Agency,Professional Services,Marketing,Fire extinguisher,Operational / Safety Equipment,1,Yes,Common operational support equipment for a digital marketing agency business.
E05163,B0416,Digital Marketing Agency,Professional Services,Marketing,First aid kit,Operational / Safety Equipment,1,Yes,Common operational support equipment for a digital marketing agency business.
E05164,B0416,Digital Marketing Agency,Professional Services,Marketing,Extension board,Operational / Safety Equipment,1,No,Common operational support equipment for a digital marketing agency business.
E05165,B0416,Digital Marketing Agency,Professional Services,Marketing,Surge protector,Operational / Safety Equipment,1,No,Common operational support equipment for a digital marketing agency business.
E05166,B0417,Branding Agency,Professional Services,Marketing,Fire extinguisher,Operational / Safety Equipment,1,Yes,Common operational support equipment for a branding agency business.
E05167,B0417,Branding Agency,Professional Services,Marketing,First aid kit,Operational / Safety Equipment,1,Yes,Common operational support equipment for a branding agency business.
E05168,B0417,Branding Agency,Professional Services,Marketing,Extension board,Operational / Safety Equipment,1,No,Common operational support equipment for a branding agency business.
E05169,B0417,Branding Agency,Professional Services,Marketing,Surge protector,Operational / Safety Equipment,1,No,Common operational support equipment for a branding agency business.
E05170,B0418,Social Media Agency,Professional Services,Marketing,Fire extinguisher,Operational / Safety Equipment,1,Yes,Common operational support equipment for a social media agency business.
E05171,B0418,Social Media Agency,Professional Services,Marketing,First aid kit,Operational / Safety Equipment,1,Yes,Common operational support equipment for a social media agency business.
E05172,B0418,Social Media Agency,Professional Services,Marketing,Extension board,Operational / Safety Equipment,1,No,Common operational support equipment for a social media agency business.
E05173,B0418,Social Media Agency,Professional Services,Marketing,Surge protector,Operational / Safety Equipment,1,No,Common operational support equipment for a social media agency business.
E05174,B0419,SEO Agency,Professional Services,Marketing,Fire extinguisher,Operational / Safety Equipment,1,Yes,Common operational support equipment for a seo agency business.
E05175,B0419,SEO Agency,Professional Services,Marketing,First aid kit,Operational / Safety Equipment,1,Yes,Common operational support equipment for a seo agency business.
E05176,B0419,SEO Agency,Professional Services,Marketing,Extension board,Operational / Safety Equipment,1,No,Common operational support equipment for a seo agency business.
E05177,B0419,SEO Agency,Professional Services,Marketing,Surge protector,Operational / Safety Equipment,1,No,Common operational support equipment for a seo agency business.
E05178,B0420,Content Marketing Agency,Professional Services,Marketing,Fire extinguisher,Operational / Safety Equipment,1,Yes,Common operational support equipment for a content marketing agency business.
E05179,B0420,Content Marketing Agency,Professional Services,Marketing,First aid kit,Operational / Safety Equipment,1,Yes,Common operational support equipment for a content marketing agency business.
E05180,B0420,Content Marketing Agency,Professional Services,Marketing,Extension board,Operational / Safety Equipment,1,No,Common operational support equipment for a content marketing agency business.
E05181,B0420,Content Marketing Agency,Professional Services,Marketing,Surge protector,Operational / Safety Equipment,1,No,Common operational support equipment for a content marketing agency business.
E05182,B0421,Accounting Consultancy,Professional Services,Accounting,Fire extinguisher,Operational / Safety Equipment,1,Yes,Common operational support equipment for a accounting consultancy business.
E05183,B0421,Accounting Consultancy,Professional Services,Accounting,First aid kit,Operational / Safety Equipment,1,Yes,Common operational support equipment for a accounting consultancy business.
E05184,B0421,Accounting Consultancy,Professional Services,Accounting,Extension board,Operational / Safety Equipment,1,No,Common operational support equipment for a accounting consultancy business.
E05185,B0421,Accounting Consultancy,Professional Services,Accounting,Surge protector,Operational / Safety Equipment,1,No,Common operational support equipment for a accounting consultancy business.
E05186,B0422,Tax Filing Service,Professional Services,Accounting,Fire extinguisher,Operational / Safety Equipment,1,Yes,Common operational support equipment for a tax filing service business.
E05187,B0422,Tax Filing Service,Professional Services,Accounting,First aid kit,Operational / Safety Equipment,1,Yes,Common operational support equipment for a tax filing service business.
E05188,B0422,Tax Filing Service,Professional Services,Accounting,Extension board,Operational / Safety Equipment,1,No,Common operational support equipment for a tax filing service business.
E05189,B0422,Tax Filing Service,Professional Services,Accounting,Surge protector,Operational / Safety Equipment,1,No,Common operational support equipment for a tax filing service business.
E05190,B0423,Bookkeeping Firm,Professional Services,Accounting,Fire extinguisher,Operational / Safety Equipment,1,Yes,Common operational support equipment for a bookkeeping firm business.
E05191,B0423,Bookkeeping Firm,Professional Services,Accounting,First aid kit,Operational / Safety Equipment,1,Yes,Common operational support equipment for a bookkeeping firm business.
E05192,B0423,Bookkeeping Firm,Professional Services,Accounting,Extension board,Operational / Safety Equipment,1,No,Common operational support equipment for a bookkeeping firm business.
E05193,B0423,Bookkeeping Firm,Professional Services,Accounting,Surge protector,Operational / Safety Equipment,1,No,Common operational support equipment for a bookkeeping firm business.
E05194,B0424,Financial Reporting Service,Professional Services,Accounting,Fire extinguisher,Operational / Safety Equipment,1,Yes,Common operational support equipment for a financial reporting service business.
E05195,B0424,Financial Reporting Service,Professional Services,Accounting,First aid kit,Operational / Safety Equipment,1,Yes,Common operational support equipment for a financial reporting service business.
E05196,B0424,Financial Reporting Service,Professional Services,Accounting,Extension board,Operational / Safety Equipment,1,No,Common operational support equipment for a financial reporting service business.
E05197,B0424,Financial Reporting Service,Professional Services,Accounting,Surge protector,Operational / Safety Equipment,1,No,Common operational support equipment for a financial reporting service business.
E05198,B0425,CFO Advisory Service,Professional Services,Accounting,Fire extinguisher,Operational / Safety Equipment,1,Yes,Common operational support equipment for a cfo advisory service business.
E05199,B0425,CFO Advisory Service,Professional Services,Accounting,First aid kit,Operational / Safety Equipment,1,Yes,Common operational support equipment for a cfo advisory service business.
E05200,B0425,CFO Advisory Service,Professional Services,Accounting,Extension board,Operational / Safety Equipment,1,No,Common operational support equipment for a cfo advisory service business.
E05201,B0425,CFO Advisory Service,Professional Services,Accounting,Surge protector,Operational / Safety Equipment,1,No,Common operational support equipment for a cfo advisory service business.
E05202,B0426,Gaming Cafe,Entertainment,Gaming,Fire extinguisher,Operational / Safety Equipment,1,Yes,Common operational support equipment for a gaming cafe business.
E05203,B0426,Gaming Cafe,Entertainment,Gaming,First aid kit,Operational / Safety Equipment,1,Yes,Common operational support equipment for a gaming cafe business.
E05204,B0426,Gaming Cafe,Entertainment,Gaming,Extension board,Operational / Safety Equipment,1,No,Common operational support equipment for a gaming cafe business.
E05205,B0426,Gaming Cafe,Entertainment,Gaming,Surge protector,Operational / Safety Equipment,1,No,Common operational support equipment for a gaming cafe business.
E05206,B0427,Esports Center,Entertainment,Gaming,Fire extinguisher,Operational / Safety Equipment,1,Yes,Common operational support equipment for a esports center business.
E05207,B0427,Esports Center,Entertainment,Gaming,First aid kit,Operational / Safety Equipment,1,Yes,Common operational support equipment for a esports center business.
E05208,B0427,Esports Center,Entertainment,Gaming,Extension board,Operational / Safety Equipment,1,No,Common operational support equipment for a esports center business.
E05209,B0427,Esports Center,Entertainment,Gaming,Surge protector,Operational / Safety Equipment,1,No,Common operational support equipment for a esports center business.
E05210,B0428,Game Development Studio,Entertainment,Gaming,Fire extinguisher,Operational / Safety Equipment,1,Yes,Common operational support equipment for a game development studio business.
E05211,B0428,Game Development Studio,Entertainment,Gaming,First aid kit,Operational / Safety Equipment,1,Yes,Common operational support equipment for a game development studio business.
E05212,B0428,Game Development Studio,Entertainment,Gaming,Extension board,Operational / Safety Equipment,1,No,Common operational support equipment for a game development studio business.
E05213,B0428,Game Development Studio,Entertainment,Gaming,Surge protector,Operational / Safety Equipment,1,No,Common operational support equipment for a game development studio business.
E05214,B0429,VR Gaming Center,Entertainment,Gaming,Fire extinguisher,Operational / Safety Equipment,1,Yes,Common operational support equipment for a vr gaming center business.
E05215,B0429,VR Gaming Center,Entertainment,Gaming,First aid kit,Operational / Safety Equipment,1,Yes,Common operational support equipment for a vr gaming center business.
E05216,B0429,VR Gaming Center,Entertainment,Gaming,Extension board,Operational / Safety Equipment,1,No,Common operational support equipment for a vr gaming center business.
E05217,B0429,VR Gaming Center,Entertainment,Gaming,Surge protector,Operational / Safety Equipment,1,No,Common operational support equipment for a vr gaming center business.
E05218,B0430,Console Gaming Lounge,Entertainment,Gaming,Fire extinguisher,Operational / Safety Equipment,1,Yes,Common operational support equipment for a console gaming lounge business.
E05219,B0430,Console Gaming Lounge,Entertainment,Gaming,First aid kit,Operational / Safety Equipment,1,Yes,Common operational support equipment for a console gaming lounge business.
E05220,B0430,Console Gaming Lounge,Entertainment,Gaming,Extension board,Operational / Safety Equipment,1,No,Common operational support equipment for a console gaming lounge business.
E05221,B0430,Console Gaming Lounge,Entertainment,Gaming,Surge protector,Operational / Safety Equipment,1,No,Common operational support equipment for a console gaming lounge business.
E05222,B0431,Event Management Company,Entertainment,Events,Fire extinguisher,Operational / Safety Equipment,1,Yes,Common operational support equipment for a event management company business.
E05223,B0431,Event Management Company,Entertainment,Events,First aid kit,Operational / Safety Equipment,1,Yes,Common operational support equipment for a event management company business.
E05224,B0431,Event Management Company,Entertainment,Events,Extension board,Operational / Safety Equipment,1,No,Common operational support equipment for a event management company business.
E05225,B0431,Event Management Company,Entertainment,Events,Surge protector,Operational / Safety Equipment,1,No,Common operational support equipment for a event management company business.
E05226,B0432,Wedding Event Company,Entertainment,Events,Fire extinguisher,Operational / Safety Equipment,1,Yes,Common operational support equipment for a wedding event company business.
E05227,B0432,Wedding Event Company,Entertainment,Events,First aid kit,Operational / Safety Equipment,1,Yes,Common operational support equipment for a wedding event company business.
E05228,B0432,Wedding Event Company,Entertainment,Events,Extension board,Operational / Safety Equipment,1,No,Common operational support equipment for a wedding event company business.
E05229,B0432,Wedding Event Company,Entertainment,Events,Surge protector,Operational / Safety Equipment,1,No,Common operational support equipment for a wedding event company business.
E05230,B0433,Corporate Events Company,Entertainment,Events,Fire extinguisher,Operational / Safety Equipment,1,Yes,Common operational support equipment for a corporate events company business.
E05231,B0433,Corporate Events Company,Entertainment,Events,First aid kit,Operational / Safety Equipment,1,Yes,Common operational support equipment for a corporate events company business.
E05232,B0433,Corporate Events Company,Entertainment,Events,Extension board,Operational / Safety Equipment,1,No,Common operational support equipment for a corporate events company business.
E05233,B0433,Corporate Events Company,Entertainment,Events,Surge protector,Operational / Safety Equipment,1,No,Common operational support equipment for a corporate events company business.
E05234,B0434,Exhibition Organizer,Entertainment,Events,Fire extinguisher,Operational / Safety Equipment,1,Yes,Common operational support equipment for a exhibition organizer business.
E05235,B0434,Exhibition Organizer,Entertainment,Events,First aid kit,Operational / Safety Equipment,1,Yes,Common operational support equipment for a exhibition organizer business.
E05236,B0434,Exhibition Organizer,Entertainment,Events,Extension board,Operational / Safety Equipment,1,No,Common operational support equipment for a exhibition organizer business.
E05237,B0434,Exhibition Organizer,Entertainment,Events,Surge protector,Operational / Safety Equipment,1,No,Common operational support equipment for a exhibition organizer business.
E05238,B0435,Party Planning Company,Entertainment,Events,Fire extinguisher,Operational / Safety Equipment,1,Yes,Common operational support equipment for a party planning company business.
E05239,B0435,Party Planning Company,Entertainment,Events,First aid kit,Operational / Safety Equipment,1,Yes,Common operational support equipment for a party planning company business.
E05240,B0435,Party Planning Company,Entertainment,Events,Extension board,Operational / Safety Equipment,1,No,Common operational support equipment for a party planning company business.
E05241,B0435,Party Planning Company,Entertainment,Events,Surge protector,Operational / Safety Equipment,1,No,Common operational support equipment for a party planning company business.
E05242,B0436,Media Production House,Entertainment,Media,Fire extinguisher,Operational / Safety Equipment,1,Yes,Common operational support equipment for a media production house business.
E05243,B0436,Media Production House,Entertainment,Media,First aid kit,Operational / Safety Equipment,1,Yes,Common operational support equipment for a media production house business.
E05244,B0436,Media Production House,Entertainment,Media,Extension board,Operational / Safety Equipment,1,No,Common operational support equipment for a media production house business.
E05245,B0436,Media Production House,Entertainment,Media,Surge protector,Operational / Safety Equipment,1,No,Common operational support equipment for a media production house business.
E05246,B0437,Digital Media Company,Entertainment,Media,Fire extinguisher,Operational / Safety Equipment,1,Yes,Common operational support equipment for a digital media company business.
E05247,B0437,Digital Media Company,Entertainment,Media,First aid kit,Operational / Safety Equipment,1,Yes,Common operational support equipment for a digital media company business.
E05248,B0437,Digital Media Company,Entertainment,Media,Extension board,Operational / Safety Equipment,1,No,Common operational support equipment for a digital media company business.
E05249,B0437,Digital Media Company,Entertainment,Media,Surge protector,Operational / Safety Equipment,1,No,Common operational support equipment for a digital media company business.
E05250,B0438,Podcast Studio,Entertainment,Media,Fire extinguisher,Operational / Safety Equipment,1,Yes,Common operational support equipment for a podcast studio business.
E05251,B0438,Podcast Studio,Entertainment,Media,First aid kit,Operational / Safety Equipment,1,Yes,Common operational support equipment for a podcast studio business.
E05252,B0438,Podcast Studio,Entertainment,Media,Extension board,Operational / Safety Equipment,1,No,Common operational support equipment for a podcast studio business.
E05253,B0438,Podcast Studio,Entertainment,Media,Surge protector,Operational / Safety Equipment,1,No,Common operational support equipment for a podcast studio business.
E05254,B0439,News Media Startup,Entertainment,Media,Fire extinguisher,Operational / Safety Equipment,1,Yes,Common operational support equipment for a news media startup business.
E05255,B0439,News Media Startup,Entertainment,Media,First aid kit,Operational / Safety Equipment,1,Yes,Common operational support equipment for a news media startup business.
E05256,B0439,News Media Startup,Entertainment,Media,Extension board,Operational / Safety Equipment,1,No,Common operational support equipment for a news media startup business.
E05257,B0439,News Media Startup,Entertainment,Media,Surge protector,Operational / Safety Equipment,1,No,Common operational support equipment for a news media startup business.
E05258,B0440,Content Studio,Entertainment,Media,Fire extinguisher,Operational / Safety Equipment,1,Yes,Common operational support equipment for a content studio business.
E05259,B0440,Content Studio,Entertainment,Media,First aid kit,Operational / Safety Equipment,1,Yes,Common operational support equipment for a content studio business.
E05260,B0440,Content Studio,Entertainment,Media,Extension board,Operational / Safety Equipment,1,No,Common operational support equipment for a content studio business.
E05261,B0440,Content Studio,Entertainment,Media,Surge protector,Operational / Safety Equipment,1,No,Common operational support equipment for a content studio business.
E05262,B0441,Music Production Studio,Entertainment,Music,Fire extinguisher,Operational / Safety Equipment,1,Yes,Common operational support equipment for a music production studio business.
E05263,B0441,Music Production Studio,Entertainment,Music,First aid kit,Operational / Safety Equipment,1,Yes,Common operational support equipment for a music production studio business.
E05264,B0441,Music Production Studio,Entertainment,Music,Extension board,Operational / Safety Equipment,1,No,Common operational support equipment for a music production studio business.
E05265,B0441,Music Production Studio,Entertainment,Music,Surge protector,Operational / Safety Equipment,1,No,Common operational support equipment for a music production studio business.
E05266,B0442,Recording Studio,Entertainment,Music,Fire extinguisher,Operational / Safety Equipment,1,Yes,Common operational support equipment for a recording studio business.
E05267,B0442,Recording Studio,Entertainment,Music,First aid kit,Operational / Safety Equipment,1,Yes,Common operational support equipment for a recording studio business.
E05268,B0442,Recording Studio,Entertainment,Music,Extension board,Operational / Safety Equipment,1,No,Common operational support equipment for a recording studio business.
E05269,B0442,Recording Studio,Entertainment,Music,Surge protector,Operational / Safety Equipment,1,No,Common operational support equipment for a recording studio business.
E05270,B0443,Music Academy,Entertainment,Music,Fire extinguisher,Operational / Safety Equipment,1,Yes,Common operational support equipment for a music academy business.
E05271,B0443,Music Academy,Entertainment,Music,First aid kit,Operational / Safety Equipment,1,Yes,Common operational support equipment for a music academy business.
E05272,B0443,Music Academy,Entertainment,Music,Extension board,Operational / Safety Equipment,1,No,Common operational support equipment for a music academy business.
E05273,B0443,Music Academy,Entertainment,Music,Surge protector,Operational / Safety Equipment,1,No,Common operational support equipment for a music academy business.
E05274,B0444,Live Music Company,Entertainment,Music,Fire extinguisher,Operational / Safety Equipment,1,Yes,Common operational support equipment for a live music company business.
E05275,B0444,Live Music Company,Entertainment,Music,First aid kit,Operational / Safety Equipment,1,Yes,Common operational support equipment for a live music company business.
E05276,B0444,Live Music Company,Entertainment,Music,Extension board,Operational / Safety Equipment,1,No,Common operational support equipment for a live music company business.
E05277,B0444,Live Music Company,Entertainment,Music,Surge protector,Operational / Safety Equipment,1,No,Common operational support equipment for a live music company business.
E05278,B0445,Audio Post-Production Studio,Entertainment,Music,Fire extinguisher,Operational / Safety Equipment,1,Yes,Common operational support equipment for a audio post-production studio business.
E05279,B0445,Audio Post-Production Studio,Entertainment,Music,First aid kit,Operational / Safety Equipment,1,Yes,Common operational support equipment for a audio post-production studio business.
E05280,B0445,Audio Post-Production Studio,Entertainment,Music,Extension board,Operational / Safety Equipment,1,No,Common operational support equipment for a audio post-production studio business.
E05281,B0445,Audio Post-Production Studio,Entertainment,Music,Surge protector,Operational / Safety Equipment,1,No,Common operational support equipment for a audio post-production studio business.
E05282,B0446,Film Production Company,Entertainment,Production,Fire extinguisher,Operational / Safety Equipment,1,Yes,Common operational support equipment for a film production company business.
E05283,B0446,Film Production Company,Entertainment,Production,First aid kit,Operational / Safety Equipment,1,Yes,Common operational support equipment for a film production company business.
E05284,B0446,Film Production Company,Entertainment,Production,Extension board,Operational / Safety Equipment,1,No,Common operational support equipment for a film production company business.
E05285,B0446,Film Production Company,Entertainment,Production,Surge protector,Operational / Safety Equipment,1,No,Common operational support equipment for a film production company business.
E05286,B0447,Video Production Studio,Entertainment,Production,Fire extinguisher,Operational / Safety Equipment,1,Yes,Common operational support equipment for a video production studio business.
E05287,B0447,Video Production Studio,Entertainment,Production,First aid kit,Operational / Safety Equipment,1,Yes,Common operational support equipment for a video production studio business.
E05288,B0447,Video Production Studio,Entertainment,Production,Extension board,Operational / Safety Equipment,1,No,Common operational support equipment for a video production studio business.
E05289,B0447,Video Production Studio,Entertainment,Production,Surge protector,Operational / Safety Equipment,1,No,Common operational support equipment for a video production studio business.
E05290,B0448,Animation Studio,Entertainment,Production,Fire extinguisher,Operational / Safety Equipment,1,Yes,Common operational support equipment for a animation studio business.
E05291,B0448,Animation Studio,Entertainment,Production,First aid kit,Operational / Safety Equipment,1,Yes,Common operational support equipment for a animation studio business.
E05292,B0448,Animation Studio,Entertainment,Production,Extension board,Operational / Safety Equipment,1,No,Common operational support equipment for a animation studio business.
E05293,B0448,Animation Studio,Entertainment,Production,Surge protector,Operational / Safety Equipment,1,No,Common operational support equipment for a animation studio business.
E05294,B0449,Photography Studio,Entertainment,Production,Fire extinguisher,Operational / Safety Equipment,1,Yes,Common operational support equipment for a photography studio business.
E05295,B0449,Photography Studio,Entertainment,Production,First aid kit,Operational / Safety Equipment,1,Yes,Common operational support equipment for a photography studio business.
E05296,B0449,Photography Studio,Entertainment,Production,Extension board,Operational / Safety Equipment,1,No,Common operational support equipment for a photography studio business.
E05297,B0449,Photography Studio,Entertainment,Production,Surge protector,Operational / Safety Equipment,1,No,Common operational support equipment for a photography studio business.
E05298,B0450,Commercial Production House,Entertainment,Production,Fire extinguisher,Operational / Safety Equipment,1,Yes,Common operational support equipment for a commercial production house business.
E05299,B0450,Commercial Production House,Entertainment,Production,First aid kit,Operational / Safety Equipment,1,Yes,Common operational support equipment for a commercial production house business.
E05300,B0450,Commercial Production House,Entertainment,Production,Extension board,Operational / Safety Equipment,1,No,Common operational support equipment for a commercial production house business.
E05301,B0450,Commercial Production House,Entertainment,Production,Surge protector,Operational / Safety Equipment,1,No,Common operational support equipment for a commercial production house business.
E05302,B0451,Solar Installation Company,Energy,Solar,Fire extinguisher,Operational / Safety Equipment,1,Yes,Common operational support equipment for a solar installation company business.
E05303,B0451,Solar Installation Company,Energy,Solar,First aid kit,Operational / Safety Equipment,1,Yes,Common operational support equipment for a solar installation company business.
E05304,B0451,Solar Installation Company,Energy,Solar,Extension board,Operational / Safety Equipment,1,No,Common operational support equipment for a solar installation company business.
E05305,B0451,Solar Installation Company,Energy,Solar,Surge protector,Operational / Safety Equipment,1,No,Common operational support equipment for a solar installation company business.
E05306,B0452,Solar EPC Company,Energy,Solar,Fire extinguisher,Operational / Safety Equipment,1,Yes,Common operational support equipment for a solar epc company business.
E05307,B0452,Solar EPC Company,Energy,Solar,First aid kit,Operational / Safety Equipment,1,Yes,Common operational support equipment for a solar epc company business.
E05308,B0452,Solar EPC Company,Energy,Solar,Extension board,Operational / Safety Equipment,1,No,Common operational support equipment for a solar epc company business.
E05309,B0452,Solar EPC Company,Energy,Solar,Surge protector,Operational / Safety Equipment,1,No,Common operational support equipment for a solar epc company business.
E05310,B0453,Solar Retailer,Energy,Solar,Fire extinguisher,Operational / Safety Equipment,1,Yes,Common operational support equipment for a solar retailer business.
E05311,B0453,Solar Retailer,Energy,Solar,First aid kit,Operational / Safety Equipment,1,Yes,Common operational support equipment for a solar retailer business.
E05312,B0453,Solar Retailer,Energy,Solar,Extension board,Operational / Safety Equipment,1,No,Common operational support equipment for a solar retailer business.
E05313,B0453,Solar Retailer,Energy,Solar,Surge protector,Operational / Safety Equipment,1,No,Common operational support equipment for a solar retailer business.
E05314,B0454,Solar Maintenance Service,Energy,Solar,Fire extinguisher,Operational / Safety Equipment,1,Yes,Common operational support equipment for a solar maintenance service business.
E05315,B0454,Solar Maintenance Service,Energy,Solar,First aid kit,Operational / Safety Equipment,1,Yes,Common operational support equipment for a solar maintenance service business.
E05316,B0454,Solar Maintenance Service,Energy,Solar,Extension board,Operational / Safety Equipment,1,No,Common operational support equipment for a solar maintenance service business.
E05317,B0454,Solar Maintenance Service,Energy,Solar,Surge protector,Operational / Safety Equipment,1,No,Common operational support equipment for a solar maintenance service business.
E05318,B0455,Solar Farm,Energy,Solar,Fire extinguisher,Operational / Safety Equipment,1,Yes,Common operational support equipment for a solar farm business.
E05319,B0455,Solar Farm,Energy,Solar,First aid kit,Operational / Safety Equipment,1,Yes,Common operational support equipment for a solar farm business.
E05320,B0455,Solar Farm,Energy,Solar,Extension board,Operational / Safety Equipment,1,No,Common operational support equipment for a solar farm business.
E05321,B0455,Solar Farm,Energy,Solar,Surge protector,Operational / Safety Equipment,1,No,Common operational support equipment for a solar farm business.
E05322,B0456,EV Charging Business,Energy,EV,Fire extinguisher,Operational / Safety Equipment,1,Yes,Common operational support equipment for a ev charging business business.
E05323,B0456,EV Charging Business,Energy,EV,First aid kit,Operational / Safety Equipment,1,Yes,Common operational support equipment for a ev charging business business.
E05324,B0456,EV Charging Business,Energy,EV,Extension board,Operational / Safety Equipment,1,No,Common operational support equipment for a ev charging business business.
E05325,B0456,EV Charging Business,Energy,EV,Surge protector,Operational / Safety Equipment,1,No,Common operational support equipment for a ev charging business business.
E05326,B0457,EV Fleet Charging,Energy,EV,Fire extinguisher,Operational / Safety Equipment,1,Yes,Common operational support equipment for a ev fleet charging business.
E05327,B0457,EV Fleet Charging,Energy,EV,First aid kit,Operational / Safety Equipment,1,Yes,Common operational support equipment for a ev fleet charging business.
E05328,B0457,EV Fleet Charging,Energy,EV,Extension board,Operational / Safety Equipment,1,No,Common operational support equipment for a ev fleet charging business.
E05329,B0457,EV Fleet Charging,Energy,EV,Surge protector,Operational / Safety Equipment,1,No,Common operational support equipment for a ev fleet charging business.
E05330,B0458,EV Battery Service,Energy,EV,Fire extinguisher,Operational / Safety Equipment,1,Yes,Common operational support equipment for a ev battery service business.
E05331,B0458,EV Battery Service,Energy,EV,First aid kit,Operational / Safety Equipment,1,Yes,Common operational support equipment for a ev battery service business.
E05332,B0458,EV Battery Service,Energy,EV,Extension board,Operational / Safety Equipment,1,No,Common operational support equipment for a ev battery service business.
E05333,B0458,EV Battery Service,Energy,EV,Surge protector,Operational / Safety Equipment,1,No,Common operational support equipment for a ev battery service business.
E05334,B0459,EV Infrastructure Company,Energy,EV,Fire extinguisher,Operational / Safety Equipment,1,Yes,Common operational support equipment for a ev infrastructure company business.
E05335,B0459,EV Infrastructure Company,Energy,EV,First aid kit,Operational / Safety Equipment,1,Yes,Common operational support equipment for a ev infrastructure company business.
E05336,B0459,EV Infrastructure Company,Energy,EV,Extension board,Operational / Safety Equipment,1,No,Common operational support equipment for a ev infrastructure company business.
E05337,B0459,EV Infrastructure Company,Energy,EV,Surge protector,Operational / Safety Equipment,1,No,Common operational support equipment for a ev infrastructure company business.
E05338,B0460,EV Consultancy,Energy,EV,Fire extinguisher,Operational / Safety Equipment,1,Yes,Common operational support equipment for a ev consultancy business.
E05339,B0460,EV Consultancy,Energy,EV,First aid kit,Operational / Safety Equipment,1,Yes,Common operational support equipment for a ev consultancy business.
E05340,B0460,EV Consultancy,Energy,EV,Extension board,Operational / Safety Equipment,1,No,Common operational support equipment for a ev consultancy business.
E05341,B0460,EV Consultancy,Energy,EV,Surge protector,Operational / Safety Equipment,1,No,Common operational support equipment for a ev consultancy business.
E05342,B0461,Renewable Energy Consultancy,Energy,Renewable,Fire extinguisher,Operational / Safety Equipment,1,Yes,Common operational support equipment for a renewable energy consultancy business.
E05343,B0461,Renewable Energy Consultancy,Energy,Renewable,First aid kit,Operational / Safety Equipment,1,Yes,Common operational support equipment for a renewable energy consultancy business.
E05344,B0461,Renewable Energy Consultancy,Energy,Renewable,Extension board,Operational / Safety Equipment,1,No,Common operational support equipment for a renewable energy consultancy business.
E05345,B0461,Renewable Energy Consultancy,Energy,Renewable,Surge protector,Operational / Safety Equipment,1,No,Common operational support equipment for a renewable energy consultancy business.
E05346,B0462,Wind Energy Service,Energy,Renewable,Fire extinguisher,Operational / Safety Equipment,1,Yes,Common operational support equipment for a wind energy service business.
E05347,B0462,Wind Energy Service,Energy,Renewable,First aid kit,Operational / Safety Equipment,1,Yes,Common operational support equipment for a wind energy service business.
E05348,B0462,Wind Energy Service,Energy,Renewable,Extension board,Operational / Safety Equipment,1,No,Common operational support equipment for a wind energy service business.
E05349,B0462,Wind Energy Service,Energy,Renewable,Surge protector,Operational / Safety Equipment,1,No,Common operational support equipment for a wind energy service business.
E05350,B0463,Biomass Energy Unit,Energy,Renewable,Fire extinguisher,Operational / Safety Equipment,1,Yes,Common operational support equipment for a biomass energy unit business.
E05351,B0463,Biomass Energy Unit,Energy,Renewable,First aid kit,Operational / Safety Equipment,1,Yes,Common operational support equipment for a biomass energy unit business.
E05352,B0463,Biomass Energy Unit,Energy,Renewable,Extension board,Operational / Safety Equipment,1,No,Common operational support equipment for a biomass energy unit business.
E05353,B0463,Biomass Energy Unit,Energy,Renewable,Surge protector,Operational / Safety Equipment,1,No,Common operational support equipment for a biomass energy unit business.
E05354,B0464,Microgrid Company,Energy,Renewable,Fire extinguisher,Operational / Safety Equipment,1,Yes,Common operational support equipment for a microgrid company business.
E05355,B0464,Microgrid Company,Energy,Renewable,First aid kit,Operational / Safety Equipment,1,Yes,Common operational support equipment for a microgrid company business.
E05356,B0464,Microgrid Company,Energy,Renewable,Extension board,Operational / Safety Equipment,1,No,Common operational support equipment for a microgrid company business.
E05357,B0464,Microgrid Company,Energy,Renewable,Surge protector,Operational / Safety Equipment,1,No,Common operational support equipment for a microgrid company business.
E05358,B0465,Clean Energy Startup,Energy,Renewable,Fire extinguisher,Operational / Safety Equipment,1,Yes,Common operational support equipment for a clean energy startup business.
E05359,B0465,Clean Energy Startup,Energy,Renewable,First aid kit,Operational / Safety Equipment,1,Yes,Common operational support equipment for a clean energy startup business.
E05360,B0465,Clean Energy Startup,Energy,Renewable,Extension board,Operational / Safety Equipment,1,No,Common operational support equipment for a clean energy startup business.
E05361,B0465,Clean Energy Startup,Energy,Renewable,Surge protector,Operational / Safety Equipment,1,No,Common operational support equipment for a clean energy startup business.
E05362,B0466,Battery Manufacturing Unit,Energy,Battery,Fire extinguisher,Operational / Safety Equipment,1,Yes,Common operational support equipment for a battery manufacturing unit business.
E05363,B0466,Battery Manufacturing Unit,Energy,Battery,First aid kit,Operational / Safety Equipment,1,Yes,Common operational support equipment for a battery manufacturing unit business.
E05364,B0466,Battery Manufacturing Unit,Energy,Battery,Extension board,Operational / Safety Equipment,1,No,Common operational support equipment for a battery manufacturing unit business.
E05365,B0466,Battery Manufacturing Unit,Energy,Battery,Surge protector,Operational / Safety Equipment,1,No,Common operational support equipment for a battery manufacturing unit business.
E05366,B0467,Battery Recycling Unit,Energy,Battery,Fire extinguisher,Operational / Safety Equipment,1,Yes,Common operational support equipment for a battery recycling unit business.
E05367,B0467,Battery Recycling Unit,Energy,Battery,First aid kit,Operational / Safety Equipment,1,Yes,Common operational support equipment for a battery recycling unit business.
E05368,B0467,Battery Recycling Unit,Energy,Battery,Extension board,Operational / Safety Equipment,1,No,Common operational support equipment for a battery recycling unit business.
E05369,B0467,Battery Recycling Unit,Energy,Battery,Surge protector,Operational / Safety Equipment,1,No,Common operational support equipment for a battery recycling unit business.
E05370,B0468,Battery Service Center,Energy,Battery,Fire extinguisher,Operational / Safety Equipment,1,Yes,Common operational support equipment for a battery service center business.
E05371,B0468,Battery Service Center,Energy,Battery,First aid kit,Operational / Safety Equipment,1,Yes,Common operational support equipment for a battery service center business.
E05372,B0468,Battery Service Center,Energy,Battery,Extension board,Operational / Safety Equipment,1,No,Common operational support equipment for a battery service center business.
E05373,B0468,Battery Service Center,Energy,Battery,Surge protector,Operational / Safety Equipment,1,No,Common operational support equipment for a battery service center business.
E05374,B0469,Energy Storage Company,Energy,Battery,Fire extinguisher,Operational / Safety Equipment,1,Yes,Common operational support equipment for a energy storage company business.
E05375,B0469,Energy Storage Company,Energy,Battery,First aid kit,Operational / Safety Equipment,1,Yes,Common operational support equipment for a energy storage company business.
E05376,B0469,Energy Storage Company,Energy,Battery,Extension board,Operational / Safety Equipment,1,No,Common operational support equipment for a energy storage company business.
E05377,B0469,Energy Storage Company,Energy,Battery,Surge protector,Operational / Safety Equipment,1,No,Common operational support equipment for a energy storage company business.
E05378,B0470,Battery Distribution Business,Energy,Battery,Fire extinguisher,Operational / Safety Equipment,1,Yes,Common operational support equipment for a battery distribution business business.
E05379,B0470,Battery Distribution Business,Energy,Battery,First aid kit,Operational / Safety Equipment,1,Yes,Common operational support equipment for a battery distribution business business.
E05380,B0470,Battery Distribution Business,Energy,Battery,Extension board,Operational / Safety Equipment,1,No,Common operational support equipment for a battery distribution business business.
E05381,B0470,Battery Distribution Business,Energy,Battery,Surge protector,Operational / Safety Equipment,1,No,Common operational support equipment for a battery distribution business business.
E05382,B0471,Energy Audit Firm,Energy,Energy Services,Fire extinguisher,Operational / Safety Equipment,1,Yes,Common operational support equipment for a energy audit firm business.
E05383,B0471,Energy Audit Firm,Energy,Energy Services,First aid kit,Operational / Safety Equipment,1,Yes,Common operational support equipment for a energy audit firm business.
E05384,B0471,Energy Audit Firm,Energy,Energy Services,Extension board,Operational / Safety Equipment,1,No,Common operational support equipment for a energy audit firm business.
E05385,B0471,Energy Audit Firm,Energy,Energy Services,Surge protector,Operational / Safety Equipment,1,No,Common operational support equipment for a energy audit firm business.
E05386,B0472,Energy Efficiency Consultancy,Energy,Energy Services,Fire extinguisher,Operational / Safety Equipment,1,Yes,Common operational support equipment for a energy efficiency consultancy business.
E05387,B0472,Energy Efficiency Consultancy,Energy,Energy Services,First aid kit,Operational / Safety Equipment,1,Yes,Common operational support equipment for a energy efficiency consultancy business.
E05388,B0472,Energy Efficiency Consultancy,Energy,Energy Services,Extension board,Operational / Safety Equipment,1,No,Common operational support equipment for a energy efficiency consultancy business.
E05389,B0472,Energy Efficiency Consultancy,Energy,Energy Services,Surge protector,Operational / Safety Equipment,1,No,Common operational support equipment for a energy efficiency consultancy business.
E05390,B0473,Power Quality Service,Energy,Energy Services,Fire extinguisher,Operational / Safety Equipment,1,Yes,Common operational support equipment for a power quality service business.
E05391,B0473,Power Quality Service,Energy,Energy Services,First aid kit,Operational / Safety Equipment,1,Yes,Common operational support equipment for a power quality service business.
E05392,B0473,Power Quality Service,Energy,Energy Services,Extension board,Operational / Safety Equipment,1,No,Common operational support equipment for a power quality service business.
E05393,B0473,Power Quality Service,Energy,Energy Services,Surge protector,Operational / Safety Equipment,1,No,Common operational support equipment for a power quality service business.
E05394,B0474,Energy Monitoring Company,Energy,Energy Services,Fire extinguisher,Operational / Safety Equipment,1,Yes,Common operational support equipment for a energy monitoring company business.
E05395,B0474,Energy Monitoring Company,Energy,Energy Services,First aid kit,Operational / Safety Equipment,1,Yes,Common operational support equipment for a energy monitoring company business.
E05396,B0474,Energy Monitoring Company,Energy,Energy Services,Extension board,Operational / Safety Equipment,1,No,Common operational support equipment for a energy monitoring company business.
E05397,B0474,Energy Monitoring Company,Energy,Energy Services,Surge protector,Operational / Safety Equipment,1,No,Common operational support equipment for a energy monitoring company business.
E05398,B0475,Electrical Energy Consultancy,Energy,Energy Services,Fire extinguisher,Operational / Safety Equipment,1,Yes,Common operational support equipment for a electrical energy consultancy business.
E05399,B0475,Electrical Energy Consultancy,Energy,Energy Services,First aid kit,Operational / Safety Equipment,1,Yes,Common operational support equipment for a electrical energy consultancy business.
E05400,B0475,Electrical Energy Consultancy,Energy,Energy Services,Extension board,Operational / Safety Equipment,1,No,Common operational support equipment for a electrical energy consultancy business.
E05401,B0475,Electrical Energy Consultancy,Energy,Energy Services,Surge protector,Operational / Safety Equipment,1,No,Common operational support equipment for a electrical energy consultancy business.
E05402,B0476,General Warehouse,Logistics,Warehouse,Fire extinguisher,Operational / Safety Equipment,1,Yes,Common operational support equipment for a general warehouse business.
E05403,B0476,General Warehouse,Logistics,Warehouse,First aid kit,Operational / Safety Equipment,1,Yes,Common operational support equipment for a general warehouse business.
E05404,B0476,General Warehouse,Logistics,Warehouse,Extension board,Operational / Safety Equipment,1,No,Common operational support equipment for a general warehouse business.
E05405,B0476,General Warehouse,Logistics,Warehouse,Surge protector,Operational / Safety Equipment,1,No,Common operational support equipment for a general warehouse business.
E05406,B0477,Cold Storage Warehouse,Logistics,Warehouse,Fire extinguisher,Operational / Safety Equipment,1,Yes,Common operational support equipment for a cold storage warehouse business.
E05407,B0477,Cold Storage Warehouse,Logistics,Warehouse,First aid kit,Operational / Safety Equipment,1,Yes,Common operational support equipment for a cold storage warehouse business.
E05408,B0477,Cold Storage Warehouse,Logistics,Warehouse,Extension board,Operational / Safety Equipment,1,No,Common operational support equipment for a cold storage warehouse business.
E05409,B0477,Cold Storage Warehouse,Logistics,Warehouse,Surge protector,Operational / Safety Equipment,1,No,Common operational support equipment for a cold storage warehouse business.
E05410,B0478,E-commerce Fulfillment Center,Logistics,Warehouse,Fire extinguisher,Operational / Safety Equipment,1,Yes,Common operational support equipment for a e-commerce fulfillment center business.
E05411,B0478,E-commerce Fulfillment Center,Logistics,Warehouse,First aid kit,Operational / Safety Equipment,1,Yes,Common operational support equipment for a e-commerce fulfillment center business.
E05412,B0478,E-commerce Fulfillment Center,Logistics,Warehouse,Extension board,Operational / Safety Equipment,1,No,Common operational support equipment for a e-commerce fulfillment center business.
E05413,B0478,E-commerce Fulfillment Center,Logistics,Warehouse,Surge protector,Operational / Safety Equipment,1,No,Common operational support equipment for a e-commerce fulfillment center business.
E05414,B0479,Distribution Center,Logistics,Warehouse,Fire extinguisher,Operational / Safety Equipment,1,Yes,Common operational support equipment for a distribution center business.
E05415,B0479,Distribution Center,Logistics,Warehouse,First aid kit,Operational / Safety Equipment,1,Yes,Common operational support equipment for a distribution center business.
E05416,B0479,Distribution Center,Logistics,Warehouse,Extension board,Operational / Safety Equipment,1,No,Common operational support equipment for a distribution center business.
E05417,B0479,Distribution Center,Logistics,Warehouse,Surge protector,Operational / Safety Equipment,1,No,Common operational support equipment for a distribution center business.
E05418,B0480,Bonded Warehouse,Logistics,Warehouse,Fire extinguisher,Operational / Safety Equipment,1,Yes,Common operational support equipment for a bonded warehouse business.
E05419,B0480,Bonded Warehouse,Logistics,Warehouse,First aid kit,Operational / Safety Equipment,1,Yes,Common operational support equipment for a bonded warehouse business.
E05420,B0480,Bonded Warehouse,Logistics,Warehouse,Extension board,Operational / Safety Equipment,1,No,Common operational support equipment for a bonded warehouse business.
E05421,B0480,Bonded Warehouse,Logistics,Warehouse,Surge protector,Operational / Safety Equipment,1,No,Common operational support equipment for a bonded warehouse business.
E05422,B0481,Food Delivery Service,Logistics,Delivery,Fire extinguisher,Operational / Safety Equipment,1,Yes,Common operational support equipment for a food delivery service business.
E05423,B0481,Food Delivery Service,Logistics,Delivery,First aid kit,Operational / Safety Equipment,1,Yes,Common operational support equipment for a food delivery service business.
E05424,B0481,Food Delivery Service,Logistics,Delivery,Extension board,Operational / Safety Equipment,1,No,Common operational support equipment for a food delivery service business.
E05425,B0481,Food Delivery Service,Logistics,Delivery,Surge protector,Operational / Safety Equipment,1,No,Common operational support equipment for a food delivery service business.
E05426,B0482,Local Delivery Service,Logistics,Delivery,Fire extinguisher,Operational / Safety Equipment,1,Yes,Common operational support equipment for a local delivery service business.
E05427,B0482,Local Delivery Service,Logistics,Delivery,First aid kit,Operational / Safety Equipment,1,Yes,Common operational support equipment for a local delivery service business.
E05428,B0482,Local Delivery Service,Logistics,Delivery,Extension board,Operational / Safety Equipment,1,No,Common operational support equipment for a local delivery service business.
E05429,B0482,Local Delivery Service,Logistics,Delivery,Surge protector,Operational / Safety Equipment,1,No,Common operational support equipment for a local delivery service business.
E05430,B0483,Medicine Delivery Service,Logistics,Delivery,Fire extinguisher,Operational / Safety Equipment,1,Yes,Common operational support equipment for a medicine delivery service business.
E05431,B0483,Medicine Delivery Service,Logistics,Delivery,First aid kit,Operational / Safety Equipment,1,Yes,Common operational support equipment for a medicine delivery service business.
E05432,B0483,Medicine Delivery Service,Logistics,Delivery,Extension board,Operational / Safety Equipment,1,No,Common operational support equipment for a medicine delivery service business.
E05433,B0483,Medicine Delivery Service,Logistics,Delivery,Surge protector,Operational / Safety Equipment,1,No,Common operational support equipment for a medicine delivery service business.
E05434,B0484,Grocery Delivery Service,Logistics,Delivery,Fire extinguisher,Operational / Safety Equipment,1,Yes,Common operational support equipment for a grocery delivery service business.
E05435,B0484,Grocery Delivery Service,Logistics,Delivery,First aid kit,Operational / Safety Equipment,1,Yes,Common operational support equipment for a grocery delivery service business.
E05436,B0484,Grocery Delivery Service,Logistics,Delivery,Extension board,Operational / Safety Equipment,1,No,Common operational support equipment for a grocery delivery service business.
E05437,B0484,Grocery Delivery Service,Logistics,Delivery,Surge protector,Operational / Safety Equipment,1,No,Common operational support equipment for a grocery delivery service business.
E05438,B0485,B2B Delivery Service,Logistics,Delivery,Fire extinguisher,Operational / Safety Equipment,1,Yes,Common operational support equipment for a b2b delivery service business.
E05439,B0485,B2B Delivery Service,Logistics,Delivery,First aid kit,Operational / Safety Equipment,1,Yes,Common operational support equipment for a b2b delivery service business.
E05440,B0485,B2B Delivery Service,Logistics,Delivery,Extension board,Operational / Safety Equipment,1,No,Common operational support equipment for a b2b delivery service business.
E05441,B0485,B2B Delivery Service,Logistics,Delivery,Surge protector,Operational / Safety Equipment,1,No,Common operational support equipment for a b2b delivery service business.
E05442,B0486,Supply Chain Consultancy,Logistics,Supply Chain,Fire extinguisher,Operational / Safety Equipment,1,Yes,Common operational support equipment for a supply chain consultancy business.
E05443,B0486,Supply Chain Consultancy,Logistics,Supply Chain,First aid kit,Operational / Safety Equipment,1,Yes,Common operational support equipment for a supply chain consultancy business.
E05444,B0486,Supply Chain Consultancy,Logistics,Supply Chain,Extension board,Operational / Safety Equipment,1,No,Common operational support equipment for a supply chain consultancy business.
E05445,B0486,Supply Chain Consultancy,Logistics,Supply Chain,Surge protector,Operational / Safety Equipment,1,No,Common operational support equipment for a supply chain consultancy business.
E05446,B0487,Inventory Management Service,Logistics,Supply Chain,Fire extinguisher,Operational / Safety Equipment,1,Yes,Common operational support equipment for a inventory management service business.
E05447,B0487,Inventory Management Service,Logistics,Supply Chain,First aid kit,Operational / Safety Equipment,1,Yes,Common operational support equipment for a inventory management service business.
E05448,B0487,Inventory Management Service,Logistics,Supply Chain,Extension board,Operational / Safety Equipment,1,No,Common operational support equipment for a inventory management service business.
E05449,B0487,Inventory Management Service,Logistics,Supply Chain,Surge protector,Operational / Safety Equipment,1,No,Common operational support equipment for a inventory management service business.
E05450,B0488,Procurement Service,Logistics,Supply Chain,Fire extinguisher,Operational / Safety Equipment,1,Yes,Common operational support equipment for a procurement service business.
E05451,B0488,Procurement Service,Logistics,Supply Chain,First aid kit,Operational / Safety Equipment,1,Yes,Common operational support equipment for a procurement service business.
E05452,B0488,Procurement Service,Logistics,Supply Chain,Extension board,Operational / Safety Equipment,1,No,Common operational support equipment for a procurement service business.
E05453,B0488,Procurement Service,Logistics,Supply Chain,Surge protector,Operational / Safety Equipment,1,No,Common operational support equipment for a procurement service business.
E05454,B0489,Supply Chain Technology Company,Logistics,Supply Chain,Fire extinguisher,Operational / Safety Equipment,1,Yes,Common operational support equipment for a supply chain technology company business.
E05455,B0489,Supply Chain Technology Company,Logistics,Supply Chain,First aid kit,Operational / Safety Equipment,1,Yes,Common operational support equipment for a supply chain technology company business.
E05456,B0489,Supply Chain Technology Company,Logistics,Supply Chain,Extension board,Operational / Safety Equipment,1,No,Common operational support equipment for a supply chain technology company business.
E05457,B0489,Supply Chain Technology Company,Logistics,Supply Chain,Surge protector,Operational / Safety Equipment,1,No,Common operational support equipment for a supply chain technology company business.
E05458,B0490,Freight Forwarding Service,Logistics,Supply Chain,Fire extinguisher,Operational / Safety Equipment,1,Yes,Common operational support equipment for a freight forwarding service business.
E05459,B0490,Freight Forwarding Service,Logistics,Supply Chain,First aid kit,Operational / Safety Equipment,1,Yes,Common operational support equipment for a freight forwarding service business.
E05460,B0490,Freight Forwarding Service,Logistics,Supply Chain,Extension board,Operational / Safety Equipment,1,No,Common operational support equipment for a freight forwarding service business.
E05461,B0490,Freight Forwarding Service,Logistics,Supply Chain,Surge protector,Operational / Safety Equipment,1,No,Common operational support equipment for a freight forwarding service business.
E05462,B0491,Truck Transport Company,Logistics,Transportation,Fire extinguisher,Operational / Safety Equipment,1,Yes,Common operational support equipment for a truck transport company business.
E05463,B0491,Truck Transport Company,Logistics,Transportation,First aid kit,Operational / Safety Equipment,1,Yes,Common operational support equipment for a truck transport company business.
E05464,B0491,Truck Transport Company,Logistics,Transportation,Extension board,Operational / Safety Equipment,1,No,Common operational support equipment for a truck transport company business.
E05465,B0491,Truck Transport Company,Logistics,Transportation,Surge protector,Operational / Safety Equipment,1,No,Common operational support equipment for a truck transport company business.
E05466,B0492,Mini Truck Service,Logistics,Transportation,Fire extinguisher,Operational / Safety Equipment,1,Yes,Common operational support equipment for a mini truck service business.
E05467,B0492,Mini Truck Service,Logistics,Transportation,First aid kit,Operational / Safety Equipment,1,Yes,Common operational support equipment for a mini truck service business.
E05468,B0492,Mini Truck Service,Logistics,Transportation,Extension board,Operational / Safety Equipment,1,No,Common operational support equipment for a mini truck service business.
E05469,B0492,Mini Truck Service,Logistics,Transportation,Surge protector,Operational / Safety Equipment,1,No,Common operational support equipment for a mini truck service business.
E05470,B0493,Container Transport Company,Logistics,Transportation,Fire extinguisher,Operational / Safety Equipment,1,Yes,Common operational support equipment for a container transport company business.
E05471,B0493,Container Transport Company,Logistics,Transportation,First aid kit,Operational / Safety Equipment,1,Yes,Common operational support equipment for a container transport company business.
E05472,B0493,Container Transport Company,Logistics,Transportation,Extension board,Operational / Safety Equipment,1,No,Common operational support equipment for a container transport company business.
E05473,B0493,Container Transport Company,Logistics,Transportation,Surge protector,Operational / Safety Equipment,1,No,Common operational support equipment for a container transport company business.
E05474,B0494,Intercity Transport Service,Logistics,Transportation,Fire extinguisher,Operational / Safety Equipment,1,Yes,Common operational support equipment for a intercity transport service business.
E05475,B0494,Intercity Transport Service,Logistics,Transportation,First aid kit,Operational / Safety Equipment,1,Yes,Common operational support equipment for a intercity transport service business.
E05476,B0494,Intercity Transport Service,Logistics,Transportation,Extension board,Operational / Safety Equipment,1,No,Common operational support equipment for a intercity transport service business.
E05477,B0494,Intercity Transport Service,Logistics,Transportation,Surge protector,Operational / Safety Equipment,1,No,Common operational support equipment for a intercity transport service business.
E05478,B0495,Fleet Transport Company,Logistics,Transportation,Fire extinguisher,Operational / Safety Equipment,1,Yes,Common operational support equipment for a fleet transport company business.
E05479,B0495,Fleet Transport Company,Logistics,Transportation,First aid kit,Operational / Safety Equipment,1,Yes,Common operational support equipment for a fleet transport company business.
E05480,B0495,Fleet Transport Company,Logistics,Transportation,Extension board,Operational / Safety Equipment,1,No,Common operational support equipment for a fleet transport company business.
E05481,B0495,Fleet Transport Company,Logistics,Transportation,Surge protector,Operational / Safety Equipment,1,No,Common operational support equipment for a fleet transport company business.
E05482,B0496,Last-Mile Delivery Company,Logistics,Last-Mile,Fire extinguisher,Operational / Safety Equipment,1,Yes,Common operational support equipment for a last-mile delivery company business.
E05483,B0496,Last-Mile Delivery Company,Logistics,Last-Mile,First aid kit,Operational / Safety Equipment,1,Yes,Common operational support equipment for a last-mile delivery company business.
E05484,B0496,Last-Mile Delivery Company,Logistics,Last-Mile,Extension board,Operational / Safety Equipment,1,No,Common operational support equipment for a last-mile delivery company business.
E05485,B0496,Last-Mile Delivery Company,Logistics,Last-Mile,Surge protector,Operational / Safety Equipment,1,No,Common operational support equipment for a last-mile delivery company business.
E05486,B0497,Hyperlocal Delivery Service,Logistics,Last-Mile,Fire extinguisher,Operational / Safety Equipment,1,Yes,Common operational support equipment for a hyperlocal delivery service business.
E05487,B0497,Hyperlocal Delivery Service,Logistics,Last-Mile,First aid kit,Operational / Safety Equipment,1,Yes,Common operational support equipment for a hyperlocal delivery service business.
E05488,B0497,Hyperlocal Delivery Service,Logistics,Last-Mile,Extension board,Operational / Safety Equipment,1,No,Common operational support equipment for a hyperlocal delivery service business.
E05489,B0497,Hyperlocal Delivery Service,Logistics,Last-Mile,Surge protector,Operational / Safety Equipment,1,No,Common operational support equipment for a hyperlocal delivery service business.
E05490,B0498,Parcel Pickup Service,Logistics,Last-Mile,Fire extinguisher,Operational / Safety Equipment,1,Yes,Common operational support equipment for a parcel pickup service business.
E05491,B0498,Parcel Pickup Service,Logistics,Last-Mile,First aid kit,Operational / Safety Equipment,1,Yes,Common operational support equipment for a parcel pickup service business.
E05492,B0498,Parcel Pickup Service,Logistics,Last-Mile,Extension board,Operational / Safety Equipment,1,No,Common operational support equipment for a parcel pickup service business.
E05493,B0498,Parcel Pickup Service,Logistics,Last-Mile,Surge protector,Operational / Safety Equipment,1,No,Common operational support equipment for a parcel pickup service business.
E05494,B0499,Route Optimization Service,Logistics,Last-Mile,Fire extinguisher,Operational / Safety Equipment,1,Yes,Common operational support equipment for a route optimization service business.
E05495,B0499,Route Optimization Service,Logistics,Last-Mile,First aid kit,Operational / Safety Equipment,1,Yes,Common operational support equipment for a route optimization service business.
E05496,B0499,Route Optimization Service,Logistics,Last-Mile,Extension board,Operational / Safety Equipment,1,No,Common operational support equipment for a route optimization service business.
E05497,B0499,Route Optimization Service,Logistics,Last-Mile,Surge protector,Operational / Safety Equipment,1,No,Common operational support equipment for a route optimization service business.
E05498,B0500,Delivery Fleet Service,Logistics,Last-Mile,Fire extinguisher,Operational / Safety Equipment,1,Yes,Common operational support equipment for a delivery fleet service business.
E05499,B0500,Delivery Fleet Service,Logistics,Last-Mile,First aid kit,Operational / Safety Equipment,1,Yes,Common operational support equipment for a delivery fleet service business.
E05500,B0500,Delivery Fleet Service,Logistics,Last-Mile,Extension board,Operational / Safety Equipment,1,No,Common operational support equipment for a delivery fleet service business.
E05501,B0500,Delivery Fleet Service,Logistics,Last-Mile,Surge protector,Operational / Safety Equipment,1,No,Common operational support equipment for a delivery fleet service business.
